text,date,user,sentiment,query,true_label,predicted_label,confidence,is_correct,true_label_name,predicted_label_name
i want my best friend,Fri Jun 05 16:24:29 PDT 2009,TurboLisa,0,NO_QUERY,0,0,0.8853612,1,negative,negative
now the cat would like that garden actually if its all cut wood then stag beetles would love it too,Thu Jun 04 09:50:00 PDT 2009,ripplestone,2,NO_QUERY,2,2,0.85915726,1,positive,positive
we are praying for you all may you reach alot of hearts for god,Sun May 31 09:27:17 PDT 2009,goatkeeper7,2,NO_QUERY,2,2,0.86085546,1,positive,positive
does not like the words quotyummyquot and quottastyquot despise them,Mon May 18 06:37:43 PDT 2009,Monistar,0,NO_QUERY,0,0,0.7890264,1,negative,negative
coachella i want to go sing the cure for me,Sat Apr 18 22:37:08 PDT 2009,taniia_r,0,NO_QUERY,0,0,0.65277565,1,negative,negative
is in a communications class with a bunch of undergrads that is gonna cost me for days of class fml,Mon Jun 01 08:26:51 PDT 2009,anbpharmd2b,0,NO_QUERY,0,0,0.8807868,1,negative,negative
im in my room eating some of my moms amazing noodles i know youre jealous,Sun May 17 11:58:04 PDT 2009,Singingirlx10,2,NO_QUERY,2,2,0.6688893,1,positive,positive
y i gotta b talkin bout clubbin y cant i b talkin bout the moviesdinneror just hangin out,Fri May 29 10:57:39 PDT 2009,MSEDITH88,0,NO_QUERY,0,0,0.6081315,1,negative,negative
hiya yes i have rebooted and it still isnt right wondering what is wrong as it was working a couple of weeks agon,Sun May 17 05:15:01 PDT 2009,felicityfuller,0,NO_QUERY,0,0,0.63761747,1,negative,negative
sometimes i enjoy the zoom of my car a little too much,Sat May 30 21:25:29 PDT 2009,beckygudnason,2,NO_QUERY,2,2,0.8594742,1,positive,positive
goo luck for tomorrow sorry i couldnt text back still out of credit,Sat May 30 16:53:14 PDT 2009,wilbo421,0,NO_QUERY,0,0,0.8431337,1,negative,negative
uhm science verrrry boring and long grrr,Sun May 17 11:37:14 PDT 2009,mckyliecooper,0,NO_QUERY,0,0,0.85789937,1,negative,negative
diabetic hubby doesnt trust testing kits that dont puncture,Mon May 18 05:04:52 PDT 2009,ALtieLady,0,NO_QUERY,0,0,0.7659775,1,negative,negative
howz things girlsglad to see ur getting on with things ur gunna be amaze woteva u do xx,Tue Jun 02 03:27:23 PDT 2009,jennyfizz,2,NO_QUERY,2,2,0.8936471,1,positive,positive
getting ready to go to s house yeeee ok ummm yeah we are gonna work on our spanish projectooo wearemakinnflannnn,Sun May 17 11:27:00 PDT 2009,alyssa_paul,2,NO_QUERY,2,2,0.7945791,1,positive,positive
i text u the other day i gets no love r what,Tue Jun 23 17:50:18 PDT 2009,missniqniq,0,NO_QUERY,0,0,0.80997914,1,negative,negative
ok maybe one more to see five am tonight,Sun Jun 07 19:18:53 PDT 2009,justinebennett,2,NO_QUERY,2,2,0.89000654,1,positive,positive
setting up accountsits official noble ones bully breed rescue is now on tweeter now other things will start falling into place,Sun May 17 11:34:58 PDT 2009,nobleonesbbr,2,NO_QUERY,2,2,0.85151976,1,positive,positive
well at least you try ur doin better than me,Tue Jun 02 10:43:35 PDT 2009,VioletsCRUK,2,NO_QUERY,2,2,0.7596746,1,positive,positive
i have work til tomorrow,Mon May 18 03:34:08 PDT 2009,roxiface,0,NO_QUERY,0,0,0.84786785,1,negative,negative
goin to work,Sat Jun 06 05:10:33 PDT 2009,willstrunk,0,NO_QUERY,0,0,0.88122445,1,negative,negative
i didnt know you had a twitter hehe,Sat Jun 06 20:54:51 PDT 2009,xxcupcakerawrxx,2,NO_QUERY,2,2,0.82949746,1,positive,positive
fui fan de ese tweet te am,Sat Jun 06 20:10:35 PDT 2009,MagicMakerDan,2,NO_QUERY,2,2,0.88004774,1,positive,positive
haha felt like a whole afternoon with j,Tue Jun 02 19:09:18 PDT 2009,iAlexaa,2,NO_QUERY,2,2,0.7220571,1,positive,positive
so i heard the fcjc national gathering is coming up oooh fun,Tue Jun 16 01:14:26 PDT 2009,KristineOisKOed,2,NO_QUERY,2,2,0.8648727,1,positive,positive
conan is back,Mon Jun 01 21:01:02 PDT 2009,ameericanaXeyes,2,NO_QUERY,2,2,0.82492614,1,positive,positive
xboxe no apb x infinity,Mon Jun 01 12:25:04 PDT 2009,POJOMOFO,0,NO_QUERY,0,0,0.8932418,1,negative,negative
going to take a shower and then homework,Sun May 03 08:45:58 PDT 2009,lovefrustration,0,NO_QUERY,0,0,0.7093606,1,negative,negative
if only the parties knew what they stood for or would stand for something,Wed Jun 03 05:52:41 PDT 2009,hobogene,2,NO_QUERY,2,2,0.7377417,1,positive,positive
my stomach feels much better after eating yet another bowl of chicken noodle soup,Tue Jun 02 20:53:55 PDT 2009,jvelasquezphx,2,NO_QUERY,2,2,0.62197775,1,positive,positive
sleeping like a baby,Sat May 30 22:15:15 PDT 2009,SaulRdz,2,NO_QUERY,2,2,0.7620102,1,positive,positive
im also still keeping my head above all the rain thats been falling in the past two weeks,Thu Jun 18 13:01:10 PDT 2009,ceetaylor,0,NO_QUERY,0,0,0.71805805,1,negative,negative
fuck yaself or ill do it for you lol,Sat Jun 06 19:54:30 PDT 2009,DoraThaExplorer,2,NO_QUERY,2,2,0.65960693,1,positive,positive
is resting her eyes,Tue Jun 16 00:44:20 PDT 2009,sarahymlee,2,NO_QUERY,2,2,0.54661375,1,positive,positive
my spinach pie only turned out so so,Sat Jun 06 15:36:02 PDT 2009,Bscottyberg,0,NO_QUERY,0,0,0.82053494,1,negative,negative
tried oprahs free unfried kfc and loved it i went back for another try and topped it with boba and wolverinechilled with popedaveben,Sun May 10 00:06:48 PDT 2009,0melvin,2,NO_QUERY,2,2,0.88568836,1,positive,positive
erm meat im not really sure ill get all the salads ready and drinks etc its not shaping up to be the best day,Sat Jun 06 00:59:49 PDT 2009,NancyPotter1,0,NO_QUERY,0,0,0.8155053,1,negative,negative
im reading and then hitting the sack,Sun May 10 21:16:52 PDT 2009,PopTart91,2,NO_QUERY,2,2,0.83929133,1,positive,positive
thats mean,Thu May 28 21:15:42 PDT 2009,xxxSupermodel,0,NO_QUERY,0,0,0.66781676,1,negative,negative
is in the studio with mattdoing something for my new song well it might turn into one la is really hot i need summer clothing,Sun May 10 09:34:30 PDT 2009,cyrusmiley9,2,NO_QUERY,2,2,0.7748819,1,positive,positive
hi you know im right now on ebay looking for electronics and tech gadgets,Wed Jun 03 04:07:20 PDT 2009,cindyclarkk,2,NO_QUERY,2,2,0.865234,1,positive,positive
i saw you guys today me and my friends were freaking outt aaaaaaahhh you guys are such good people,Sat May 30 20:18:47 PDT 2009,mepluscjz,2,NO_QUERY,2,2,0.8135898,1,positive,positive
starting to play my warrior again going for loremaster no raiding for six weeks though,Sun May 17 23:48:53 PDT 2009,WukkiUkki,0,NO_QUERY,0,0,0.616442,1,negative,negative
im almost positive that lebron james is not completely human take that,Thu May 28 20:48:27 PDT 2009,_EKu_,2,NO_QUERY,2,2,0.6703527,1,positive,positive
so colddddd and rainy but i like it p,Mon May 18 00:31:52 PDT 2009,HolleebH,0,NO_QUERY,0,0,0.6557857,1,negative,negative
why limit your story to ch tell all what is annoying you at,Sat Jun 06 08:59:54 PDT 2009,what_bugs_u,2,NO_QUERY,2,2,0.68634087,1,positive,positive
i want to learn how to swin dont know how but i did shower hehe my caddy is not a good swin coach hahnaa,Sat May 30 11:35:23 PDT 2009,YaniTseng,0,NO_QUERY,0,0,0.859187,1,negative,negative
just kidding i love you,Fri May 29 22:00:17 PDT 2009,lalala_lidya,2,NO_QUERY,2,2,0.85154325,1,positive,positive
my banana diet now includes banana bread flavored oatmeal,Sat Jun 06 13:35:19 PDT 2009,johnlangjr,2,NO_QUERY,2,2,0.8810049,1,positive,positive
your birthday even,Mon Jun 15 07:29:50 PDT 2009,Mr_Spong,2,NO_QUERY,2,2,0.74455535,1,positive,positive
i have to choose between and on sunday and wins im shattered why cant i be healthy enough to go to both,Fri May 29 01:07:28 PDT 2009,kasemc,0,NO_QUERY,0,0,0.8010246,1,negative,negative
sitting laptop in position at mercedes while they juke around with my smart ltparse that i dare ya,Mon Jun 15 09:56:11 PDT 2009,shannatrenholm,2,NO_QUERY,2,2,0.7476269,1,positive,positive
oh really a yay haha and aww you guys look close there i bet she will,Sat May 16 20:55:00 PDT 2009,archangelmaggie,2,NO_QUERY,2,2,0.81102264,1,positive,positive
okay so now im heading off to sleep goodnight all,Sun May 31 06:39:43 PDT 2009,mismee,2,NO_QUERY,2,2,0.87030995,1,positive,positive
lalalala ahlalala hv u evr heard this song itz so cool song i like it i feel so untouched,Sat May 30 18:26:09 PDT 2009,FallaRohmah,2,NO_QUERY,2,2,0.8926298,1,positive,positive
happy birthday lets not reveal who was the most venerable in the room,Sun May 03 03:17:27 PDT 2009,brampitoyo,2,NO_QUERY,2,2,0.89331543,1,positive,positive
sure thing kel you must of partied way to much at pops bbq shoot ill even give you,Mon Jun 15 04:24:28 PDT 2009,graceslick91,2,NO_QUERY,2,2,0.8054226,1,positive,positive
tongue tied at the crucial moments get help from one who knows,Sat May 30 02:39:18 PDT 2009,whitsundays,2,NO_QUERY,2,2,0.8101387,1,positive,positive
i rly need a computer in my room so i can participate with chats and suchmobile stickam only lets you watch the main screen not chat,Fri Jun 19 00:21:56 PDT 2009,sierraohh,0,NO_QUERY,0,0,0.82985187,1,negative,negative
the year i dont,Sun May 31 13:16:51 PDT 2009,listenmissy,0,NO_QUERY,0,0,0.6309417,1,negative,negative
i think its worth every penny when it comes to cameras,Mon Jun 01 17:25:54 PDT 2009,xoxoJL,2,NO_QUERY,2,2,0.82803935,1,positive,positive
is on his way to college on his day off death to getting in shows by force of good will only,Mon Jun 15 01:06:04 PDT 2009,hiscocks,0,NO_QUERY,0,0,0.6455165,1,negative,negative
gonna get some beauty rest amp dream about mr handsome more days,Tue Jun 16 00:26:15 PDT 2009,ohdichi,2,NO_QUERY,2,2,0.8648472,1,positive,positive
after you buy me a new foot pedal mine broke,Thu Jun 18 11:06:27 PDT 2009,sajeh,0,NO_QUERY,0,0,0.8989294,1,negative,negative
scream is on bbc its just started,Sat May 30 15:19:56 PDT 2009,ChrisHFilms,2,NO_QUERY,2,2,0.7831232,1,positive,positive
i dont want to fall asleep cause then it would be tomorrow,Sat Jun 06 21:56:22 PDT 2009,annemul,0,NO_QUERY,0,0,0.817245,1,negative,negative
theyre still falling its so ez for u n itll pass in no time for me its ever idk if u kno or even understand how im feelin rite now,Fri May 01 22:10:22 PDT 2009,SashiGamali,0,NO_QUERY,0,0,0.73558766,1,negative,negative
tryna rob me niqqa im pinky niqqa whats up,Sun Jun 14 22:51:56 PDT 2009,missfyared,2,NO_QUERY,2,2,0.6606129,1,positive,positive
that sure is good for the soul but adults laughing is just as good for me we dont do it nearly enough,Sat Jun 06 11:33:30 PDT 2009,Kips206,2,NO_QUERY,2,2,0.7601421,1,positive,positive
can lebron do it can he force a game and save cleveland a summer of shame history says no,Sat May 30 14:02:31 PDT 2009,DadOfFiveKidz,0,NO_QUERY,0,0,0.7638308,1,negative,negative
turns out i am a decent griller who knew,Mon Jun 01 16:59:04 PDT 2009,BrittanyKaley,2,NO_QUERY,2,2,0.7735729,1,positive,positive
says dammit its almost the end of summer,Sat May 02 06:16:57 PDT 2009,mannequinn_,0,NO_QUERY,0,0,0.7998743,1,negative,negative
rains pouring again good thing im just gonna stay at home,Tue Jun 02 01:12:48 PDT 2009,happylovesChuck,2,NO_QUERY,2,2,0.5363194,1,positive,positive
look forward to your tweets i love working and thinking for a better tomorrow,Sun May 03 03:11:42 PDT 2009,soulfubeauty,2,NO_QUERY,2,2,0.8842221,1,positive,positive
heard tees interview on radio nz time flew,Sat Jun 06 15:05:50 PDT 2009,jeanettemarsh,2,NO_QUERY,2,2,0.894862,1,positive,positive
no although she was awesome i already have too many here she needed a good home where she could be queen,Thu Jun 25 09:12:36 PDT 2009,K_MacFarlane,0,NO_QUERY,0,0,0.5562244,1,negative,negative
dont want to grow up want to stay in my own deluded and isolated world forever,Wed Jun 17 00:02:30 PDT 2009,ombrophilia,0,NO_QUERY,0,0,0.8718862,1,negative,negative
im so tired im so paranoid cuz my dad said quotthis is your last day of relaxingquot and i looked at the schedule i have intense volleyball,Sun Jun 21 06:20:45 PDT 2009,DaniellaFTW,0,NO_QUERY,0,0,0.708336,1,negative,negative
i was responding to both phallus meat hotdog plus shut up,Wed Jun 03 06:42:33 PDT 2009,Magdalena_13,2,NO_QUERY,2,2,0.84824693,1,positive,positive
wisdom teeth out today would rather die,Tue Jun 16 08:42:38 PDT 2009,GloomyJenMen,0,NO_QUERY,0,0,0.64346594,1,negative,negative
hours of general studiesit takes the piss even more than my answers revision time now ow,Mon Jun 15 04:45:54 PDT 2009,elle20,0,NO_QUERY,0,0,0.759873,1,negative,negative
it was sad but the ending was nice i love how the pictures were placed,Wed Jun 17 19:55:50 PDT 2009,Emiilyy,0,NO_QUERY,0,0,0.5513576,1,negative,negative
oh boy its gonna be one of those days again,Thu Jun 18 09:57:11 PDT 2009,Shauntastic,0,NO_QUERY,0,0,0.5937513,1,negative,negative
i cant sleep im so fucked love you lt,Tue Jun 02 20:21:35 PDT 2009,3sixty5days,0,NO_QUERY,0,0,0.77403164,1,negative,negative
we seem to have three extra tickets for the oasis blokefest a week on friday anyone want them dm me or whatever,Mon Jun 01 02:03:56 PDT 2009,webstl,2,NO_QUERY,2,2,0.57981557,1,positive,positive
i hear cats fighting outside how come i never see awesome stuff like that when im actually outside,Tue Jun 16 00:00:07 PDT 2009,matto_dingo,0,NO_QUERY,0,0,0.63350797,1,negative,negative
wuaaah we have strawberries at home,Sun May 17 06:16:34 PDT 2009,violahou,2,NO_QUERY,2,2,0.83701795,1,positive,positive
dory walked out of her room and said mom do not come in here i am not kidding you will die it is such a messgreat tomorrow right,Sun Jun 07 19:55:37 PDT 2009,Momto3blessings,0,NO_QUERY,0,0,0.79632384,1,negative,negative
you the fucking best ohhhhh drake u know it,Sun May 31 12:40:41 PDT 2009,IzazMusic,2,NO_QUERY,2,2,0.8309667,1,positive,positive
followers,Sun May 31 03:40:18 PDT 2009,twliciousness,2,NO_QUERY,2,2,0.8835494,1,positive,positive
makep timee,Sat May 30 15:27:35 PDT 2009,haleydinh,2,NO_QUERY,2,2,0.84902894,1,positive,positive
drive fast when works finished want you to come home feel really ill in an actual imighthaveavirus way,Thu Jun 25 06:49:47 PDT 2009,June_Bear,0,NO_QUERY,0,0,0.67377746,1,negative,negative
ah finished my paper,Sun Jun 07 17:38:08 PDT 2009,HeroesROverWith,2,NO_QUERY,2,2,0.7884422,1,positive,positive
she didnt know about the kitty so were safe she has a dog she loves and a fish she adores it was more me,Tue Apr 07 08:25:41 PDT 2009,EvelynErives,2,NO_QUERY,2,2,0.7046071,1,positive,positive
the technology is rebelling against me this week xbox red ring of death iphone upgrade fail sql quotquirksquot,Fri Jun 19 11:44:43 PDT 2009,mginn82,0,NO_QUERY,0,0,0.7868585,1,negative,negative
oooh what a purty day,Sat May 02 06:42:55 PDT 2009,toniriales,2,NO_QUERY,2,2,0.82467955,1,positive,positive
keep the kids in a sterile room and have them do online classes that should solve a lot of problems,Fri May 29 10:23:59 PDT 2009,JRU_1962,2,NO_QUERY,2,2,0.53040844,1,positive,positive
i cant wait til adree turns last left,Sun Jun 07 13:52:10 PDT 2009,NezValenzuela,2,NO_QUERY,2,2,0.614002,1,positive,positive
i just want to say hello im around,Sun Jun 07 02:42:31 PDT 2009,maybe742,2,NO_QUERY,2,2,0.7700161,1,positive,positive
yahhh dar u missed the announcement dan jg hr trakhir bareng b,Fri Jun 19 20:45:10 PDT 2009,annamols,0,NO_QUERY,0,0,0.8553625,1,negative,negative
time for sleep,Sun Jun 07 01:58:06 PDT 2009,sucrebonbon,2,NO_QUERY,2,2,0.79791296,1,positive,positive
at least were dying together suhweet xd,Sun Jun 07 04:12:32 PDT 2009,iAd0rkable,2,NO_QUERY,2,2,0.55111194,1,positive,positive
why does nobody smile on the vegas strip its the town of the frown,Thu Jun 18 14:22:38 PDT 2009,stephensteger,0,NO_QUERY,0,0,0.847076,1,negative,negative
nadals four years of victorys gone,Mon Jun 01 08:02:47 PDT 2009,itspaigepenales,0,NO_QUERY,0,0,0.8343097,1,negative,negative
i was thinking that stable was more important too awesome that youre about down with on the fly,Sat May 30 17:28:58 PDT 2009,AtlantisJackson,2,NO_QUERY,2,2,0.8978741,1,positive,positive
not really the house drummer is there every week but sometimes other drummers show up not this time but it will happen,Mon May 11 22:48:17 PDT 2009,TySeale,2,NO_QUERY,2,2,0.5162536,1,positive,positive
i heard that was considering eating her grasshoppers,Sun May 17 23:12:21 PDT 2009,shih_wei,2,NO_QUERY,2,2,0.6629888,1,positive,positive
haha gatorade sounds good right now they serve it in the gym after pe but i dont have pe today,Mon May 04 06:28:43 PDT 2009,kea8896,0,NO_QUERY,0,0,0.7483131,1,negative,negative
no its confirmed the dates not set yet but it will be near utrecht,Tue Jun 16 06:50:47 PDT 2009,xxAnouk,2,NO_QUERY,2,2,0.521875,1,positive,positive
cant wait detroit needs some ztrip right about now,Fri May 22 04:54:24 PDT 2009,samaman,2,NO_QUERY,2,2,0.7464575,1,positive,positive
what should i do today i think ill ride to the shops and get a smoothie then walk my dog what a boring day,Fri Jun 19 18:02:33 PDT 2009,sophie267,0,NO_QUERY,0,0,0.5688077,1,negative,negative
just did a past paper only to find out you cant get the mark scheme for it any more,Sun May 31 06:18:53 PDT 2009,orribull,0,NO_QUERY,0,0,0.7876468,1,negative,negative
i want a new bedrepaint my room get a proper bookshelf etc,Wed Jun 17 23:53:57 PDT 2009,meing,0,NO_QUERY,0,0,0.7153371,1,negative,negative
oh god i cant believe it thank you,Tue May 26 21:17:05 PDT 2009,valejoan,2,NO_QUERY,2,2,0.8917033,1,positive,positive
yes i can imagine that would be a prolem,Sat Jun 06 14:59:55 PDT 2009,dragontart,2,NO_QUERY,2,2,0.8176354,1,positive,positive
because i dont have a fancy hat and a ticket,Mon May 18 05:30:27 PDT 2009,dineanddashed,0,NO_QUERY,0,0,0.798053,1,negative,negative
gahhh hiccups,Fri Jun 05 21:39:01 PDT 2009,SamiCappola,0,NO_QUERY,0,0,0.5842453,1,negative,negative
i am sitting wishing it was nice out to tanbut no,Sun Jun 07 06:25:07 PDT 2009,xoxohezxo92,0,NO_QUERY,0,0,0.8724982,1,negative,negative
isss in topeka kansas and leaving back for texass tomorrow morning,Sat Jun 20 11:50:59 PDT 2009,AlwaysWright2,0,NO_QUERY,0,0,0.6961437,1,negative,negative
why dont things open early so i can get stuff done,Fri May 22 06:44:45 PDT 2009,saegizi,0,NO_QUERY,0,0,0.7102691,1,negative,negative
fully taboolie tired writing the next chapter of quoti dont want to fall in love ltquot possibly my favourite story,Sun May 17 03:45:56 PDT 2009,parisastone,2,NO_QUERY,2,2,0.7867217,1,positive,positive
i miss the way he talk to me on the phone he drive the car he smoke he laugh and many many things i cant find in this hell,Fri Jun 05 22:46:28 PDT 2009,pinkadelalala,0,NO_QUERY,0,0,0.83679277,1,negative,negative
yes we do,Sat May 16 20:14:07 PDT 2009,emersonanomia,2,NO_QUERY,2,2,0.8442309,1,positive,positive
soooooo tirrrrrred and my buzzzz is dyinggg its gonna be even hotter tomorrow whoooooooo nighttt,Sun May 17 01:30:54 PDT 2009,PapiChulaa,0,NO_QUERY,0,0,0.7498336,1,negative,negative
hmmm you might be right but i want reaaal uplifting trance,Sat Apr 18 09:56:59 PDT 2009,djcodey,2,NO_QUERY,2,2,0.5583659,1,positive,positive
fun but i had to leave early for doctors appointment definitely hoping to go to entire thing next year amazing group of ppl,Wed Jun 17 20:34:37 PDT 2009,piawaugh,0,NO_QUERY,0,0,0.72949696,1,negative,negative
if youre lucky enough to be different from everybody else dont change,Tue Jun 16 08:36:51 PDT 2009,marialugo,2,NO_QUERY,2,2,0.8458287,1,positive,positive
feel a restless night coming on stupid hayfever,Wed Jun 17 15:26:28 PDT 2009,claire_j_89,0,NO_QUERY,0,0,0.8884722,1,negative,negative
you still on if you were here i really need a hugg,Fri Jun 19 20:19:33 PDT 2009,_CatherineElyse,0,NO_QUERY,0,0,0.6491607,1,negative,negative
thats what the dvr is for,Sun May 31 19:17:16 PDT 2009,devlin745,2,NO_QUERY,2,2,0.83825296,1,positive,positive
pj stock kelly hrudey gtgt mike milbury pierre mcguire no contest cbc is yummier for once,Sat May 02 10:53:14 PDT 2009,magicmittens,2,NO_QUERY,2,2,0.55708945,1,positive,positive
yearz passed now hez married and i grew up and he started looking at me i had to leave the church but errbody wanted the dp,Sun Jun 07 08:55:44 PDT 2009,MTVnHollyWEST23,0,NO_QUERY,0,0,0.7573801,1,negative,negative
i go to spain on june th and think we should try to meet up at some point,Sat May 30 09:41:48 PDT 2009,ryi621,2,NO_QUERY,2,2,0.8393404,1,positive,positive
glad life isnt a chatroom because then we would all be horny creepy rude and fat,Sun Jun 14 23:40:00 PDT 2009,tpark18,2,NO_QUERY,2,2,0.5163677,1,positive,positive
no thanks got my own cos im always drooling over him,Sun Jun 07 02:34:07 PDT 2009,IndieTashi,2,NO_QUERY,2,2,0.8276581,1,positive,positive
bet on anything betfair get cashback if you lose thats a win win situation,Tue Apr 21 03:01:57 PDT 2009,FA_Cup_Bets,2,NO_QUERY,2,2,0.88370365,1,positive,positive
the adrenaline rush while trying to get it,Thu May 28 23:04:45 PDT 2009,ichigo_han,2,NO_QUERY,2,2,0.52293354,1,positive,positive
yep leuke search in wolframalpha is bv voor alle alphas onder ons,Wed Jun 03 06:00:27 PDT 2009,Ceoceo,2,NO_QUERY,2,2,0.7444595,1,positive,positive
i just got home,Sat Apr 18 22:27:24 PDT 2009,TereWontStop,2,NO_QUERY,2,2,0.6462432,1,positive,positive
ok twitterbugssss i guess ill be back later to watch my sexy danceeee ll jk ill be back maybeeee,Sat Jun 06 15:54:30 PDT 2009,babytaco,2,NO_QUERY,2,2,0.85335124,1,positive,positive
if your name is quotaccountingquot then come over here cause im kickin your ass hahaha,Fri May 29 16:00:14 PDT 2009,VioletFiori,2,NO_QUERY,2,2,0.89437485,1,positive,positive
having headache cuz not enough sleep katsu kept meowing even when he half asleep since last night crybaby noisy boy,Tue Jun 16 01:48:15 PDT 2009,moi_luvutu,0,NO_QUERY,0,0,0.77460927,1,negative,negative
i got a speeding ticket in a mph,Sat Jun 20 20:52:21 PDT 2009,luluhears,0,NO_QUERY,0,0,0.6403562,1,negative,negative
infos and i can only do selected tasks as well for this site outrageous cant enjoy because of that,Sat Jun 20 06:35:41 PDT 2009,shanellaneza,0,NO_QUERY,0,0,0.7654111,1,negative,negative
happy fathers day to all good dads espesh mine lt,Tue Jun 16 05:40:35 PDT 2009,lindac09,2,NO_QUERY,2,2,0.8899155,1,positive,positive
agreed which is why so unethical for schools to use classroom for indoctrination teachers did that me since grd school,Sun May 03 08:50:31 PDT 2009,reverielarke,0,NO_QUERY,0,0,0.63081056,1,negative,negative
we are going to miss you then lol,Sat Jun 06 23:48:31 PDT 2009,IDIOT_1,0,NO_QUERY,0,0,0.89466166,1,negative,negative
im back and better than ever,Fri May 29 14:30:09 PDT 2009,AutumnRayn,2,NO_QUERY,2,2,0.8764656,1,positive,positive
howdy twitter currency exchange between uk and america at the moment is poo vegas is looking more and more expensive,Mon Jun 15 00:16:09 PDT 2009,Lacey_Lou,0,NO_QUERY,0,0,0.8302856,1,negative,negative
growing my businedd with about leads a day you can learn too at,Mon Jun 01 06:40:29 PDT 2009,MLMWorksGreat,2,NO_QUERY,2,2,0.8825656,1,positive,positive
is so happy that it is the last day of classes but more days of exams,Wed Jun 03 04:01:30 PDT 2009,sasha123456789,2,NO_QUERY,2,2,0.5406076,1,positive,positive
had the best dream ever all the spice girls came over for a dinner party and they dressed up in their old clothes especially for me,Sun May 03 02:06:43 PDT 2009,sammarshall20,2,NO_QUERY,2,2,0.8492691,1,positive,positive
says gianty oolll ddddooonnngggg,Sat Jun 20 03:23:46 PDT 2009,Astridawzki,0,NO_QUERY,0,0,0.5331901,1,negative,negative
hahah tell me gina why is that,Sat May 16 20:44:34 PDT 2009,robbbinnnn,2,NO_QUERY,2,2,0.5513047,1,positive,positive
yup i could use a break i know you could too sucks i only get one week vacation a year,Mon Jun 01 21:06:41 PDT 2009,Jae_1124,0,NO_QUERY,0,0,0.8418024,1,negative,negative
i think its all the fake foods amp chemicals weve made amp consume that have made so many people suffer for just breathing,Mon Jun 01 11:11:43 PDT 2009,chelliemo,0,NO_QUERY,0,0,0.840565,1,negative,negative
off to rehearsals,Thu May 14 03:11:58 PDT 2009,maanfara,2,NO_QUERY,2,2,0.69268113,1,positive,positive
running late but beautiful sunrise i hope its foretelling of the day have a good one,Mon Apr 20 05:19:02 PDT 2009,beckster94,2,NO_QUERY,2,2,0.86157393,1,positive,positive
its pretty disheartening how blue the map is looking,Fri Jun 05 08:40:00 PDT 2009,willwybrow,0,NO_QUERY,0,0,0.81105083,1,negative,negative
wow have funi wish i could go to the warped tour this summer but i cant i hope to see u in concert soon luv katelyn,Fri May 29 18:09:14 PDT 2009,ac4kc,0,NO_QUERY,0,0,0.8832678,1,negative,negative
finally in the bed after bein at work allllll effin night geesh my legs are throbbin,Sun May 17 03:36:09 PDT 2009,Melhunter0808,0,NO_QUERY,0,0,0.7713863,1,negative,negative
i live in oxford you and dougie should come and live here haha good luck for tonight btw wish i could come i dont,Fri Jun 05 09:32:59 PDT 2009,Rachhy,0,NO_QUERY,0,0,0.7328828,1,negative,negative
just finished watching my sons all star baseball team play parlier they lost big,Sat Jun 06 12:10:10 PDT 2009,InloveWithLaura,0,NO_QUERY,0,0,0.8723703,1,negative,negative
i want to bottle todays weather and keep it on file for july th brickyard dayjust beautiful clear blue sky and,Sun May 17 11:51:30 PDT 2009,WovenDimensions,2,NO_QUERY,2,2,0.8083167,1,positive,positive
just put my phone to charge after it died twitterfon did some optimization and now it has an ad,Sat May 30 00:50:05 PDT 2009,DannysUltimatum,0,NO_QUERY,0,0,0.62043303,1,negative,negative
ha the easiest names often cause the biggest probs rains for instance is apparently a killer to spell,Fri May 29 22:10:19 PDT 2009,lindarains,2,NO_QUERY,2,2,0.5719807,1,positive,positive
guess its time to go to work now at least its friday,Fri May 22 05:08:18 PDT 2009,TigMH,0,NO_QUERY,0,0,0.7807874,1,negative,negative
can finally get a phone that works in a few weeks,Mon Jun 15 04:16:11 PDT 2009,Jess_H336,2,NO_QUERY,2,2,0.867956,1,positive,positive
had a damn fine weekend working at wychwood and made some lovely new friends and had a nice long leer at gruff rhys,Tue Jun 02 04:41:42 PDT 2009,OhOkapia,2,NO_QUERY,2,2,0.8748516,1,positive,positive
i am supposed to sleep im going out tomorrow at am so deadzxzz,Sun May 31 11:56:05 PDT 2009,Farrahri,0,NO_QUERY,0,0,0.8685948,1,negative,negative
sorry false alarm youre my mr daaaaaaarcy and is your elizabeth bennet but ii should b ur eliza dont,Mon Jun 22 15:33:02 PDT 2009,georginaisback,0,NO_QUERY,0,0,0.5670648,1,negative,negative
is doing nothing studying actually,Tue Jun 02 16:44:52 PDT 2009,sofjb,0,NO_QUERY,0,0,0.7902328,1,negative,negative
morning its friday evening here,Fri Jun 05 15:39:52 PDT 2009,yellowscone,2,NO_QUERY,2,2,0.7653913,1,positive,positive
so distracted by twitter youtube when i reaaaaaaally should be studying for my double exam tomr ahh,Wed Jun 17 19:01:38 PDT 2009,elizzybee,0,NO_QUERY,0,0,0.6922484,1,negative,negative
if it gave up on either youd be fucked lol sorry ur having car trouble it makes life so depressing,Sun May 31 15:59:25 PDT 2009,lessthanthreeme,0,NO_QUERY,0,0,0.87233925,1,negative,negative
shut up no seriouslyi said justin who is jj so i didnt really repeat lolso i called himthanks for understanding,Sun Jun 07 11:00:40 PDT 2009,JBnVFCLover786,2,NO_QUERY,2,2,0.5105777,1,positive,positive
butthead choco truffles chinas chocolates have been crappy so far or way too overpriced for the best ones shaaat,Sat May 30 08:36:46 PDT 2009,starkc,0,NO_QUERY,0,0,0.75721973,1,negative,negative
lol i was wondering if you were watching too,Mon Jun 01 21:53:45 PDT 2009,joannaoh,2,NO_QUERY,2,2,0.7551493,1,positive,positive
eh ill be a bit lateish can you send our surveys for printing copies,Wed Jun 03 00:21:40 PDT 2009,kiryne,2,NO_QUERY,2,2,0.6774885,1,positive,positive
yea but we lost the game last night,Thu Jun 18 09:48:51 PDT 2009,garyladhar,0,NO_QUERY,0,0,0.82657313,1,negative,negative
ah i woke up with a pain in my knee will i over be able play the piano again,Mon May 11 23:17:40 PDT 2009,elmobytes,0,NO_QUERY,0,0,0.8597748,1,negative,negative
yay jonas comes out may ahhh im so xcited,Sat Apr 18 22:37:45 PDT 2009,corina6941,2,NO_QUERY,2,2,0.7972397,1,positive,positive
youre coloring your hair pinkor did you just want to know what you were doing wrong with your application,Sat Jun 06 23:45:41 PDT 2009,tobint,2,NO_QUERY,2,2,0.60811144,1,positive,positive
im surprised you didnt find my post to be sarcastic im with you i didnt take it the wrong way quotshaaaaaaaawdyquot,Sat May 30 16:22:18 PDT 2009,KidCalloway,2,NO_QUERY,2,2,0.5909273,1,positive,positive
twitter is addicting tho xx,Sun May 31 02:42:38 PDT 2009,Rebekah_McFly,2,NO_QUERY,2,2,0.6870464,1,positive,positive
i hope its not me,Fri Jun 05 19:07:03 PDT 2009,MsAmeliaBadila,0,NO_QUERY,0,0,0.88562095,1,negative,negative
i couldnt comment yesterday,Thu Jun 18 09:52:22 PDT 2009,visheshunni,0,NO_QUERY,0,0,0.6323544,1,negative,negative
omgosh davids in the trending topics now,Wed May 13 23:21:23 PDT 2009,CandiceKei,2,NO_QUERY,2,2,0.85230166,1,positive,positive
dw bub i had the shittest night at work it was cause i wasnt there you would of been awesome love xoxo lt,Mon Apr 20 04:54:29 PDT 2009,torilovesbradie,0,NO_QUERY,0,0,0.590052,1,negative,negative
up reaaally sunny day activities week this week today were going to lock mick xx,Sun May 31 23:17:20 PDT 2009,Kelly_McFLY33,2,NO_QUERY,2,2,0.8156168,1,positive,positive
to him have you forgotten me after not talking for almost a month,Mon Jun 15 05:20:12 PDT 2009,lmk,0,NO_QUERY,0,0,0.8137102,1,negative,negative
iphone is the best phone had all of them also sorry,Mon May 11 22:16:53 PDT 2009,screamyel,0,NO_QUERY,0,0,0.7029769,1,negative,negative
as with any doc your copay for me depends on your deductible,Sat May 16 22:15:07 PDT 2009,doctorious,2,NO_QUERY,2,2,0.8282317,1,positive,positive
gossip girl tonight,Mon Jun 01 23:38:34 PDT 2009,Staceeeeey,2,NO_QUERY,2,2,0.8820739,1,positive,positive
mite have the flu watching snl on e entertainment,Sat Apr 18 22:02:22 PDT 2009,GiiNADiiNAx319,0,NO_QUERY,0,0,0.88843966,1,negative,negative
unusual maybe but not narcissistic at all,Sat May 30 03:59:55 PDT 2009,planetchuckie,2,NO_QUERY,2,2,0.6256493,1,positive,positive
not from where i am sat in a datacentre in greenford there not more nora batties stockings from the cleaner,Tue Jun 02 05:53:51 PDT 2009,drjedgar,0,NO_QUERY,0,0,0.67330235,1,negative,negative
got a paper cut from a piece of cardboard and it stings like hell,Sun May 03 03:59:18 PDT 2009,natashasaurus,0,NO_QUERY,0,0,0.8821191,1,negative,negative
my ears are ringing im so tired but i dont wanna sleep tonight was fun had a good time,Sat May 30 07:02:19 PDT 2009,SQUASCHOOM,0,NO_QUERY,0,0,0.5174274,1,negative,negative
well im off to cleanyep it never ends tweet soon,Sun May 31 17:44:22 PDT 2009,Gemleo25,2,NO_QUERY,2,2,0.79061,1,positive,positive
off to the grocery store no more veggies at home,Fri May 22 05:29:33 PDT 2009,Ania2386,0,NO_QUERY,0,0,0.87039423,1,negative,negative
oooh he he idk omg im gonna end up going to britney alone,Wed Jun 17 19:52:09 PDT 2009,JoshuaDG,0,NO_QUERY,0,0,0.7598797,1,negative,negative
h que preguia vou ver the lost world bjs quero ver fastlane poa,Mon Jun 15 10:57:25 PDT 2009,geehx3,0,NO_QUERY,0,0,0.64553314,1,negative,negative
so i dont work saturdays and i still got up at got ready for work almost walked out the door before i realized its saturday,Sat Jun 20 06:52:10 PDT 2009,bunkinator,0,NO_QUERY,0,0,0.7907847,1,negative,negative
he replied to meeee this morning,Sat May 02 02:01:25 PDT 2009,EPMorgan,2,NO_QUERY,2,2,0.75418824,1,positive,positive
jus left the movieshangover wasnt that funnymayb not in a laughing mood got my heart broke today again lol no luck,Wed Jun 24 21:47:06 PDT 2009,got_manda,0,NO_QUERY,0,0,0.89979357,1,negative,negative
if anyone is looking for a good place to give your old computers to i know just the person,Mon Jun 15 20:44:58 PDT 2009,jveldboom,2,NO_QUERY,2,2,0.85425806,1,positive,positive
aww my phone buddy went to bed early,Tue May 26 21:31:15 PDT 2009,LLL1586,0,NO_QUERY,0,0,0.8791888,1,negative,negative
see its cause you cut your hair youre like the antisamson,Tue Apr 21 00:20:49 PDT 2009,riggledo,2,NO_QUERY,2,2,0.7003026,1,positive,positive
but its another beautiful day here in europe you have to make the most of it rock the house again tonight,Tue Jun 02 00:58:16 PDT 2009,missjpotter,2,NO_QUERY,2,2,0.8114395,1,positive,positive
i just made biscuits but i doubled the recipe and they came out weird,Tue Jun 23 14:55:19 PDT 2009,clairerocks,0,NO_QUERY,0,0,0.57127756,1,negative,negative
anyone want to hang out with me at the table this saturday at the ws farmers market from ampm i be lonely if not,Thu Jun 18 09:40:48 PDT 2009,urtherevolution,0,NO_QUERY,0,0,0.7791771,1,negative,negative
hey peter sorry to ask but have you spoken to rpattz today i was wondering if he was ok bc he was almost run over xxx,Fri Jun 19 09:54:51 PDT 2009,DJMaroona,0,NO_QUERY,0,0,0.591997,1,negative,negative
i am jessei amim thinkin i might have to try to get a follower on the friendfeed acct i opened the other day,Fri Jun 05 19:34:04 PDT 2009,heykim,2,NO_QUERY,2,2,0.7113732,1,positive,positive
looks like someone made a mistake while registering customer care can help straighten this out,Tue Jun 23 08:31:12 PDT 2009,eHarmony_jack,0,NO_QUERY,0,0,0.55337834,1,negative,negative
just woke up,Sun Jun 07 07:13:35 PDT 2009,anyn16,2,NO_QUERY,2,2,0.8749279,1,positive,positive
im mad you have to pay to get your number changed,Sun Apr 19 06:42:02 PDT 2009,ahmier,0,NO_QUERY,0,0,0.89259255,1,negative,negative
im outta tha shower but i cant be botherd getting ready the shower made me more tired baah,Sat Jun 20 08:50:44 PDT 2009,samboothey,0,NO_QUERY,0,0,0.5994662,1,negative,negative
yep jon is infamous doing really cool stuff there,Sat May 30 20:45:01 PDT 2009,zbowling,2,NO_QUERY,2,2,0.86800104,1,positive,positive
shitttttty weather in sofla,Sat Jun 06 11:04:16 PDT 2009,CaroKucz,0,NO_QUERY,0,0,0.8551318,1,negative,negative
not much of a weekend busy with the short course i want days off dang it,Sun May 31 18:00:22 PDT 2009,mookiy,0,NO_QUERY,0,0,0.7495107,1,negative,negative
the world just disappear when youre here its like zero gravity i danced like crazy whaha they also hugged each other a,Sat May 16 22:44:59 PDT 2009,sharylsy18,2,NO_QUERY,2,2,0.6985838,1,positive,positive
sighs my child could care less about talking to me on the phone its too much excitement amp fun at daddys house,Mon Jun 15 16:01:16 PDT 2009,jennsplace,0,NO_QUERY,0,0,0.7186362,1,negative,negative
its a test for this company im applying to enjoy tagaytay,Fri May 29 00:07:44 PDT 2009,hotnizz,2,NO_QUERY,2,2,0.8915245,1,positive,positive
avoiding writing the english speech is fun too s,Sat May 16 22:20:17 PDT 2009,gabanti,2,NO_QUERY,2,2,0.7558414,1,positive,positive
got soaked through in the bloody rain not good in pjs at pm now tht is good lol,Thu Jun 18 07:56:06 PDT 2009,VodkaChik,0,NO_QUERY,0,0,0.83511215,1,negative,negative
in tacoma the weather sucks was supposed to go to wild waves,Sat Jun 06 12:06:44 PDT 2009,MsNishiaG,0,NO_QUERY,0,0,0.88378257,1,negative,negative
bugger somewhere on my travels ive lost my flip mino had some good footage of rico tubbs on there ah well best get saving for anot,Sun May 31 02:53:11 PDT 2009,MetroBoy,0,NO_QUERY,0,0,0.58986807,1,negative,negative
im surprisingly ok aside from the hour hole in my memory you up to any adventures today apprentice tonight,Sun Jun 07 06:25:04 PDT 2009,thatpenguin,2,NO_QUERY,2,2,0.8684215,1,positive,positive
we can bring a blanket and just lay in the park and look at the fountain and this and that go to the other park too,Sat Apr 18 22:27:24 PDT 2009,enragedbeauty,2,NO_QUERY,2,2,0.8919593,1,positive,positive
wheee attending another party casa kemang with et les autres gars,Sat May 30 08:27:17 PDT 2009,odayski,2,NO_QUERY,2,2,0.8621805,1,positive,positive
but on the other handkurupt and dj quik got the wweessttt rockin yee,Fri Jun 05 21:48:27 PDT 2009,ashmytash,2,NO_QUERY,2,2,0.82652766,1,positive,positive
me cause i always fear the police are after me again,Sat May 16 19:33:27 PDT 2009,tmlong1,0,NO_QUERY,0,0,0.8432862,1,negative,negative
debstom replied too me yesterdayyou have no idea how happy he has made me xd xd lol xx,Sun Jun 07 12:48:36 PDT 2009,DonnaJonesMcfly,2,NO_QUERY,2,2,0.73986423,1,positive,positive
you suuuckk anyways howd you get that hook me uuppp idk about jersey though,Fri Jun 05 08:56:10 PDT 2009,TheNotoriousJEN,2,NO_QUERY,2,2,0.691145,1,positive,positive
relay for life tonight,Fri May 29 14:18:13 PDT 2009,monister,2,NO_QUERY,2,2,0.89684767,1,positive,positive
haha i was there last week the lampshades are impressive granted but i was superimpressed with the canteencafe,Mon May 18 06:28:45 PDT 2009,smimarchie,2,NO_QUERY,2,2,0.75974077,1,positive,positive
is working and super excited to get off work and chillax watch some weeds and eat some za,Fri Jun 05 12:20:16 PDT 2009,AmandaLTouch,2,NO_QUERY,2,2,0.6063842,1,positive,positive
wait what i dont like green tea fraps,Sun May 10 06:53:57 PDT 2009,shainalynn,0,NO_QUERY,0,0,0.77209693,1,negative,negative
thats what we like to hear forget washing the dirty laundry lets just air it in public instead mmmm,Wed Jun 03 02:56:49 PDT 2009,secret_thoughts,2,NO_QUERY,2,2,0.6718694,1,positive,positive
tired after my very first time softball sparing in solo partha won yeay,Sun May 31 06:03:26 PDT 2009,bonscha,2,NO_QUERY,2,2,0.7967924,1,positive,positive
well i actually do like this twitter thing ive been following some people it makes me feel closer to them in a way,Sun May 31 14:41:25 PDT 2009,joeldmz_87,2,NO_QUERY,2,2,0.84770936,1,positive,positive
grad school vs wife amp dog id choose more grad school anyday v doesnt read twitter so i can say this safely,Fri May 29 08:38:02 PDT 2009,parags,2,NO_QUERY,2,2,0.5531125,1,positive,positive
letting it gobreathe lt expects exodus of fpmt followersdats cool,Mon Jun 01 23:34:25 PDT 2009,thubtenyeshe,2,NO_QUERY,2,2,0.5969981,1,positive,positive
i fucking love eunice tan,Sat May 16 19:18:35 PDT 2009,bby_maggie,2,NO_QUERY,2,2,0.7253269,1,positive,positive
oo yeah i cant go out this friday my sister is sleeping over,Thu Jun 25 08:14:15 PDT 2009,Eanhgel,0,NO_QUERY,0,0,0.89209783,1,negative,negative
lol not a chancethats what keeps me sane well kinda esp when i get to do all at once hope ur havin a nice afternoon,Thu May 14 05:37:53 PDT 2009,VioletsCRUK,2,NO_QUERY,2,2,0.7493184,1,positive,positive
off to the welder i love when i get to leave workeven if its work related,Fri May 22 06:31:25 PDT 2009,Beana,2,NO_QUERY,2,2,0.52484655,1,positive,positive
dude what did you do that looks nasty,Fri Jun 19 11:52:28 PDT 2009,wildkitty,0,NO_QUERY,0,0,0.8519147,1,negative,negative
im loving this weather i dont think i ever remember a stretch this long wo clouds or rain love it,Sat May 30 22:31:23 PDT 2009,rochtrev,2,NO_QUERY,2,2,0.7420115,1,positive,positive
im so glad for u but im also very jealous hahah aww i wish i was there u guys have fun k take pics n vids better miss me,Sun May 03 05:47:55 PDT 2009,Anne_A4L,0,NO_QUERY,0,0,0.8240726,1,negative,negative
phew thats good least its no longer midnight dark,Tue Jun 16 05:08:17 PDT 2009,talkingtostars,2,NO_QUERY,2,2,0.6170584,1,positive,positive
saloongtstar trek go where every man goes and then boldly go where no man has gone before star trek is on my must see list,Sat Jun 06 05:59:01 PDT 2009,knowsnotmuch,2,NO_QUERY,2,2,0.73027533,1,positive,positive
had a great morning at church and now on to laundry and packing for the camping trip and the subsequent trip all over indiana amp chicago,Sun Jun 07 11:04:37 PDT 2009,jmelynne422,2,NO_QUERY,2,2,0.8338559,1,positive,positive
up and having trouble falling asleep,Sun May 03 01:45:54 PDT 2009,babyday,0,NO_QUERY,0,0,0.6958073,1,negative,negative
watching quotcaregiverquot amp crying like hell its a great film i love filipino movies,Mon Jun 01 04:13:49 PDT 2009,bwness,2,NO_QUERY,2,2,0.81385803,1,positive,positive
trueee that my head hurts fuuuuhhhhhh,Fri May 22 07:21:07 PDT 2009,joeysikes,0,NO_QUERY,0,0,0.87567174,1,negative,negative
aha good point now i feel better,Sat May 30 19:46:29 PDT 2009,cliffysmom,2,NO_QUERY,2,2,0.8724535,1,positive,positive
and shes just plain ungly so is rob and taylor lautner is hothothothot xd quotjake runquot yeah run change into werewolf yay p,Mon Jun 01 01:20:01 PDT 2009,Kimmy_Cheyenne,2,NO_QUERY,2,2,0.8017651,1,positive,positive
my mouth tastes like pennies,Mon Jun 01 08:43:04 PDT 2009,juwho,0,NO_QUERY,0,0,0.88990647,1,negative,negative
you have more self control than i do damn this band for meaning so much to us hugs,Sun Jun 14 23:15:34 PDT 2009,Killaya,0,NO_QUERY,0,0,0.7349763,1,negative,negative
i know haah twitter is a soo hyped up now but its all goooddie good,Sun Jun 07 01:45:48 PDT 2009,dougEfresh415,2,NO_QUERY,2,2,0.89099145,1,positive,positive
i am alive my internet seems to be much better still cant load youtube videos lets see how long it lasts,Sat May 02 05:31:57 PDT 2009,jamesthird,0,NO_QUERY,0,0,0.53743494,1,negative,negative
were in stockholm tuesfriday tues was cheaper to fly i guess tho its still krone then back to oslo ask beate,Mon Jun 01 13:21:48 PDT 2009,KateSees,0,NO_QUERY,0,0,0.5549792,1,negative,negative
gonna make it hot at ice tnight yo duck in the trunk threepeat,Sat May 16 21:50:08 PDT 2009,itbemecece,2,NO_QUERY,2,2,0.8538793,1,positive,positive
todays line up more work on os bluetooth app a brief stint with uniservity and if i get time some cs tutorials busy bank holiday,Mon May 04 00:42:03 PDT 2009,karl_goddard,2,NO_QUERY,2,2,0.7206758,1,positive,positive
agreed,Thu May 28 22:00:21 PDT 2009,aurihunter,2,NO_QUERY,2,2,0.7267261,1,positive,positive
planning for an overnight camp this weekend havent figured out where,Tue Jun 02 02:59:42 PDT 2009,lasiaf,0,NO_QUERY,0,0,0.6080181,1,negative,negative
just woke up lets text for plans twjd,Sat May 30 08:01:15 PDT 2009,juneperalta,2,NO_QUERY,2,2,0.89326596,1,positive,positive
i just want to have fun,Fri May 29 19:25:05 PDT 2009,x5ayres5x,0,NO_QUERY,0,0,0.6839764,1,negative,negative
the report on a new pc i promised i would publish,Fri Jun 05 17:19:35 PDT 2009,Emu76,2,NO_QUERY,2,2,0.770073,1,positive,positive
are you asking me this,Sat Apr 18 22:07:08 PDT 2009,WuChann,2,NO_QUERY,2,2,0.6899677,1,positive,positive
ah ok then im fine i thought some special trouble for you just less than weeks and party in stralsund cant wait,Fri May 29 14:47:01 PDT 2009,Sildar22,2,NO_QUERY,2,2,0.76498157,1,positive,positive
my elf hunter borowen just hit the one gold markshes lvl lotro via,Sun Jun 14 23:11:54 PDT 2009,Achmahim,2,NO_QUERY,2,2,0.81583834,1,positive,positive
oh no you ok,Wed Jun 17 12:42:28 PDT 2009,NuyoRiquena,0,NO_QUERY,0,0,0.7926887,1,negative,negative
i need some hot sauce this spagettiwho n ypsi im desperate,Sun May 31 18:44:06 PDT 2009,PinkPanniez,0,NO_QUERY,0,0,0.8762999,1,negative,negative
uhhhh this sux,Tue May 26 21:08:41 PDT 2009,AmanduhPleez,0,NO_QUERY,0,0,0.55904126,1,negative,negative
why must i always fall for da small boys,Mon Jun 15 22:41:07 PDT 2009,cwisteen,0,NO_QUERY,0,0,0.8157158,1,negative,negative
that goose bento in that article is pretty impressive though not as impressive as your stuff imo,Sun May 17 09:47:42 PDT 2009,JofArnold,2,NO_QUERY,2,2,0.5851886,1,positive,positive
it was or texted but she was watching tivo so it was too late to tell you too i caught the am,Sat May 02 07:38:02 PDT 2009,KimWood,0,NO_QUERY,0,0,0.76294017,1,negative,negative
so it smells weird in my room and i gots the hickups,Tue Jun 02 22:28:15 PDT 2009,BrianaNicole22,0,NO_QUERY,0,0,0.7351688,1,negative,negative
wants freddie to come and see her,Tue Jun 16 04:03:27 PDT 2009,lowennn,0,NO_QUERY,0,0,0.70064586,1,negative,negative
i sincerely miss hearing you in the mornings joe spankbank,Thu May 14 07:58:31 PDT 2009,jdnunnery,0,NO_QUERY,0,0,0.8445513,1,negative,negative
lol i know i made the mistake of sleeping when i got home,Sat May 09 19:14:23 PDT 2009,Shutterbugiz,0,NO_QUERY,0,0,0.60665584,1,negative,negative
just got a couple cute dresses now i just need somewhere to wear them,Fri Jun 05 16:26:28 PDT 2009,jbev,2,NO_QUERY,2,2,0.75370616,1,positive,positive
most recent two posts on my twitter homepage quotthese socks are depressingquot then quottwo killed in freeway crashquot,Mon Jun 15 17:09:10 PDT 2009,KatSanchez,0,NO_QUERY,0,0,0.82910705,1,negative,negative
your welcome and that sucks that it wont show up on ur sidekick get to a comp quick lol,Tue Jun 16 09:32:59 PDT 2009,LoveMeStupid,0,NO_QUERY,0,0,0.7603573,1,negative,negative
so sorry sorry sorry i love you and youre my unique best friend cause youre always with me i lov e you i love u,Fri Jun 19 19:52:35 PDT 2009,the_PatrickStar,0,NO_QUERY,0,0,0.6886202,1,negative,negative
such a long day i had or shots of tequila amp a few beers but i couldnt get drunk what if ive built an immunity for alcohol oh no,Sun May 10 00:54:24 PDT 2009,dezzy1921,0,NO_QUERY,0,0,0.834186,1,negative,negative
i enjoyed luminato on saturday although the cirque du soleil show was crazy packed and i couldnt see a thing,Tue Jun 16 04:22:19 PDT 2009,jasperstudios,0,NO_QUERY,0,0,0.8084702,1,negative,negative
cant wait burton alice it just have to be good,Tue Jun 16 05:44:07 PDT 2009,DeaFleurDuMal,2,NO_QUERY,2,2,0.8325123,1,positive,positive
i bet but my parents are gay and never take me out,Tue Jun 23 15:01:05 PDT 2009,cmo767,0,NO_QUERY,0,0,0.7563319,1,negative,negative
where i live the problem is particularly acute,Mon May 18 04:59:48 PDT 2009,Hadassah_Levy,0,NO_QUERY,0,0,0.86673975,1,negative,negative
quite hopefully she doesnt figure it out otherwise youre in trouble,Mon Jun 01 09:39:48 PDT 2009,themattscott,2,NO_QUERY,2,2,0.525461,1,positive,positive
eating a spoon of peanut butter i have no lifeee,Mon May 11 22:41:58 PDT 2009,SochieLeiha,0,NO_QUERY,0,0,0.8827526,1,negative,negative
had to bring bosco to the vet hope all turns out okay,Tue Jun 23 11:10:49 PDT 2009,twistywilson,0,NO_QUERY,0,0,0.53711927,1,negative,negative
loved up the story was really touching and sweet and the animation was nice though not extraordinaryhave to see it again,Mon Jun 01 07:56:59 PDT 2009,gangabs,2,NO_QUERY,2,2,0.7348386,1,positive,positive
i am doing the exact same thing sunlounger garden peroni winnnnnnnnn when you back in manc lady,Mon Jun 01 10:21:54 PDT 2009,louaze,2,NO_QUERY,2,2,0.80789477,1,positive,positive
im feeling hella anxious for those tickets,Tue Jun 02 11:18:04 PDT 2009,Chemical_kid,0,NO_QUERY,0,0,0.86545205,1,negative,negative
thats unfortunate is the time zone bit in the first part or the second because thats hilarious,Fri May 22 01:15:54 PDT 2009,uptheapples,0,NO_QUERY,0,0,0.60846925,1,negative,negative
i know i cannot believe this is my country anymore,Tue May 26 21:23:19 PDT 2009,straightstreet,0,NO_QUERY,0,0,0.8828004,1,negative,negative
my wow updater is being stupid,Tue Jun 02 11:09:24 PDT 2009,niteguardianx,0,NO_QUERY,0,0,0.85292745,1,negative,negative
yep thats me all right i dont mean the monk is me thats my as in a photo taken by me in better photography,Mon May 04 04:43:32 PDT 2009,nevilleb,2,NO_QUERY,2,2,0.82897675,1,positive,positive
experiencing the unique winnipeg tradition known as quotthe socialquot trying to pace myself,Sat May 09 18:45:38 PDT 2009,gregglatz,2,NO_QUERY,2,2,0.8806832,1,positive,positive
ahah you didntt see o he danced to singlee ladiieees xd with heels ampthe same dress beyonce wore ahahahhaah,Wed Jun 03 10:27:50 PDT 2009,jonasobsessedx,2,NO_QUERY,2,2,0.6619191,1,positive,positive
i had tacos today loveeverybody,Sat May 30 23:07:49 PDT 2009,BendyyStrawz,2,NO_QUERY,2,2,0.88677615,1,positive,positive
woot woot going to tampa tonight to see no doubt perform so excited i cant sleep,Mon Jun 01 22:13:57 PDT 2009,all_lee,2,NO_QUERY,2,2,0.6527155,1,positive,positive
found out that my ex boss passed away last night amp now radio are playing coldplay fix you i may cry,Thu Jun 25 06:37:42 PDT 2009,iamboutique,0,NO_QUERY,0,0,0.82354283,1,negative,negative
computer says no i will have a look on monday,Sat Jun 06 10:58:43 PDT 2009,ChimeraX,0,NO_QUERY,0,0,0.665271,1,negative,negative
just dropped laura off at the atl airport to go to the dr fb,Sat May 30 05:53:27 PDT 2009,jwhitely,0,NO_QUERY,0,0,0.6927564,1,negative,negative
think i got soap in my eyes eyes running like mad not much more twitter tonight good night everyone xxx,Sun Jun 07 14:35:19 PDT 2009,amykate,2,NO_QUERY,2,2,0.6684968,1,positive,positive
god is so faithful,Fri Jun 05 17:05:17 PDT 2009,youlovejae,2,NO_QUERY,2,2,0.89247614,1,positive,positive
i am getting my texas state mandated vehicle inspection,Thu Jun 18 10:21:04 PDT 2009,thomasjust,0,NO_QUERY,0,0,0.6109372,1,negative,negative
i am exitedd to get my new bunny,Mon May 18 02:11:56 PDT 2009,CarlaaBee,2,NO_QUERY,2,2,0.8391641,1,positive,positive
everyone will mistake you for a professor,Fri May 29 19:53:13 PDT 2009,Nattjenta,2,NO_QUERY,2,2,0.7131412,1,positive,positive
festival ditaliano con mi mama oggi but first watching saved by the bell and straightening my hair,Sun Jun 07 07:37:51 PDT 2009,JessLovesSox,2,NO_QUERY,2,2,0.87551165,1,positive,positive
new jack city and mimosas we go hard,Sat Jun 06 17:19:11 PDT 2009,AutumnDalila,2,NO_QUERY,2,2,0.6780827,1,positive,positive
yeah i kinda got a gut feeling that the moon would be kinda lame at least u got a little moonshine n ur system,Wed Jun 17 22:59:23 PDT 2009,MsORIGINAL_1908,0,NO_QUERY,0,0,0.7082265,1,negative,negative
nice review just skimmed it will read more later paragraphs amp are among my livevault complaints,Sun May 31 17:42:27 PDT 2009,mike_walsh,2,NO_QUERY,2,2,0.84564424,1,positive,positive
anything you can cook i can cook better,Sat May 30 11:12:23 PDT 2009,electricfuneral,2,NO_QUERY,2,2,0.88616437,1,positive,positive
im soo tired hrs of sleeprough night i have chondrocondritus until it goes away then working on the whole heart problem,Mon May 04 07:34:27 PDT 2009,Mitka21,0,NO_QUERY,0,0,0.8830759,1,negative,negative
ive resorted back to the first few diggnations from withdrawal symptoms the last episode was brilliant,Fri May 29 16:36:54 PDT 2009,Limes102,2,NO_QUERY,2,2,0.65146667,1,positive,positive
is super tired today a liein and an afternoon nap didnt quite nail it must be getting old if i can cope with a full on weekend,Mon Jun 22 13:03:51 PDT 2009,gilltaylorphoto,0,NO_QUERY,0,0,0.78849536,1,negative,negative
exhausted,Wed Jun 17 22:26:32 PDT 2009,nthngprsnl,0,NO_QUERY,0,0,0.8794973,1,negative,negative
lol a bit of a dark humor heh,Fri May 29 20:29:38 PDT 2009,selvinortiz,2,NO_QUERY,2,2,0.864825,1,positive,positive
the weather guy said it was supposed to be nice out and its kinda cold and the sun is not really out,Sat May 30 10:30:35 PDT 2009,quirky1129,0,NO_QUERY,0,0,0.86512023,1,negative,negative
unfortunately not its a sad thing to come to terms with,Sun May 03 07:38:53 PDT 2009,kateriley123,0,NO_QUERY,0,0,0.897607,1,negative,negative
all of these food pictures youre posting are making me so hungry all i have is pop tarts,Tue Jun 16 18:50:06 PDT 2009,timmagaw,0,NO_QUERY,0,0,0.7988431,1,negative,negative
just been emailed some really shit news about a friend who has hiv,Sun May 31 18:46:32 PDT 2009,executiverocker,0,NO_QUERY,0,0,0.6224361,1,negative,negative
i still cant eat gaahhh i keep dreaming of food haha,Wed Jun 03 01:33:01 PDT 2009,_christel,0,NO_QUERY,0,0,0.87714475,1,negative,negative
ill do it right now,Mon Apr 20 23:00:27 PDT 2009,oliyoung,2,NO_QUERY,2,2,0.852277,1,positive,positive
im cooling the laptop now where did you put my firewire i wanted to back up but its probably too late now,Mon Jun 15 23:58:56 PDT 2009,euniqueflair,0,NO_QUERY,0,0,0.8579492,1,negative,negative
is having a weekend from hell gf not sure on things and sat in casualty with dad,Sun May 10 05:10:54 PDT 2009,ellhawkes,0,NO_QUERY,0,0,0.69259304,1,negative,negative
didnt we do that promise last night lol,Mon Jun 01 15:41:25 PDT 2009,AceMas21,2,NO_QUERY,2,2,0.52225965,1,positive,positive
dont you luv council services sewer cap off nxt door lovely council said hr been over hrs and still no ones come dont flush,Fri Jun 19 20:53:24 PDT 2009,AdageBusiness,0,NO_QUERY,0,0,0.85337657,1,negative,negative
i hear ya but just who are reg people these days,Fri Jun 05 09:37:05 PDT 2009,JAGnLA,2,NO_QUERY,2,2,0.56264275,1,positive,positive
its so hot today actually sunbathed but my legs are all patchy,Sun May 31 10:04:18 PDT 2009,_xFran,0,NO_QUERY,0,0,0.88651526,1,negative,negative
didnt post the love heart at the end,Tue Jun 02 06:51:58 PDT 2009,Scott_M_,0,NO_QUERY,0,0,0.85320187,1,negative,negative
can you come back to the jonathan ross show it was so awesome i need another jonathanjackman fix,Sat May 30 02:04:55 PDT 2009,emeraldjewels,2,NO_QUERY,2,2,0.7224746,1,positive,positive
two weeks left students exams are starting this morning which means an overload on marking,Mon Jun 15 06:52:20 PDT 2009,DAliceMarsh,0,NO_QUERY,0,0,0.8951033,1,negative,negative
people weve been here since am why are you just making your way here now its late and i had dinner plans,Fri Jun 19 22:13:37 PDT 2009,jeannemariepics,0,NO_QUERY,0,0,0.52087456,1,negative,negative
heading out of va beach bummer,Sun Jun 07 08:23:39 PDT 2009,shan1978,0,NO_QUERY,0,0,0.8719412,1,negative,negative
i hit a bird with my truck on the way to work today,Sat Jun 06 05:13:25 PDT 2009,Action_Jones,0,NO_QUERY,0,0,0.7842172,1,negative,negative
theyre out,Fri Jun 19 16:34:30 PDT 2009,SkinFaceMcGee,0,NO_QUERY,0,0,0.6543957,1,negative,negative
and since youre brummie like me quotoroiyte maiytequot,Fri May 22 00:58:55 PDT 2009,cookiemonster82,2,NO_QUERY,2,2,0.81934786,1,positive,positive
juss waking upugh so lazy,Sun Jun 07 11:15:55 PDT 2009,Baby_O,0,NO_QUERY,0,0,0.6109537,1,negative,negative
the hills used to be the best reality tv seriesuntil kristin cavalleri came along and lauren left,Sat May 30 15:27:06 PDT 2009,VaNessaStYLeS,0,NO_QUERY,0,0,0.63328254,1,negative,negative
wethers turning bbbbaaaadddd bday celebrations were wicked this wkend well knackered from all the cake,Sun Jun 07 11:25:12 PDT 2009,RexMorgan1,2,NO_QUERY,2,2,0.6080513,1,positive,positive
your making me jealous now i want one how long have u guys been married,Fri May 29 00:36:51 PDT 2009,marci723,0,NO_QUERY,0,0,0.60736096,1,negative,negative
cat lounge is on voltaire and catalina great dive i miss obpl,Sun Jun 14 22:53:45 PDT 2009,smfisher,0,NO_QUERY,0,0,0.8930907,1,negative,negative
tried on beautiful dresses just wish they had fitted oh well back to scrubbing the bin clean,Tue Jun 16 06:32:13 PDT 2009,MightyMiniMo,0,NO_QUERY,0,0,0.690712,1,negative,negative
its not that hard,Sat May 30 06:14:54 PDT 2009,MarcGrandmaison,2,NO_QUERY,2,2,0.5435901,1,positive,positive
good to know coz i watch a lot of tv also in fact im tv moderator in some forum shy i used to love hustle from uk,Wed Jun 03 04:18:01 PDT 2009,tigerbiru,2,NO_QUERY,2,2,0.87308174,1,positive,positive
i fear beni is a gonner,Sat Jun 06 16:43:49 PDT 2009,pjmcd,0,NO_QUERY,0,0,0.7950242,1,negative,negative
os leaving the flat now byebye first year,Sat Jun 06 00:42:44 PDT 2009,charfree111,0,NO_QUERY,0,0,0.5823171,1,negative,negative
i mean im not confident to be exact i have no confidence at all,Mon Apr 20 01:28:32 PDT 2009,karrupin,0,NO_QUERY,0,0,0.69737864,1,negative,negative
awesome im working my way through ff just now but i can imagine what the variety of character in ff would produce,Mon May 11 23:38:37 PDT 2009,entropy_rules,2,NO_QUERY,2,2,0.8731035,1,positive,positive
its sunny hope it stays that way,Sat Jun 06 13:35:07 PDT 2009,pookahh,2,NO_QUERY,2,2,0.733488,1,positive,positive
the crowd was very energetic n friendly i was runnin all over the stage it was fun wud luv to have concert here,Thu May 28 20:50:23 PDT 2009,cocolee117,2,NO_QUERY,2,2,0.8794115,1,positive,positive
as i draw this tellos commission im realizing how much i miss this series,Tue Jun 16 11:34:41 PDT 2009,jeremydale,0,NO_QUERY,0,0,0.885167,1,negative,negative
so much for our day to sleep in fire alarm went off at the hotel this morning someone cooked something too long in the microwavefail,Sun May 17 06:17:16 PDT 2009,StorlieDawg,0,NO_QUERY,0,0,0.7945598,1,negative,negative
lol i kno the poor guy makes me wanna run up to him and give him a beer and say quotthere therequot,Wed Jun 17 07:53:06 PDT 2009,Roller_Novocain,0,NO_QUERY,0,0,0.7598002,1,negative,negative
i wish i could squash big guys with my thumb haha,Sun Jun 07 15:32:12 PDT 2009,jamesdemonaco,0,NO_QUERY,0,0,0.86188394,1,negative,negative
arrival pdx pm pdt its warm and humid here today ill be glad to be home,Fri May 22 06:10:58 PDT 2009,ndw0317,2,NO_QUERY,2,2,0.8914212,1,positive,positive
heey girl who are you do you wanna be my friend oooh im just a kid,Mon Jun 15 15:08:00 PDT 2009,prii_mueller,2,NO_QUERY,2,2,0.84739625,1,positive,positive
haha den next time we go dempsey lah but abit exp wor house is a good chillout place,Sun Jun 07 08:58:44 PDT 2009,circadianchild,2,NO_QUERY,2,2,0.71748894,1,positive,positive
lol omg girl the concert was the shit last night rebel souljahz was there too everyone was jammin,Sat Apr 18 10:22:16 PDT 2009,itsgracefoo,2,NO_QUERY,2,2,0.5139099,1,positive,positive
will go to work with a friend this morning and see what he does,Fri May 22 02:04:54 PDT 2009,pastortone,2,NO_QUERY,2,2,0.61307436,1,positive,positive
thanks for that i didnt know ive uploaded them so ta,Tue Jun 16 00:50:37 PDT 2009,PrincessGLB,2,NO_QUERY,2,2,0.8898851,1,positive,positive
gt cream together okay now stop tweeting me lies and well leave it to the phone,Sun Jun 07 06:19:19 PDT 2009,twebbstack,2,NO_QUERY,2,2,0.69702274,1,positive,positive
at the spa getting hair products and face washes just for me,Fri May 29 15:17:47 PDT 2009,Cheleesea,2,NO_QUERY,2,2,0.76071084,1,positive,positive
oooh nooo anthony probably killed zevas guy and now she is going to hate him forever,Sun May 31 06:29:26 PDT 2009,VFCismylife,0,NO_QUERY,0,0,0.88224375,1,negative,negative
i will be deleting these luv you this is what i do make it work days my venue fire last night good times,Mon Jun 01 02:17:57 PDT 2009,713punky,2,NO_QUERY,2,2,0.7487766,1,positive,positive
i was on valcyte for months because of positive results for hhv and hhv but it didnt help me at all,Mon Apr 20 00:53:14 PDT 2009,Stroopwaffle,0,NO_QUERY,0,0,0.82058626,1,negative,negative
grreat choices add selma h to that list ciao xoxo,Sat May 30 22:33:42 PDT 2009,cherokee_rose,2,NO_QUERY,2,2,0.8573979,1,positive,positive
just wanted share perfect sunset in the uk wish id a pic but too chilled move see,Sun May 31 13:10:50 PDT 2009,clare666,2,NO_QUERY,2,2,0.57390505,1,positive,positive
funnn funnn times haha ur never on aim anymore,Sat Jun 20 19:54:38 PDT 2009,Merebearrr,0,NO_QUERY,0,0,0.58486366,1,negative,negative
i know i am weak but its okay i only drink with you guys,Wed Jun 03 01:14:50 PDT 2009,appleapple_,0,NO_QUERY,0,0,0.78400314,1,negative,negative
yes gets everywhere will require another shower when i get home,Sun May 17 09:59:22 PDT 2009,Justin_A,0,NO_QUERY,0,0,0.5687902,1,negative,negative
dreaming that im not asleep,Wed Jun 03 00:14:23 PDT 2009,sllammy,0,NO_QUERY,0,0,0.8260099,1,negative,negative
wants to riiiiiide,Mon Jun 15 17:46:30 PDT 2009,ajbautch,0,NO_QUERY,0,0,0.75594383,1,negative,negative
awayyy to read then bed,Sun Jun 07 14:57:31 PDT 2009,bexxaaaaamate,2,NO_QUERY,2,2,0.5094038,1,positive,positive
tomorrow is riiiiio ddddd i cant wait for it,Fri May 29 19:59:04 PDT 2009,gabii_sa,2,NO_QUERY,2,2,0.8417339,1,positive,positive
arabic how exotic puts my puny german to shame,Mon Apr 20 02:50:18 PDT 2009,christay0102,0,NO_QUERY,0,0,0.78590643,1,negative,negative
juz got home from a really pamperin facial that green tea mask amp lavander water mist transported me into a calm forrest very earthy,Mon Jun 15 01:22:40 PDT 2009,GaryGutierrez,2,NO_QUERY,2,2,0.84996456,1,positive,positive
i couldnt go to sleep until i started watching ren amp stimpy now im having trouble staying awake fickle melatonin,Wed Jun 24 23:25:20 PDT 2009,jaxley,0,NO_QUERY,0,0,0.8271137,1,negative,negative
finally got my faded jeans after searching it for so long,Sun May 31 05:47:36 PDT 2009,zuraiinyatim,2,NO_QUERY,2,2,0.82760954,1,positive,positive
i want spotify haha i also want to get some sleeeeep i cant sleep until i read out the book and write about,Sun May 31 12:46:14 PDT 2009,TheCaao,0,NO_QUERY,0,0,0.69026023,1,negative,negative
i havent seen all of ur vids yet but i will any way me is off to bed i guess gn amp sweet dreams,Mon Jun 15 21:23:21 PDT 2009,BillylakeG118,2,NO_QUERY,2,2,0.52575815,1,positive,positive
ps one of the eyes in the smiley face on my thumb fell off it needs an eye patch ps one of the eyes in the smiley face on my thu,Sat Jun 20 18:32:12 PDT 2009,felloff,0,NO_QUERY,0,0,0.79369324,1,negative,negative
stop making me jealous,Fri Jun 19 00:48:14 PDT 2009,tjdgafplz,0,NO_QUERY,0,0,0.7229258,1,negative,negative
just dropped off my jeans to be tailored cant wait to see how they turn out,Tue Jun 16 06:38:58 PDT 2009,lewisholland,2,NO_QUERY,2,2,0.8989616,1,positive,positive
ohin that case friendno sorry i dont why aint you at work and is the comp fixed,Mon Jun 15 12:53:28 PDT 2009,303_Mandi_P,0,NO_QUERY,0,0,0.7909953,1,negative,negative
the chores then a coffe i think,Sat May 30 03:11:08 PDT 2009,sirrenna,2,NO_QUERY,2,2,0.6359404,1,positive,positive
woke up with a stomach ache itll go away in haha im all better,Fri Jun 05 09:07:42 PDT 2009,SiMiLAR2MAGiC,0,NO_QUERY,0,0,0.81453615,1,negative,negative
there is nothing like great middle eastern food hugs and stories from the owners and then a full stomach,Fri May 22 02:47:34 PDT 2009,Zippaloo,2,NO_QUERY,2,2,0.8289428,1,positive,positive
yippeeee theres nothing like a good storm,Tue Jun 16 06:28:27 PDT 2009,sassyred,2,NO_QUERY,2,2,0.60481393,1,positive,positive
at least youre not writing boxers is the nwa worship cd done yet i never got my copy who do i write to ta,Thu Jun 18 07:07:26 PDT 2009,KattheKat,0,NO_QUERY,0,0,0.63408554,1,negative,negative
is going to check out the day soon no smoking for me though,Mon Apr 20 00:31:09 PDT 2009,Lewis_k1,0,NO_QUERY,0,0,0.6105723,1,negative,negative
sounds like a plan although ill be on holidayvisiting family work that week,Wed May 27 07:20:37 PDT 2009,timfernando,0,NO_QUERY,0,0,0.59199965,1,negative,negative
clapclaphappy for lindsay,Tue Jun 16 01:14:22 PDT 2009,imChildish,2,NO_QUERY,2,2,0.8346301,1,positive,positive
when does the hannah montana movie come out on dvd i so need it i lt that movie,Sat May 30 15:40:05 PDT 2009,OMyFREAKINJonas,2,NO_QUERY,2,2,0.60114396,1,positive,positive
dang dont nobody wanna c movies w ya lol,Fri May 01 23:06:12 PDT 2009,blouiemusic,0,NO_QUERY,0,0,0.69551206,1,negative,negative
stuck in traffic cant believe the day im having,Sun Jun 07 05:40:32 PDT 2009,pwincess83,0,NO_QUERY,0,0,0.8664732,1,negative,negative
the hotel is fine last night just only mosquito but the mosquito brought many friends,Mon Jun 01 17:07:45 PDT 2009,tjendana,2,NO_QUERY,2,2,0.66481245,1,positive,positive
no we lost a heart breaker we are the atlanta airport now waiting for the selection show to see where we go for regionals,Sun May 10 18:45:54 PDT 2009,tiffanymcdonald,0,NO_QUERY,0,0,0.6615705,1,negative,negative
that sounds like loads of fun but i have to work nights hope the event goes well,Tue Jun 16 21:51:11 PDT 2009,DenaeDArcy,0,NO_QUERY,0,0,0.76667076,1,negative,negative
real coda mail quotyou know those whatever you call them under the local tab i thought they were links or something so i deleted themquot,Thu Jun 18 14:18:28 PDT 2009,cabel,0,NO_QUERY,0,0,0.6531185,1,negative,negative
tho thweet sure will try to tweet more,Mon Jun 01 10:01:59 PDT 2009,aazmee,2,NO_QUERY,2,2,0.8980582,1,positive,positive
lol i was just joking u know im not the sad typei stay smiling,Sat Jun 06 19:18:18 PDT 2009,Nita2Nyce,2,NO_QUERY,2,2,0.7488244,1,positive,positive
el salvador is as good as any country wtf we owned it,Sat Jun 06 20:48:49 PDT 2009,Gwen_Madden,2,NO_QUERY,2,2,0.86306006,1,positive,positive
ditto i think my brains too wired lately too much going on blah,Mon Jun 01 22:57:30 PDT 2009,zinkly,0,NO_QUERY,0,0,0.79316086,1,negative,negative
youre not very nice make an exception,Thu Jun 18 06:55:22 PDT 2009,KyleBolton,0,NO_QUERY,0,0,0.7498159,1,negative,negative
hehe well tis my first os trip i dunno what the expected protocol actually is if it happens,Fri May 29 00:13:10 PDT 2009,rob_caporetto,2,NO_QUERY,2,2,0.7788519,1,positive,positive
teeheehee,Sun Jun 07 12:11:45 PDT 2009,natsuotoast,2,NO_QUERY,2,2,0.69579047,1,positive,positive
taking life one day at a time,Fri May 29 14:28:41 PDT 2009,juan2dagroove,2,NO_QUERY,2,2,0.7359652,1,positive,positive
just got home work was awesome im so glad to be back,Tue Jun 16 04:17:32 PDT 2009,candyrocks,2,NO_QUERY,2,2,0.6919384,1,positive,positive
awww thats so cute,Thu Jun 04 09:27:41 PDT 2009,lovey83,2,NO_QUERY,2,2,0.8926537,1,positive,positive
is sad but really really really happy goodnightnewyork,Sun Jun 07 08:51:52 PDT 2009,fattialias,0,NO_QUERY,0,0,0.5973374,1,negative,negative
a long bus trip last night to munich had a good nights sleep though and getting ready for bfast,Mon May 18 00:16:54 PDT 2009,MianneBagger,2,NO_QUERY,2,2,0.75634277,1,positive,positive
just got home going to eat dinner and hitting the books again i forgot how stressful amp restless summer school can be,Wed Jun 24 22:04:42 PDT 2009,maryecastro23,0,NO_QUERY,0,0,0.57244533,1,negative,negative
oh see if i only had a red chair alas i cannot write in the taupe chair,Sun Apr 19 08:13:55 PDT 2009,grinnpidgeon,0,NO_QUERY,0,0,0.84471,1,negative,negative
waiting for the second match to startim behind the knight riders but only cos they have a cuter outfit,Sun Apr 19 08:04:43 PDT 2009,pinkerjen,2,NO_QUERY,2,2,0.5432594,1,positive,positive
i like people to reply to my tweets,Mon Jun 15 09:46:25 PDT 2009,altonkeh,2,NO_QUERY,2,2,0.89215225,1,positive,positive
no has she got them now,Wed Jun 17 11:48:05 PDT 2009,salwaytay,0,NO_QUERY,0,0,0.81282955,1,negative,negative
lucky my mum would give them cake,Thu May 14 03:06:56 PDT 2009,Didyme,2,NO_QUERY,2,2,0.64538527,1,positive,positive
not happy with the way india played an insipid display of cricket this side looked like they r on the ground to get beaten,Sun Jun 14 22:22:06 PDT 2009,rajatgupta82,0,NO_QUERY,0,0,0.85456055,1,negative,negative
unfollowing no mhavia fixat que es una merda de twitterfeed,Mon Jun 15 02:20:48 PDT 2009,suranpu,0,NO_QUERY,0,0,0.515561,1,negative,negative
its a shame that the acts of some individuals have to fuck it up for other people,Mon Jun 01 04:49:02 PDT 2009,dokus,0,NO_QUERY,0,0,0.86189026,1,negative,negative
how important is ritual in your tarot readings how much is just a dramatic flourish,Tue Apr 21 00:46:31 PDT 2009,TABItarot,2,NO_QUERY,2,2,0.8956072,1,positive,positive
and i cheated and drank some pepsi but today im spoiling me and my man tomrrow back to water and i need to work off all this pizza haha,Fri May 29 18:51:45 PDT 2009,Miss_Diabolical,0,NO_QUERY,0,0,0.8042715,1,negative,negative
i have big blisters on my feet from walking around the mall in my new shoes it was worth it cuz i looked fucking awesome,Sun Jun 07 12:38:35 PDT 2009,italianlace,2,NO_QUERY,2,2,0.7230914,1,positive,positive
i think we shold organize wembely meet up now anyone whos not on let them know later just let me go on my laptop,Fri May 29 14:20:32 PDT 2009,rachmurrayX,2,NO_QUERY,2,2,0.72178286,1,positive,positive
quotturn back the hands of timequot lmao omg now i feel like watching it thanks jess,Thu May 28 22:26:22 PDT 2009,AdorkableJess,2,NO_QUERY,2,2,0.8777626,1,positive,positive
oh mi gordgoshie so tired should go to bed right now butttt legal essay tomorrow so maybe not,Mon Jun 01 05:30:28 PDT 2009,stephanie_cheng,0,NO_QUERY,0,0,0.7365105,1,negative,negative
hehehe true and you freak about tests a lot too lol xd,Fri May 29 15:01:18 PDT 2009,kimanie14,2,NO_QUERY,2,2,0.73715144,1,positive,positive
seeing you seem to know so much who the hell is the mother in quothow i met your motherquot does anyone get to know this ever,Mon Jun 15 02:51:24 PDT 2009,Pinkangel12,2,NO_QUERY,2,2,0.7194064,1,positive,positive
just saw preview for new moon i still dont see this guy as ed cullen and jacob is how old again wolf looks cartoonish but love it,Mon Jun 01 11:12:40 PDT 2009,MissCocoaLuv,2,NO_QUERY,2,2,0.51052535,1,positive,positive
kikoo world today in europe lets vote eu,Sat Jun 06 21:56:49 PDT 2009,Hugobiwan,2,NO_QUERY,2,2,0.76492935,1,positive,positive
ooh my seedlings are growing although the ones on the floor have gone all spindley and long probably from light deprivation,Sun May 17 02:20:09 PDT 2009,pennyllama,0,NO_QUERY,0,0,0.7934155,1,negative,negative
if youre going to buy it make sure your video card is compatible with the game i bought it only to find mines isnt,Sun Jun 07 10:21:00 PDT 2009,JUSTJIZZ,0,NO_QUERY,0,0,0.7761512,1,negative,negative
is in a bad mood need cheering up,Fri May 22 03:33:21 PDT 2009,sammie_mellors,0,NO_QUERY,0,0,0.76830024,1,negative,negative
was in the middle of her yummy pan de sal and coffee breakfast when she realized she was late for her meeting i want my pan de sal,Mon Jun 22 19:12:29 PDT 2009,chachachanel,0,NO_QUERY,0,0,0.78349733,1,negative,negative
sick of the taste of water brrr cold on kirsties new macbook in bed,Wed Jun 17 02:05:19 PDT 2009,JoshyBORG,0,NO_QUERY,0,0,0.86715484,1,negative,negative
ouch burned my hand cooking dinner and now have a nice collection of blisters,Fri Jun 19 04:13:36 PDT 2009,merrileefaber,0,NO_QUERY,0,0,0.5443633,1,negative,negative
lol have u thought about how many times ull see it in theaters,Mon Jun 01 06:48:31 PDT 2009,yadikeith,2,NO_QUERY,2,2,0.81648624,1,positive,positive
lovely day and still nothing to do,Sat May 30 04:08:56 PDT 2009,fashiionvictim,0,NO_QUERY,0,0,0.68467677,1,negative,negative
my work weekend begins,Sat May 02 07:58:06 PDT 2009,CrucialAdaption,0,NO_QUERY,0,0,0.68930405,1,negative,negative
dad on the treadmill hahah big lolll,Sun May 17 23:46:10 PDT 2009,abe_roflmao,2,NO_QUERY,2,2,0.8488821,1,positive,positive
your post number but it is very fitting isnt it,Sat May 30 04:13:49 PDT 2009,angryfeet,2,NO_QUERY,2,2,0.8403953,1,positive,positive
where is everyone,Sat May 30 16:43:21 PDT 2009,jstngu,0,NO_QUERY,0,0,0.8970685,1,negative,negative
hello i think this is a sign that it should be friday,Wed Jun 03 08:15:41 PDT 2009,AndyWendt,2,NO_QUERY,2,2,0.89296347,1,positive,positive
so im super hungry got sum chikbroc wr amp it was nastyyyy now wtf ima eat,Sat May 30 11:37:49 PDT 2009,MzHeNNy,0,NO_QUERY,0,0,0.6802142,1,negative,negative
a thats so cuuute,Wed Jun 24 23:44:42 PDT 2009,MistressVarla,0,NO_QUERY,0,0,0.56104344,1,negative,negative
ugh thanks for telling me you were going i wouldve gone to see you i miss you,Tue Jun 16 21:39:24 PDT 2009,samveilleux,0,NO_QUERY,0,0,0.875929,1,negative,negative
have fun wish your mums a happy mothers day for us,Sun May 10 01:31:56 PDT 2009,thestar_rage,2,NO_QUERY,2,2,0.85616565,1,positive,positive
i guess its about the binder cheers goes off to read quotit arrivedquot,Sun May 03 08:31:04 PDT 2009,FireboltX,2,NO_QUERY,2,2,0.86912704,1,positive,positive
dont leave phoenix,Thu Jun 25 00:23:57 PDT 2009,xodani,0,NO_QUERY,0,0,0.64026374,1,negative,negative
whats up with arina tanemura just looking at her arts im getting jelous whys she so good no wonder that i coopying her style now,Sun May 17 01:05:17 PDT 2009,Tomite,2,NO_QUERY,2,2,0.7728197,1,positive,positive
oh and i hate bots too said something once about bone marrow transplant followed by an association for that numerous examples,Sun May 31 01:45:54 PDT 2009,bindme,2,NO_QUERY,2,2,0.519868,1,positive,positive
woah that sharing stuff sounds awesome and ack i missed the halo preview,Mon Jun 01 12:21:11 PDT 2009,durangodawg13,0,NO_QUERY,0,0,0.8356067,1,negative,negative
yeah been waiting for the new season for a while,Sun Jun 07 09:35:22 PDT 2009,kajarra,2,NO_QUERY,2,2,0.75422275,1,positive,positive
thanx again daniel will do i like music si si is italian for yes,Mon Apr 20 04:08:44 PDT 2009,laperugina,2,NO_QUERY,2,2,0.8864847,1,positive,positive
cute concern respectful wellmannered hot yeah hes everything that girls want i guess but for me yeah,Sat May 30 01:07:25 PDT 2009,OINKOINKLOVE,2,NO_QUERY,2,2,0.8008833,1,positive,positive
has pins and needles in her tootsies,Wed Jun 17 06:58:00 PDT 2009,LindseyJensch,0,NO_QUERY,0,0,0.58508146,1,negative,negative
lmao dont worry i can handle it,Sun May 31 05:55:19 PDT 2009,hotsports,2,NO_QUERY,2,2,0.83696556,1,positive,positive
hahahahaa,Fri May 29 22:23:59 PDT 2009,tiffanyvita,2,NO_QUERY,2,2,0.86788565,1,positive,positive
hadnt realized how low my iphone charge was im back now and charging it,Sat Jun 06 09:17:29 PDT 2009,debmowry,0,NO_QUERY,0,0,0.6359096,1,negative,negative
to the gym then back to work,Mon Jun 01 09:09:26 PDT 2009,kfrech420,0,NO_QUERY,0,0,0.8138021,1,negative,negative
home and away love short stack almost as much as i love them but i think i love them more,Tue Apr 07 02:44:38 PDT 2009,__emilyy,2,NO_QUERY,2,2,0.67246,1,positive,positive
got up too early this morning loloh well gave me more time to myself lol,Sun Jun 07 10:17:59 PDT 2009,Aundrea_Silva,2,NO_QUERY,2,2,0.52688605,1,positive,positive
you think you could make any concerts not in michigan its quite hard for me to get over there i entered the concert but,Mon May 18 07:20:06 PDT 2009,ShadyBabe87,0,NO_QUERY,0,0,0.7015486,1,negative,negative
had good dreams last night its been a while,Fri May 29 08:06:04 PDT 2009,Dak831,2,NO_QUERY,2,2,0.6532849,1,positive,positive
we lt you tooo,Sat Jun 06 09:01:17 PDT 2009,kelllygraves,2,NO_QUERY,2,2,0.7758954,1,positive,positive
its still degrees outside,Sat May 30 23:06:54 PDT 2009,mrspadfield,0,NO_QUERY,0,0,0.6744273,1,negative,negative
i have a headache but im updating blog soon,Mon May 18 08:04:20 PDT 2009,Nubiasnonsense,2,NO_QUERY,2,2,0.5642347,1,positive,positive
hearing about all these people going to ascot im not going this year unless anyone wants to give me an invite for a corporate tent o,Wed Jun 17 05:46:30 PDT 2009,coscomputing,0,NO_QUERY,0,0,0.7480287,1,negative,negative
sometimes i feel so so emoand i do not know why i feel a song coming on,Tue Jun 02 22:51:59 PDT 2009,superstareve,0,NO_QUERY,0,0,0.7977341,1,negative,negative
i want to watch transformers dear robots hurry up,Mon Jun 22 20:40:57 PDT 2009,mariakaffa,0,NO_QUERY,0,0,0.7936538,1,negative,negative
of to play xbox rain outside hope it wont rain next week for download,Sun Jun 07 06:22:57 PDT 2009,LegendaryGaz,0,NO_QUERY,0,0,0.7473834,1,negative,negative
aww i want the warm weather back its was soo nice i hope its not cold for drayton manor s x i planned my outift like a month ago,Sat Jun 06 03:38:10 PDT 2009,indialauren,0,NO_QUERY,0,0,0.75832576,1,negative,negative
sunday morning its sunny im gonna go for a run,Sat May 16 23:55:46 PDT 2009,luc4982,2,NO_QUERY,2,2,0.89151084,1,positive,positive
yes i love them weird science better off dead breakfast club sixteen candles yeah,Sun Jun 07 20:43:26 PDT 2009,imanwilliams,2,NO_QUERY,2,2,0.8973062,1,positive,positive
awwe realli that sounds fun,Sun Jun 07 12:05:52 PDT 2009,The_Real_Luigi,2,NO_QUERY,2,2,0.8307168,1,positive,positive
being in paradise is apparently creating some sort of distorted sense of reality in your brain go magic,Sun May 17 11:36:23 PDT 2009,johndebo,2,NO_QUERY,2,2,0.72614926,1,positive,positive
sorry i missed your earlier tweets petemade myself have twitter free time day thanks the twitterholics support,Sat May 02 04:16:37 PDT 2009,pink2xs,2,NO_QUERY,2,2,0.79679155,1,positive,positive
there can be miracles when you believe though hope is frail its hard to care who knows what miracles you can achieve sings,Sat May 02 05:47:43 PDT 2009,NadiaFN,2,NO_QUERY,2,2,0.60666347,1,positive,positive
do it call me,Sat Jun 06 04:48:42 PDT 2009,ohyogi,2,NO_QUERY,2,2,0.8005572,1,positive,positive
actually i hate bikinis i wore my other one yesterday,Sun Jun 21 07:50:10 PDT 2009,NikiJ2011,0,NO_QUERY,0,0,0.8241371,1,negative,negative
done with sound check now i just gotta get my little girl ready for church it helps living minutes away,Sun Jun 07 06:59:15 PDT 2009,erikreagan,2,NO_QUERY,2,2,0.69815487,1,positive,positive
boooooooorrrrrrrrrreeeeeeeeeeedddddddddd and got the cold,Sat Jun 20 18:27:50 PDT 2009,tahlia66,0,NO_QUERY,0,0,0.8825664,1,negative,negative
yeah im good now thaaaaaaaaaaank youuuuuuuuuuuuu,Fri Jun 05 14:13:11 PDT 2009,coolasskelton,2,NO_QUERY,2,2,0.84840745,1,positive,positive
jozef gets hypnotized by music i wonder where he got that from,Sun May 31 06:29:13 PDT 2009,KeithPaulJason,2,NO_QUERY,2,2,0.69480354,1,positive,positive
okill find the twitvite when i get in front of a computer and ill rsvp,Fri May 22 07:25:44 PDT 2009,StyleNBeautyDoc,2,NO_QUERY,2,2,0.8125881,1,positive,positive
scheme or plot are the words id suggest but yes,Sun May 03 03:52:46 PDT 2009,Singularity,2,NO_QUERY,2,2,0.83792466,1,positive,positive
must go see the hangover,Sat Jun 06 00:01:23 PDT 2009,koolpersonrockz,2,NO_QUERY,2,2,0.7936013,1,positive,positive
im missing out on meeting bruce campbell right this moment,Sat Jun 06 11:26:52 PDT 2009,DavidTheStrange,0,NO_QUERY,0,0,0.8544933,1,negative,negative
dmed you back maam,Sat May 30 10:17:50 PDT 2009,MaybeMyBaby,2,NO_QUERY,2,2,0.6463142,1,positive,positive
haha im doing well im jus about to go get my report card from school then im going to a wedding laterr haha wbu,Sat Jun 06 06:01:12 PDT 2009,zacwoodward,2,NO_QUERY,2,2,0.80735785,1,positive,positive
people i may should know via,Mon Jun 01 14:52:24 PDT 2009,mariosundar,2,NO_QUERY,2,2,0.8421158,1,positive,positive
of course thanks babes no big party this year i kept it lowkey with carla now in vegas,Fri May 22 00:02:28 PDT 2009,iamdionnamarie,2,NO_QUERY,2,2,0.65917706,1,positive,positive
and the loser not only donates to charity but sings in public this could get interesting very fast,Sat May 30 06:30:28 PDT 2009,Starshadow,2,NO_QUERY,2,2,0.8762915,1,positive,positive
dont be jealousbe proud i did it alone i didnt last long couldnt get anyone to talk to me,Fri Jun 19 15:26:17 PDT 2009,jinka_jennifer,0,NO_QUERY,0,0,0.71168876,1,negative,negative
designers and the need to get disconnected you are not the only one,Sat Jun 06 21:47:22 PDT 2009,megan_e_allen,2,NO_QUERY,2,2,0.59694594,1,positive,positive
what i tried to say was it seems like the people of facebook dont agree i guess i fail cries,Fri May 29 16:03:52 PDT 2009,MiDesfileNegro,0,NO_QUERY,0,0,0.8294918,1,negative,negative
unfortunately they want me to pay a tenner just cause i have a touch miss gen gets it for free on her iphone,Thu Jun 18 11:07:59 PDT 2009,bunnyman2112,0,NO_QUERY,0,0,0.85930514,1,negative,negative
i feel like i have s much to do today but i cant remember any of it oh well going to the pool til i remember lol,Tue Jun 23 08:28:47 PDT 2009,AdrienneNycole,0,NO_QUERY,0,0,0.83743316,1,negative,negative
feels sleepy again side effect of the medicine,Tue Jun 02 02:29:32 PDT 2009,AngelwithShoes,0,NO_QUERY,0,0,0.8851534,1,negative,negative
otay i will see if i can come visit fashion show ooo la la ive never been to one before haha,Sun May 17 08:27:51 PDT 2009,fluxystar,2,NO_QUERY,2,2,0.81564105,1,positive,positive
just home from being with mates won no money gambling,Mon Apr 20 05:03:50 PDT 2009,Jac89p,0,NO_QUERY,0,0,0.70553833,1,negative,negative
oh don worry ull b fine jus take a good book wid ya or some noce movie in ur ipod keeps ya relaxed xxx,Mon Jun 01 10:18:30 PDT 2009,smacula,2,NO_QUERY,2,2,0.8967079,1,positive,positive
call of duty waw map pack th june,Sat Jun 06 05:02:32 PDT 2009,Codeyswearse,2,NO_QUERY,2,2,0.6982093,1,positive,positive
survived netball thank god the need to hit c didnt arise full game at wd was tiring enough oh and we won,Sun May 31 07:08:03 PDT 2009,bilff,2,NO_QUERY,2,2,0.58230156,1,positive,positive
trust me if i could do so i would have downgraded to ps cs normal edition while upgrading to cs this time,Wed May 13 23:20:22 PDT 2009,PatchouliW,0,NO_QUERY,0,0,0.6714497,1,negative,negative
hour minutes still on,Wed Jun 17 05:29:37 PDT 2009,Kristin61378,0,NO_QUERY,0,0,0.73192966,1,negative,negative
you need to post that to he always has isms going on around here,Sat May 02 04:36:48 PDT 2009,ncteacher77,2,NO_QUERY,2,2,0.84494007,1,positive,positive
quotno anestisia for you since it doesnt work on you anywayquot,Tue Jun 16 15:11:43 PDT 2009,mekatek,0,NO_QUERY,0,0,0.5441228,1,negative,negative
wonders who derrick rose is and why is everyone talking about him hahaha sorry wala akong alam sa nba,Sun Apr 19 08:23:58 PDT 2009,Waley,0,NO_QUERY,0,0,0.70949996,1,negative,negative
cool ill see you after work then def have to work on the thursday boo,Mon Apr 20 03:38:12 PDT 2009,theellibu,0,NO_QUERY,0,0,0.7278388,1,negative,negative
done packing,Fri May 22 00:24:59 PDT 2009,mobiledavidd,2,NO_QUERY,2,2,0.628921,1,positive,positive
who are you asking to call you you have to quotquot that person,Thu May 28 21:01:37 PDT 2009,Margaret76,2,NO_QUERY,2,2,0.841153,1,positive,positive
mr men at the range just been in to kidderminster the range and they have lots of mr men stuff,Sun May 10 04:18:04 PDT 2009,UKScrappers,2,NO_QUERY,2,2,0.8200191,1,positive,positive
football tonight so get to wtch friendss,Thu May 14 08:29:10 PDT 2009,EmilyMonteith,2,NO_QUERY,2,2,0.83274746,1,positive,positive
two words monday moring,Mon May 18 04:26:48 PDT 2009,ahoskinss,0,NO_QUERY,0,0,0.5278878,1,negative,negative
at eurovision hadises microfon goes on and off fun it was a bit boring noray yay iiiuu germanys song was like said iiiuuu,Sun May 17 03:31:25 PDT 2009,AlishesArzu,2,NO_QUERY,2,2,0.50170267,1,positive,positive
i saw another golden hour,Tue Jun 16 03:07:20 PDT 2009,rinintya,2,NO_QUERY,2,2,0.8018778,1,positive,positive
i cant receive quotequot in germany but i will search the video in the internet,Thu Jun 25 02:05:07 PDT 2009,LoyalSteffRose,0,NO_QUERY,0,0,0.67530924,1,negative,negative
just got home was flying in the sky but not anymore,Fri Jun 19 22:28:43 PDT 2009,kkmac3,0,NO_QUERY,0,0,0.8921397,1,negative,negative
shag is good busy as always i was out and about most of the weekend and watching naruto,Tue Apr 21 00:21:00 PDT 2009,bkGirlFriday,2,NO_QUERY,2,2,0.8651998,1,positive,positive
where do i report in im updating it on my blog via wordcount meter that count,Sun May 10 20:36:47 PDT 2009,ashleynewcomb,2,NO_QUERY,2,2,0.8714951,1,positive,positive
yawn in work anyone wanna bring me a starbucks,Tue Jun 16 01:48:25 PDT 2009,omgmashed,0,NO_QUERY,0,0,0.62232506,1,negative,negative
i think this would all be much easier if someone would just give me a car but oprah hasnt returned any of my calls,Mon Jun 22 12:07:13 PDT 2009,meredithcc,0,NO_QUERY,0,0,0.8587436,1,negative,negative
today is a big day the new jb album is coming out but when will he come to israel ill wait to it,Mon Jun 15 06:09:19 PDT 2009,tamamonet,2,NO_QUERY,2,2,0.5858133,1,positive,positive
at least you wont have to shave off your beard when you do the ballroom dancing thing not like when you were a clown,Mon May 18 06:39:00 PDT 2009,Nosceresworld,2,NO_QUERY,2,2,0.65421724,1,positive,positive
is going today to the gay parade were here were fierce get over it xd,Sun Jun 07 07:25:41 PDT 2009,Javijandro,2,NO_QUERY,2,2,0.8940854,1,positive,positive
i like how you think,Wed Jun 03 05:42:37 PDT 2009,MyBottlesUp,2,NO_QUERY,2,2,0.8608331,1,positive,positive
is boring in china want came back home,Wed Jun 17 02:22:53 PDT 2009,FrenchMiu,0,NO_QUERY,0,0,0.89036316,1,negative,negative
oooh dowry is another topic we cud debate days and end up confused i failed miserably in all my attempts,Sat Jun 06 22:05:52 PDT 2009,kuttyedathi,0,NO_QUERY,0,0,0.63896805,1,negative,negative
hannah montana was great hahahah carly twitters way too much,Sat Apr 18 21:32:01 PDT 2009,cupofkenzie,2,NO_QUERY,2,2,0.72967446,1,positive,positive
crensha,Sun Apr 19 04:58:58 PDT 2009,kimevol,2,NO_QUERY,2,2,0.78498656,1,positive,positive
boo,Mon Jun 15 16:52:33 PDT 2009,tracy_nyc,0,NO_QUERY,0,0,0.84116703,1,negative,negative
more week july th flolloping just perfectly describes the way she moves my belly hehe,Mon May 04 06:23:56 PDT 2009,stace8383,2,NO_QUERY,2,2,0.8719273,1,positive,positive
yeah ken something different tell us what you tonight for ex i missed out on the uncharted beta codes,Mon Jun 15 19:37:21 PDT 2009,richardoswald,0,NO_QUERY,0,0,0.6901563,1,negative,negative
back to columbus with my madre,Sun May 10 10:09:38 PDT 2009,rachelmartinn,2,NO_QUERY,2,2,0.70653623,1,positive,positive
got childcare now exam tomorow,Thu Jun 25 01:36:20 PDT 2009,CoralHowarth,0,NO_QUERY,0,0,0.7088164,1,negative,negative
omg please dont remind me im gonna run tonight when the sun sets,Fri Jun 05 09:13:59 PDT 2009,Rahelalicious,0,NO_QUERY,0,0,0.58656496,1,negative,negative
quotalright so well bring someone into our group just to kick them out then make tshirtsquot ohh dear its strictly love,Sun Jun 07 16:19:05 PDT 2009,AshleyStanton,2,NO_QUERY,2,2,0.812338,1,positive,positive
omg omg omg i wanna hear it now,Sun May 31 00:08:41 PDT 2009,kassieohhh,0,NO_QUERY,0,0,0.7705886,1,negative,negative
im bored i cant wait til saturday friday we will be buzzin cos well have tix for jb dddd,Sun May 03 07:59:19 PDT 2009,hayli_isabella,0,NO_QUERY,0,0,0.50337857,1,negative,negative
oh no hmm id offer to paint but do live a bit far away,Sun May 31 10:32:36 PDT 2009,JonsVeronica,0,NO_QUERY,0,0,0.7570352,1,negative,negative
but if yall really gonna unfollowdiddy atleast follow me to fill the void,Tue May 26 23:05:19 PDT 2009,love_primaDONNA,2,NO_QUERY,2,2,0.77106273,1,positive,positive
i hate postponing it closes my quotcreative chakrasquot,Sun Jun 07 04:45:47 PDT 2009,MySimeon,0,NO_QUERY,0,0,0.84899104,1,negative,negative
bahahahaha its pretty obvious everyone is cooler than me especially you holly youre too cool for school,Tue Apr 21 03:06:49 PDT 2009,BryceNeil,2,NO_QUERY,2,2,0.77857846,1,positive,positive
no ill try not to give up but i need a break thankyou for helping me get my thoughts more ordered,Sat May 02 22:28:59 PDT 2009,Aliquant,2,NO_QUERY,2,2,0.8368541,1,positive,positive
im wondering where the heck the sun went,Sat May 02 08:39:20 PDT 2009,jacquim,0,NO_QUERY,0,0,0.74469024,1,negative,negative
oooh u went to a santacruzan my dad went to pontevedra to watch i dnt knw if its the same santacruzan tho,Sat May 30 04:15:25 PDT 2009,tippyOquendo,2,NO_QUERY,2,2,0.52750915,1,positive,positive
ya is right mmmmmarkus,Thu Jun 04 22:28:58 PDT 2009,platformnine,2,NO_QUERY,2,2,0.8095957,1,positive,positive
youre such a rebel xo,Fri May 29 09:40:43 PDT 2009,pmbaird,2,NO_QUERY,2,2,0.7598732,1,positive,positive
nick found the last one,Mon Jun 01 09:58:56 PDT 2009,anambanana,2,NO_QUERY,2,2,0.5836859,1,positive,positive
passed on going to lilac fest to work,Sun May 31 13:24:37 PDT 2009,lazyjai,0,NO_QUERY,0,0,0.75627965,1,negative,negative
what a day didnt turn out the way i throught it would wont stop raining either misses her baby alot,Thu Jun 18 17:27:08 PDT 2009,Mari_Baby,0,NO_QUERY,0,0,0.8833852,1,negative,negative
is having a very lazy day,Sun Apr 19 08:24:46 PDT 2009,tezlong,2,NO_QUERY,2,2,0.70442325,1,positive,positive
so yeahi guess i dont get company this weekend so who wants to come hang out,Fri May 29 17:32:40 PDT 2009,strangeland924,0,NO_QUERY,0,0,0.71886796,1,negative,negative
yes may mass sa th,Sun Jun 07 06:41:27 PDT 2009,nicoroxrocks,2,NO_QUERY,2,2,0.7566139,1,positive,positive
grr i hate hayfever thats the bad thing about summer x x,Wed Jun 03 02:46:10 PDT 2009,JessicaFyfeBaby,0,NO_QUERY,0,0,0.8745187,1,negative,negative
tko baby go pac man chillin w fams in markham always funnn,Sat May 02 23:09:56 PDT 2009,Lil_JXO,2,NO_QUERY,2,2,0.8326113,1,positive,positive
haha i dont get mad i get even loleverything is peachy here in daynaland,Sat Apr 18 22:02:26 PDT 2009,DAYNADAY,2,NO_QUERY,2,2,0.75406677,1,positive,positive
lol side job start but yuck this one is kind of ugly,Mon Jun 15 17:30:32 PDT 2009,NVMY03ION,0,NO_QUERY,0,0,0.79144955,1,negative,negative
i have safari too just updated it today i think its kinda neat too but i miss the gray theme in the toolbar,Mon Jun 22 15:58:42 PDT 2009,cassiebabe36,0,NO_QUERY,0,0,0.7967762,1,negative,negative
this weather will be the end of me i love sunshine but not while i have to study inside all day,Sun May 31 02:39:56 PDT 2009,cedickie,0,NO_QUERY,0,0,0.77224886,1,negative,negative
man your hair looks a,Mon Jun 01 00:11:51 PDT 2009,biancacerise,2,NO_QUERY,2,2,0.78403366,1,positive,positive
maylla free right now,Sun May 17 11:59:55 PDT 2009,Sabrinabr20,2,NO_QUERY,2,2,0.8891086,1,positive,positive
i wish youd stop whirring silly laptop fans,Sun May 17 06:20:09 PDT 2009,LaRainbow,0,NO_QUERY,0,0,0.8243064,1,negative,negative
see why i need a job my husband says it my fault i say not so its my bff i will call her and she will fix,Wed Jun 17 14:49:10 PDT 2009,LaDonnaSellers,0,NO_QUERY,0,0,0.6211739,1,negative,negative
yes im finally joe sorry kevin,Tue Jun 23 10:52:49 PDT 2009,trillyMAYTEE,0,NO_QUERY,0,0,0.74385446,1,negative,negative
i knew it they showed you guys for like seconds on the play right before the half ended,Fri May 29 18:54:01 PDT 2009,__joker_,2,NO_QUERY,2,2,0.684845,1,positive,positive
making pasta salad for tomorrow hope my daria doesnt ditch me for her dude,Thu Jun 04 23:15:28 PDT 2009,NicholeAurora,0,NO_QUERY,0,0,0.52392143,1,negative,negative
thanks i appreciate it im scheduling a doctor appointment tmrw lol,Mon Jun 01 21:23:09 PDT 2009,laveenz,2,NO_QUERY,2,2,0.8464131,1,positive,positive
finally finished grease its not as great as i thought it would be,Mon Jun 22 17:05:59 PDT 2009,kellynguyenn,0,NO_QUERY,0,0,0.8674311,1,negative,negative
haha im obsessed w shopping still waiting for my mom though whats taking her so long aaaahh cant wait,Sat Jun 20 03:15:26 PDT 2009,elissajunarso,0,NO_QUERY,0,0,0.5730444,1,negative,negative
still keep crocheting n thinking if i should watch fringe as well crochet,Sat Apr 18 10:16:51 PDT 2009,escribitionist,2,NO_QUERY,2,2,0.7917259,1,positive,positive
i am not too sure i like this short hair thing very much,Mon Jun 22 17:17:06 PDT 2009,priyamooky,0,NO_QUERY,0,0,0.54414755,1,negative,negative
yup as i predicted my macbook ran out of space before it could render my documentary,Mon Apr 20 00:32:47 PDT 2009,cmygeek,0,NO_QUERY,0,0,0.8825371,1,negative,negative
school history science fcs math amp english,Thu May 14 04:10:44 PDT 2009,krystal_xo15,0,NO_QUERY,0,0,0.5545025,1,negative,negative
just got back from the concert it was amazing bad i got there when it was almost over,Sat Jun 06 18:38:00 PDT 2009,brokencutter101,0,NO_QUERY,0,0,0.85005313,1,negative,negative
moral of the story here maybe i need to quotapply myselfquot and show my true abilities or not eat chic fil a after p,Fri May 29 02:44:20 PDT 2009,JLMistric7,2,NO_QUERY,2,2,0.87137693,1,positive,positive
just remember gaz has done heartbeat and home and away and neighbours from hell lol hell be fine,Mon Jun 15 12:26:59 PDT 2009,shazbaz2007,2,NO_QUERY,2,2,0.7320653,1,positive,positive
i sent you a ms message they were having problems yesterday with following blocking and such thought you were made at me,Tue Jun 23 07:56:11 PDT 2009,Carylsixx,0,NO_QUERY,0,0,0.6337775,1,negative,negative
migraineeeee in ap english rawr xx,Tue Apr 07 08:03:36 PDT 2009,greenturrrtles,0,NO_QUERY,0,0,0.7752786,1,negative,negative
its amazing how much i miss my car been without him for hours wont get him back until tues hopefully no later,Thu Jun 18 22:51:55 PDT 2009,D6661,0,NO_QUERY,0,0,0.8992905,1,negative,negative
but to think about it id prefer someone in this country with indonesian citizenship more than anything,Mon Jun 01 02:02:34 PDT 2009,sigitt,2,NO_QUERY,2,2,0.7939124,1,positive,positive
there r many leadership theories more importantly there r avenues to express these only mind only heart heart amp minduse both,Sat Jun 06 14:31:24 PDT 2009,eaglesflite,2,NO_QUERY,2,2,0.6722094,1,positive,positive
at freddies having a cotch and ladyhawke is here just missing you my bajan beauty,Fri May 29 12:55:42 PDT 2009,sjburgerface,0,NO_QUERY,0,0,0.8751807,1,negative,negative
im not ditchin im barfin so sorry guys esotsm,Fri May 29 15:04:13 PDT 2009,TjTomorrowX3,0,NO_QUERY,0,0,0.8450035,1,negative,negative
month and days til my birthday,Mon Jun 01 22:09:58 PDT 2009,TiffanyAnn16,2,NO_QUERY,2,2,0.54204285,1,positive,positive
happy mothers day all the fabulous moms out there the world wouldnt run without us keep up the good work enjoy ur day,Sat May 09 21:31:44 PDT 2009,josaremama,2,NO_QUERY,2,2,0.69990206,1,positive,positive
youreeee myyy bfff tooo,Sun May 31 17:54:12 PDT 2009,CourtneyJBVFCHS,2,NO_QUERY,2,2,0.75981337,1,positive,positive
a new report ranks nebraska number one in fiscal happiness i th,Tue Apr 07 02:49:05 PDT 2009,twliciousness,2,NO_QUERY,2,2,0.8050703,1,positive,positive
hey im not at the cmts tonight either,Tue Jun 16 20:17:11 PDT 2009,rebeccana,0,NO_QUERY,0,0,0.6353492,1,negative,negative
quotgo mommy goquot viki is leaving the morning show on absolute radio,Thu Jun 18 23:36:27 PDT 2009,ryanmr,0,NO_QUERY,0,0,0.8991116,1,negative,negative
wolverine mmmmm,Sun May 03 00:15:00 PDT 2009,char_maine,2,NO_QUERY,2,2,0.8910592,1,positive,positive
same here by the time i can get there im sure itll be gone,Mon Jun 15 17:39:30 PDT 2009,ClarissaG,0,NO_QUERY,0,0,0.7287139,1,negative,negative
does she really care about me am i being boring idk i just want her back i love u but i wanna know wats wrong,Tue Jun 16 20:24:41 PDT 2009,AbbyIsMyName,0,NO_QUERY,0,0,0.86618924,1,negative,negative
yeah hmm i think so ive never been there before but it was like caravans there haha,Sun Jun 07 08:18:28 PDT 2009,sannajonsson,2,NO_QUERY,2,2,0.5766266,1,positive,positive
greek is like the best show ever to bad it is gone until aug,Mon Jun 15 22:02:20 PDT 2009,bignik31,0,NO_QUERY,0,0,0.892437,1,negative,negative
well did good on first test bombed nd one looks like rest of class did too finished paper coglab and quiz another test in hrs,Tue Apr 21 03:06:07 PDT 2009,davidwhite21,0,NO_QUERY,0,0,0.66133374,1,negative,negative
i feel me lonley i need you,Wed Jun 03 09:24:21 PDT 2009,teamvans,0,NO_QUERY,0,0,0.83230203,1,negative,negative
bea ill need at least a year to think of something really good,Sun May 31 16:19:54 PDT 2009,emilyrmurtagh,2,NO_QUERY,2,2,0.7241323,1,positive,positive
me and my michelle,Mon Jun 01 17:54:18 PDT 2009,bngates,2,NO_QUERY,2,2,0.678346,1,positive,positive
lol no its a general statement but it is true,Sat May 30 11:52:34 PDT 2009,sdlolo,2,NO_QUERY,2,2,0.8364073,1,positive,positive
i have made a special preview version of my book its not very good yet but its coming along,Sun May 03 12:19:39 PDT 2009,OffSanity,2,NO_QUERY,2,2,0.635092,1,positive,positive
last day of school but probably pulling an allnighter after graduation,Tue Jun 02 03:59:40 PDT 2009,manker20,0,NO_QUERY,0,0,0.51304406,1,negative,negative
hahaha i am leaving home before the breakfast starts,Sun May 31 14:17:20 PDT 2009,darrenporter,2,NO_QUERY,2,2,0.5140686,1,positive,positive
i really want to go to spain and france with my friends too,Wed Jun 17 20:41:33 PDT 2009,LegallyChelsie,0,NO_QUERY,0,0,0.80317783,1,negative,negative
i read the fun facts about quotireunite with missyquot im so excied i love samfreddie relationship even my family and friends,Mon May 18 03:19:53 PDT 2009,xtinefaustino,2,NO_QUERY,2,2,0.8542054,1,positive,positive
so restless ive been laying here for hours and cant sleep do you know how much that can add to a girls stress load,Tue Jun 02 21:28:49 PDT 2009,xteri,0,NO_QUERY,0,0,0.8291857,1,negative,negative
waitin for iphone g s in russia,Fri Jun 19 11:35:51 PDT 2009,iPen942,0,NO_QUERY,0,0,0.6503415,1,negative,negative
wah im at work being too hot wanna go parknic,Sat May 30 04:42:11 PDT 2009,nellclothing,0,NO_QUERY,0,0,0.8055489,1,negative,negative
at workthe first half of the day was stressfulthe second half is chilled have an important meeting tomorrow and campie awards,Fri May 29 02:42:55 PDT 2009,neethiisaac,2,NO_QUERY,2,2,0.5290816,1,positive,positive
wow thats pants we just got from first direct i feel your pain on duff exchange rates though,Mon Jun 15 05:20:59 PDT 2009,lcaller,0,NO_QUERY,0,0,0.7599715,1,negative,negative
thanks for the tweets it says sold out but i thought etsy auto picked up relistings,Sun Jun 07 09:10:59 PDT 2009,NiftyKnits,0,NO_QUERY,0,0,0.59427446,1,negative,negative
seems easy and reasonable to compare hard and dumb to equate,Tue Jun 16 08:09:51 PDT 2009,shaver,2,NO_QUERY,2,2,0.7529797,1,positive,positive
gefeliciteerd,Tue Apr 21 00:31:01 PDT 2009,Martinpullen,2,NO_QUERY,2,2,0.7020816,1,positive,positive
its sooo hot today i love the summer,Fri May 29 11:51:26 PDT 2009,beckyyOx,2,NO_QUERY,2,2,0.85595995,1,positive,positive
oh yes my dear all my fav djs in one place thursdays at monet def my new spot,Mon Jun 01 18:16:31 PDT 2009,Jamie1Elise,2,NO_QUERY,2,2,0.8165858,1,positive,positive
ahh sel ur last tweet is totally something i would do hes an idiot i wish i could bring you ice cream or something haha,Tue Jun 16 06:15:32 PDT 2009,aRiellex3,0,NO_QUERY,0,0,0.6643756,1,negative,negative
so jon and kate got a divorce today,Mon Jun 22 18:54:31 PDT 2009,AmbiiJ,0,NO_QUERY,0,0,0.8760589,1,negative,negative
sighhhhhhhhhhhhhhhhhhhhhhhhhhhhhh the imported ones are always better arent they,Mon Jun 01 06:57:18 PDT 2009,weeweeyun,0,NO_QUERY,0,0,0.67848885,1,negative,negative
hows this for immediate release baseball fanatics place fate of avatars on nearceller dweller series,Fri May 22 07:15:58 PDT 2009,PRtini,2,NO_QUERY,2,2,0.63775975,1,positive,positive
my summer plans just fell through,Sat May 30 12:45:46 PDT 2009,NataliexUndead,0,NO_QUERY,0,0,0.8399624,1,negative,negative
going to boston this weekend still planning on doing a mile run tomorrow or sunday morning,Fri May 22 06:37:33 PDT 2009,FollowJocelyn,2,NO_QUERY,2,2,0.7354716,1,positive,positive
trashcan frisbee having manicures and going to the barr w my lesbiansss loveeee ittttt,Mon Jun 15 18:05:41 PDT 2009,aspad43,2,NO_QUERY,2,2,0.87850815,1,positive,positive
random celine dion owns everything just so all of you know that i really wanted to go see her in vegas but never got the chance to,Sun May 31 10:45:25 PDT 2009,sapphiresmoke,0,NO_QUERY,0,0,0.68826336,1,negative,negative
i didnt realise losing bbc in the switchover was important until am this morning online buffering sucks but worth itx,Sun May 10 02:31:57 PDT 2009,JenLovesBecks,0,NO_QUERY,0,0,0.73999697,1,negative,negative
at james parents,Sun May 31 11:11:35 PDT 2009,chrisrawr,2,NO_QUERY,2,2,0.8440509,1,positive,positive
playing the guitar into ableton live and severely processingmangling the sound to create loops amp soundscapes bliss carry on then,Sat May 30 10:07:30 PDT 2009,scotsnow,2,NO_QUERY,2,2,0.678727,1,positive,positive
actually i knew he was kinda off the wall years ago saw him in cali once at a dinner he was an ass then also,Sat Jun 06 17:47:20 PDT 2009,randytho,2,NO_QUERY,2,2,0.7263553,1,positive,positive
me i really really want to go i thought i rsvpd today but apparently not,Tue Jun 02 07:25:08 PDT 2009,sakoola,0,NO_QUERY,0,0,0.8584891,1,negative,negative
thats awesome lol i live in the west so my accent is boring but i dont sound like a hillbilly cowboy or anything lol,Sun Jun 07 19:18:35 PDT 2009,irishsweetheart,2,NO_QUERY,2,2,0.6688814,1,positive,positive
grr oh and i succeeded in falling out with my entire family and each other i hate when stuff like that happens,Sun Jun 07 11:32:25 PDT 2009,Jamjar84,0,NO_QUERY,0,0,0.819705,1,negative,negative
sundays toast so ff to bed b another week in the boredroom,Sun Apr 19 00:37:52 PDT 2009,DaiDreima,0,NO_QUERY,0,0,0.6634832,1,negative,negative
i like sitting next to you and polly but im not,Sun Jun 07 13:25:18 PDT 2009,NaniKnocksville,0,NO_QUERY,0,0,0.804811,1,negative,negative
goood night gonnaaa watch the office tonite,Thu May 28 20:38:16 PDT 2009,hotsanriochick,2,NO_QUERY,2,2,0.7905749,1,positive,positive
okay i just twittered like hours ago im still tired what am i doing today lol lets ask branden,Sat Jun 20 12:08:11 PDT 2009,Charissie,0,NO_QUERY,0,0,0.55806214,1,negative,negative
omg both my kids ride now taking nat riding again today i love you millions xxx,Sun May 03 02:47:02 PDT 2009,lisa1326,2,NO_QUERY,2,2,0.8659598,1,positive,positive
you also kena fire drill ah maybe hot then higher chance for fire,Fri May 22 02:01:18 PDT 2009,redbeanjon,2,NO_QUERY,2,2,0.83908,1,positive,positive
i hate kirk but this movie is fucking w all the moviesseries,Sat May 09 19:49:50 PDT 2009,sarah_cb,0,NO_QUERY,0,0,0.8200719,1,negative,negative
have to wait till monday to find out what we are having today has been the let down kinda day,Thu Jun 18 16:47:19 PDT 2009,MGlavin,0,NO_QUERY,0,0,0.8523118,1,negative,negative
yogurtland yogurtland yogurtland,Tue Jun 02 18:24:34 PDT 2009,MonicaaSaays,2,NO_QUERY,2,2,0.8063772,1,positive,positive
trying to understand twitter,Sat May 30 12:32:36 PDT 2009,Mainebeader,2,NO_QUERY,2,2,0.76919305,1,positive,positive
yikes now i have no clues what to do,Tue Apr 07 00:39:48 PDT 2009,jnarin,0,NO_QUERY,0,0,0.8340392,1,negative,negative
haha fabtastic,Tue Jun 16 04:09:28 PDT 2009,Ellen_Stafford,2,NO_QUERY,2,2,0.82390505,1,positive,positive
he got me ridin past his bitches house,Sat May 30 14:13:58 PDT 2009,READYaimSMOKE,0,NO_QUERY,0,0,0.6263303,1,negative,negative
haha great minds and yes poor kailyn didnt know why she just wanted to know y,Tue Jun 16 00:21:52 PDT 2009,Kailynwailyn,0,NO_QUERY,0,0,0.8296793,1,negative,negative
noshit party was great working on a new track now and its raining in amsterdam,Mon May 18 06:12:08 PDT 2009,alexmotu,0,NO_QUERY,0,0,0.7632879,1,negative,negative
i know i have no idea whats causing it cuz it used to not be that way im revamping soon hopefully will find cause,Sun Jun 07 08:43:55 PDT 2009,mawbooks,0,NO_QUERY,0,0,0.6047017,1,negative,negative
on my way home i seriously need to buy some cake when i get to hurup going to see britney spears in july excited still no tour dvd,Thu May 14 05:56:08 PDT 2009,malenepoynter,0,NO_QUERY,0,0,0.7904917,1,negative,negative
at the quotsoukquot at madinat jumeriah dubai shops restaurants man made canals boats fake old style arabian buildings feels like vegas,Sat Apr 18 08:01:38 PDT 2009,purplepassport,2,NO_QUERY,2,2,0.7286144,1,positive,positive
off to starbucks right now last hours here,Sun May 31 09:22:30 PDT 2009,_meee,0,NO_QUERY,0,0,0.52283835,1,negative,negative
still searching for a copy of the old games workshop quotblood bowlquot game why does this have to be so hard to find at a reasonable price,Sun May 10 21:15:53 PDT 2009,rpmetzler,0,NO_QUERY,0,0,0.85879755,1,negative,negative
guaranteed to sleep well nighty night to you miss have a good slizzle bizzle,Sun Apr 19 05:38:37 PDT 2009,MrFlossy,2,NO_QUERY,2,2,0.87148005,1,positive,positive
props on the new spray bottle it makes me want to clean beds nonstop the rest of the grls agree,Sun May 31 08:33:05 PDT 2009,kristinka16,2,NO_QUERY,2,2,0.5866054,1,positive,positive
please pray for his motorcycle broke big time today on his way home from work praise god it did not go down broke the block,Sat May 30 06:34:42 PDT 2009,OneJane,0,NO_QUERY,0,0,0.7589672,1,negative,negative
tonight was so beyond busted i feel like crapp amp am really thinking about the people i surround myself with building up these walls,Thu Jun 25 01:21:26 PDT 2009,Jamesdhockett,0,NO_QUERY,0,0,0.7174405,1,negative,negative
whoa swine flu is spreading be careful everybody,Sun May 03 07:33:24 PDT 2009,Hookney,0,NO_QUERY,0,0,0.562265,1,negative,negative
i have some problems with flash as who can help me,Tue Jun 02 04:55:09 PDT 2009,Marijn1,0,NO_QUERY,0,0,0.62137216,1,negative,negative
uploading a new video its going to take about an hour and a half to upload though,Sat Jun 06 06:33:27 PDT 2009,Peterson8765,0,NO_QUERY,0,0,0.7016615,1,negative,negative
so many cool things at sallys i wish i had more money,Fri Jun 05 10:04:10 PDT 2009,Reizechan,0,NO_QUERY,0,0,0.8759646,1,negative,negative
now puppy you shouldnt eat seatbelts that bad for puppy bellies he cares but thats expenive dad fix too,Sun Jun 21 08:52:11 PDT 2009,Wyldceltic1,0,NO_QUERY,0,0,0.56458944,1,negative,negative
loving lifehubs missing out being indoors,Sat Apr 18 14:44:47 PDT 2009,kelleymoon,0,NO_QUERY,0,0,0.62325597,1,negative,negative
to it,Thu May 28 23:12:55 PDT 2009,SquarahFaggins,2,NO_QUERY,2,2,0.8182261,1,positive,positive
what did i do for such a long time i could finish that work a month ago but doing it right now must finish till tomorrow,Sun May 31 07:23:50 PDT 2009,handmadecards,0,NO_QUERY,0,0,0.7466094,1,negative,negative
yeahhes cool i like him and desmond though he hasnt done much this season,Sun May 03 17:34:07 PDT 2009,JeremyCShipp,2,NO_QUERY,2,2,0.62684166,1,positive,positive
awesome an old lady drove into our new car while it was parked only miles on it and a smashed fender,Sat May 16 21:19:08 PDT 2009,zenwheel,0,NO_QUERY,0,0,0.78685695,1,negative,negative
i cant sleepits only am here right now,Sat May 02 06:25:42 PDT 2009,TheOhanaMama,0,NO_QUERY,0,0,0.823297,1,negative,negative
well i know whats wrong with my spinebut nothing to fix it right now greattime for meds then bed timestory of my life,Fri Apr 17 21:25:21 PDT 2009,xmarycatherinex,0,NO_QUERY,0,0,0.63878846,1,negative,negative
my wish list for today more sleep even more sleep a hr body massage at cozy i dont think any of them will come true,Tue Jun 16 17:38:45 PDT 2009,dessey,0,NO_QUERY,0,0,0.67687166,1,negative,negative
landon now announces quotbig poopy comingquot every time im just waiting for him to yell that in a store for the first time,Sat May 09 22:11:28 PDT 2009,dagmarbleasdale,2,NO_QUERY,2,2,0.8768588,1,positive,positive
hope everything is ok during these tough timeskeep strong lifes to short for anger keep on singin xx,Wed Jun 03 03:53:44 PDT 2009,DanniLW90,2,NO_QUERY,2,2,0.64078176,1,positive,positive
isnt your background a tiled picture of a penis i think you should keep it,Sun May 31 18:16:33 PDT 2009,jaimiejocelin,2,NO_QUERY,2,2,0.8797017,1,positive,positive
im leaving tomorrow for a plane to my parents home country just not mine because i was born here so i am partly i wont see twitter,Sat Jun 20 12:42:50 PDT 2009,daiseyk922,0,NO_QUERY,0,0,0.8538622,1,negative,negative
just made a good classification of pastpaper essays into topics does not comfort me at all,Sun Apr 19 12:25:08 PDT 2009,pokupine,0,NO_QUERY,0,0,0.78389204,1,negative,negative
just get back from school,Mon May 18 03:01:41 PDT 2009,aisyacintantya,2,NO_QUERY,2,2,0.6606039,1,positive,positive
has the greatest mom in the world,Wed May 13 21:19:41 PDT 2009,bradimus,2,NO_QUERY,2,2,0.8860907,1,positive,positive
oii betch did you take out all the blue ones to give it to her hahahahhaa cant wait till she gets it,Sun May 10 08:04:11 PDT 2009,fionacitra,2,NO_QUERY,2,2,0.85353726,1,positive,positive
hey heading to bed before billy tells me to get off the computer leave stuff questions whatever,Sat May 02 02:06:59 PDT 2009,HotDogJake,2,NO_QUERY,2,2,0.6448128,1,positive,positive
i wonder whether the caa will ever pay me my money back months and counting,Wed Jun 17 06:05:09 PDT 2009,sophierouse,0,NO_QUERY,0,0,0.6667312,1,negative,negative
awww man runs house is playin too,Mon Jun 22 18:44:04 PDT 2009,Laidbackfella09,0,NO_QUERY,0,0,0.67976284,1,negative,negative
np,Mon Jun 01 02:50:00 PDT 2009,thes_r,2,NO_QUERY,2,2,0.55785674,1,positive,positive
just a hi why is it so hard te amo,Sat Jun 20 14:59:16 PDT 2009,juhgpoynter,0,NO_QUERY,0,0,0.7385779,1,negative,negative
wants more than anything to be home,Sun Jun 07 10:07:23 PDT 2009,sunnyjoslynn,0,NO_QUERY,0,0,0.891007,1,negative,negative
yeah work today never mind only one day then sun sun sun,Thu May 28 23:37:31 PDT 2009,shoptilldrop,0,NO_QUERY,0,0,0.51835144,1,negative,negative
nah im not dancin much this summer tbh havin a baton summer again its thee only time i get a chance,Sat May 02 12:38:24 PDT 2009,zozod,0,NO_QUERY,0,0,0.51765335,1,negative,negative
goin to retrieve our towed car not my fault,Fri Jun 05 14:34:38 PDT 2009,f0ll0wMarf,0,NO_QUERY,0,0,0.5727666,1,negative,negative
gf mine was on may nd im glad its over he he he,Sun May 31 02:32:30 PDT 2009,nongling,2,NO_QUERY,2,2,0.7617596,1,positive,positive
sorry at first i didnt see the writing on your handi was blinded by that incredibly gorgeous smile,Sun May 03 17:49:31 PDT 2009,RonGetzLucky,2,NO_QUERY,2,2,0.5563865,1,positive,positive
do not think that is forgivable by a macbook naughty girl,Sun May 10 09:44:19 PDT 2009,an_other,2,NO_QUERY,2,2,0.6149875,1,positive,positive
youre in the clear for now p,Mon Jun 15 13:48:21 PDT 2009,gabboucla,2,NO_QUERY,2,2,0.8966011,1,positive,positive
i didnt go out how was it i wanna go back soo bad havent been since aoki tho its so much fun r u goin next week,Thu Jun 25 04:51:37 PDT 2009,morganjin,0,NO_QUERY,0,0,0.853452,1,negative,negative
sadly yes most of the ones ive got have lacked sweetness even nicely perfumed small ones,Sat Jun 20 05:49:37 PDT 2009,megnut,0,NO_QUERY,0,0,0.68657565,1,negative,negative
oh no its my last day of donator status,Tue Jun 02 23:55:35 PDT 2009,ptrek85,0,NO_QUERY,0,0,0.8409497,1,negative,negative
i miss alreadyyy did you like the season finale andy samberg was so funny at the mma,Mon Jun 01 07:59:49 PDT 2009,EvyNAF,0,NO_QUERY,0,0,0.63880706,1,negative,negative
idkill a time machine go back in time and stop my self from watching that spectacular video ughhhhhhh,Fri May 29 21:17:28 PDT 2009,Mdothersh,0,NO_QUERY,0,0,0.7227287,1,negative,negative
im hurt now esspecially as your seeing the fairies and away with them lol,Fri Jun 19 11:42:44 PDT 2009,Pasqualealike,0,NO_QUERY,0,0,0.80788046,1,negative,negative
in other news like a jackass i did gardening in a bikini top now im still translucent on the front and lobsterized on the back ouch,Tue May 26 21:08:43 PDT 2009,corinekimball,0,NO_QUERY,0,0,0.6234353,1,negative,negative
love you miley im so exited for you soon paris peaceamplove,Mon Apr 20 05:04:34 PDT 2009,Lynaaa,2,NO_QUERY,2,2,0.85664403,1,positive,positive
i hope they find the passengers of the air france,Mon Jun 01 11:32:00 PDT 2009,squishyfox,0,NO_QUERY,0,0,0.698275,1,negative,negative
lol im getting stuff copyrighted but i just remembered that my job sells books of stamps for bucks so im good now hehe,Tue Apr 07 06:09:44 PDT 2009,1LovelyDreamer,2,NO_QUERY,2,2,0.8604879,1,positive,positive
waffles haha u better settle for pancakes dennys is hrs,Mon Jun 15 01:58:59 PDT 2009,Just_me_Eden,2,NO_QUERY,2,2,0.7805175,1,positive,positive
quotoh grow up brandonquotlittle kid talking to and elephant named brandon when they were drinking from oreo sticks,Sat Jun 06 05:11:03 PDT 2009,flamingokitty,2,NO_QUERY,2,2,0.89491314,1,positive,positive
i lovee progressive commercials flos grrreatt lt,Sat Jun 06 19:12:31 PDT 2009,bamitsalexis,2,NO_QUERY,2,2,0.87183905,1,positive,positive
jeez i couldnt stop reading im almost done with it,Sat Jun 06 22:57:29 PDT 2009,hannah_duh,2,NO_QUERY,2,2,0.5134756,1,positive,positive
i didnt see you amp didnt get your tweet till after the show hope you had fun i had the time of my life,Sun May 10 07:22:28 PDT 2009,Mlovesyou2,0,NO_QUERY,0,0,0.7520431,1,negative,negative
ugh two more papers to write and definitions lol real hs i jus wanna lay wit u tonite miss you tons,Sat May 02 00:13:34 PDT 2009,rmirelesz,0,NO_QUERY,0,0,0.8973399,1,negative,negative
aggravated about all the bs lately,Wed Jun 17 07:54:12 PDT 2009,Caramia523,0,NO_QUERY,0,0,0.84540594,1,negative,negative
needs a way to graduation,Sun May 17 07:47:26 PDT 2009,TaffHerbivore,0,NO_QUERY,0,0,0.7384567,1,negative,negative
my kids count down the days till saturday i hope its something they remember all of their lives,Sat May 09 19:16:09 PDT 2009,terrymyers,2,NO_QUERY,2,2,0.5109106,1,positive,positive
i would be there if i couldand im,Fri May 29 07:53:24 PDT 2009,bethlouizmacknz,2,NO_QUERY,2,2,0.6097797,1,positive,positive
basketball lake worth christian pm serious ballers only please,Sun Jun 07 13:11:10 PDT 2009,josiahpotter,2,NO_QUERY,2,2,0.6386531,1,positive,positive
she never called back,Tue Jun 23 15:03:45 PDT 2009,irene_velasquez,0,NO_QUERY,0,0,0.69224423,1,negative,negative
only send if they are inspirational lol,Fri May 29 22:16:21 PDT 2009,BethanyinFL,2,NO_QUERY,2,2,0.8467161,1,positive,positive
just hope that when the pain comes back its not too bad mine went on for days,Sat Jun 20 09:15:21 PDT 2009,allgobingo,0,NO_QUERY,0,0,0.78107905,1,negative,negative
why,Sat Jun 06 10:48:25 PDT 2009,headVURSESheart,0,NO_QUERY,0,0,0.89206624,1,negative,negative
watched the speidi special missin already were left w kristens annoying voice amp speidi gag most annoying couple ever,Tue Jun 02 22:02:20 PDT 2009,jrae_dotcom,0,NO_QUERY,0,0,0.89985174,1,negative,negative
feeling sleepy na have classes pa at,Thu Jun 25 01:33:15 PDT 2009,chili720,0,NO_QUERY,0,0,0.81333566,1,negative,negative
the weekend is hereno more work at least until monday,Fri Jun 19 12:55:22 PDT 2009,JoelScott7,0,NO_QUERY,0,0,0.7393813,1,negative,negative
a wouldnt like to think of sore throats in connection with harpersglobe with the state of sparky and all though,Sat Jun 06 02:22:29 PDT 2009,aethre,0,NO_QUERY,0,0,0.5765986,1,negative,negative
another day at ruby tuesday wooot but going home tonight so its good,Sat Jun 06 07:49:14 PDT 2009,KendraJansen,2,NO_QUERY,2,2,0.7817558,1,positive,positive
damnnew commentators just not the same feel,Sun May 17 02:38:22 PDT 2009,katydidinoz,0,NO_QUERY,0,0,0.84253746,1,negative,negative
done dont leave it too long to the next performance,Sat Jun 06 13:25:02 PDT 2009,adampeterfong,2,NO_QUERY,2,2,0.8296048,1,positive,positive
lol i have no problems with matching skirts or outfits,Fri May 29 00:50:05 PDT 2009,Mona26,2,NO_QUERY,2,2,0.88149,1,positive,positive
night,Sun May 10 19:16:36 PDT 2009,RealWorldCara,2,NO_QUERY,2,2,0.86570776,1,positive,positive
i will make a lady have triplets,Mon Jun 01 13:48:23 PDT 2009,peacluvtwilight,2,NO_QUERY,2,2,0.87972313,1,positive,positive
my tummy hurts off for the day busy rehearsal from show this thursday,Mon Apr 20 05:27:48 PDT 2009,eetrusky,0,NO_QUERY,0,0,0.8820706,1,negative,negative
going to the city tonight for supper with some friends got to get dressed up no jeans allowed,Wed Jun 17 14:29:00 PDT 2009,JPStevens,0,NO_QUERY,0,0,0.7218146,1,negative,negative
hahah operation kidnap,Sun May 03 19:01:13 PDT 2009,almmma,2,NO_QUERY,2,2,0.6014507,1,positive,positive
i thought you might be describing followfriday it is kind of bewildering,Fri May 29 10:00:41 PDT 2009,johnyepes,2,NO_QUERY,2,2,0.5247849,1,positive,positive
thnks for the vote of confidence kaasan but rly anyone can talk about using a fosmid subcloning strategy is clueless,Mon Jun 01 21:53:33 PDT 2009,hafelina,2,NO_QUERY,2,2,0.56563383,1,positive,positive
i have nothing to do today im soooooo bord,Sat May 30 10:03:40 PDT 2009,MissDavidHenrie,0,NO_QUERY,0,0,0.8537363,1,negative,negative
i aim to please,Mon May 18 05:41:41 PDT 2009,Sumayyah1,2,NO_QUERY,2,2,0.72892016,1,positive,positive
if your smart enough which will you pursue authority site with low traffic or noone with high conversion traffic,Mon Jun 01 08:43:24 PDT 2009,lutzsuarnaba,2,NO_QUERY,2,2,0.8644352,1,positive,positive
just checked the uk site but still no ship australia please let me know when site is back up or where else i can buy from,Sun May 03 16:32:54 PDT 2009,msakdesigns,0,NO_QUERY,0,0,0.850077,1,negative,negative
to be honest i normally find them very good certainly better than hsbc or rbs am on sunday is forgivable downtime,Sun Jun 07 07:50:09 PDT 2009,martiell,2,NO_QUERY,2,2,0.6712244,1,positive,positive
im glad the kittahs are with me so i dont have to be alone,Fri May 29 01:24:11 PDT 2009,LydiaBarling,2,NO_QUERY,2,2,0.5054657,1,positive,positive
i need to study i have a huge test tmro,Tue Jun 16 19:12:25 PDT 2009,ratherknots,0,NO_QUERY,0,0,0.8402742,1,negative,negative
going to sleep im really sleepy and tomorrow i have to wake up am to get my passport,Mon Jun 15 19:38:29 PDT 2009,NevitaVzla,0,NO_QUERY,0,0,0.88133967,1,negative,negative
my pleasure wish to heck i could find a decent recording of george clintons quotwe want the funkquot oh well,Sat Jun 06 20:26:46 PDT 2009,gammawaif,2,NO_QUERY,2,2,0.7872273,1,positive,positive
failing at populating databases steven ftl,Sat May 30 12:25:43 PDT 2009,stiao,0,NO_QUERY,0,0,0.82436264,1,negative,negative
sold of urre,Mon Jun 01 10:06:00 PDT 2009,Elricadon,2,NO_QUERY,2,2,0.5077807,1,positive,positive
i went to sleep late again last night and now im paying,Sat May 30 01:23:47 PDT 2009,Your_Secrete,0,NO_QUERY,0,0,0.5110485,1,negative,negative
ill be in germany june thru the th of june i love it lol,Mon Jun 01 16:41:33 PDT 2009,DJMARVLS,2,NO_QUERY,2,2,0.8759184,1,positive,positive
finishing up at therapyyaya heat packs then back to the gym until unofficial at florida tmrw happy that i saw,Mon Jun 15 08:12:19 PDT 2009,samk93,2,NO_QUERY,2,2,0.83806986,1,positive,positive
gonna be late to pick up trod,Fri May 29 21:33:02 PDT 2009,Crystal_Said,0,NO_QUERY,0,0,0.6864365,1,negative,negative
just checked your twitter psychamp indeed u r way negativeampaggressivenot good one who wants peace,Tue Jun 16 03:11:21 PDT 2009,sdanielleon,2,NO_QUERY,2,2,0.74075496,1,positive,positive
spent yesterday outside painting wood for the garden shed sparetimeproject today w sun the first tennis match i am well prepared,Sun May 17 02:45:48 PDT 2009,hquadrat,2,NO_QUERY,2,2,0.8520613,1,positive,positive
im already at mine i have a window it doesnt make it better,Mon Jun 01 08:30:16 PDT 2009,creative_home,0,NO_QUERY,0,0,0.8796827,1,negative,negative
i cant work that from my phone but i think itll overlay green on whatever i upload i need a real computer for this,Thu Jun 18 06:51:57 PDT 2009,Kimber_Ann,0,NO_QUERY,0,0,0.6229312,1,negative,negative
waking up without you,Mon Jun 01 19:47:33 PDT 2009,cassidy_lynne,0,NO_QUERY,0,0,0.8599188,1,negative,negative
going owt in a bit since its realii sunnyamp try to get a tan not gonna happenim pale lol,Mon Apr 20 03:22:48 PDT 2009,XxTiffanyxX,0,NO_QUERY,0,0,0.5796519,1,negative,negative
im super mad at mtv right nowthere volumn was messed up thru the whole preview of the new hills,Sun May 31 18:02:11 PDT 2009,erica_richard,0,NO_QUERY,0,0,0.7836937,1,negative,negative
where does the time go i remember when he couldnt hold his head up,Fri May 29 18:02:26 PDT 2009,Jazziy,0,NO_QUERY,0,0,0.83285135,1,negative,negative
i didnt watch a film yesterday wtf too distracted by street sharks and cardkaptors l,Mon Jun 15 06:29:54 PDT 2009,Out_Of_Step,0,NO_QUERY,0,0,0.8670948,1,negative,negative
thats where jeff and i will be look forward to seeing no sees chocolate with me this time david sorry,Wed Jun 03 05:59:05 PDT 2009,cascheller,0,NO_QUERY,0,0,0.7401781,1,negative,negative
ooc its okay though i think i can piece it together,Tue Jun 02 00:28:24 PDT 2009,nathanrdotca,2,NO_QUERY,2,2,0.71797115,1,positive,positive
im always on time sometimes i have to go onsite first thing though so thatd need discussinbut otherwise it sounds good,Wed Jun 03 06:08:34 PDT 2009,our_ayley,2,NO_QUERY,2,2,0.7447831,1,positive,positive
ughlast day off takin the pool back and gettin a slip n slide today,Sun May 31 08:14:19 PDT 2009,gaskeymarie,0,NO_QUERY,0,0,0.81158334,1,negative,negative
y am i up this time wth im sickypooo,Wed Jun 17 05:19:54 PDT 2009,SwaggerlikeCus,0,NO_QUERY,0,0,0.8862414,1,negative,negative
i also voted for you and now im going to bed i wish you a very good night and sleep well xoxo,Mon Jun 01 14:18:37 PDT 2009,30STM_Denalie,2,NO_QUERY,2,2,0.75730866,1,positive,positive
u know it sucks i work out of sats i wanna come lpool stupid work stupid trains may hace to get up to some mischief,Fri May 22 03:47:47 PDT 2009,Savvyhamster,0,NO_QUERY,0,0,0.8968071,1,negative,negative
whats going on stud,Sun May 17 02:41:11 PDT 2009,adenstonexxx,2,NO_QUERY,2,2,0.54967654,1,positive,positive
lmao u r hysterical so no sammies then ps i can not believe you ate paying vladamir to set up a treadmil lol,Fri Jun 19 12:23:25 PDT 2009,StephanieKingxo,0,NO_QUERY,0,0,0.7057314,1,negative,negative
this morning was rough after last nights festivities met lots of great people though thanks for organizing the event,Fri May 29 10:54:56 PDT 2009,tobybarazzuol,2,NO_QUERY,2,2,0.79461443,1,positive,positive
laying down some timber lol,Mon Jun 15 12:38:51 PDT 2009,nickoleeee,2,NO_QUERY,2,2,0.8275694,1,positive,positive
but thats life so im going to have to live with it even if it sucksoh well,Fri Jun 19 20:17:00 PDT 2009,Stephanie_52,0,NO_QUERY,0,0,0.53276736,1,negative,negative
forgot to take photos today im going to have to improvise,Mon May 04 01:47:17 PDT 2009,Akinimod,0,NO_QUERY,0,0,0.88554424,1,negative,negative
thats one of my favorite movies i love scary movies plus my lt jared padalecki is in it sucks how he dies tho lol,Sat May 30 15:20:51 PDT 2009,makeup_chica,0,NO_QUERY,0,0,0.8257419,1,negative,negative
dont hate me we all have flaws haha,Sat May 30 12:32:46 PDT 2009,waynooooo,0,NO_QUERY,0,0,0.6549003,1,negative,negative
getting ready for school od tired,Tue Apr 21 04:01:31 PDT 2009,BigDaddieKane,0,NO_QUERY,0,0,0.8529221,1,negative,negative
ok so im at lunch yay me rite i hope every ones day isnt rainy as mine,Mon Jun 15 09:25:06 PDT 2009,BillylakeG118,0,NO_QUERY,0,0,0.5305025,1,negative,negative
because you didnt go to the h street gym,Wed Jun 17 21:18:27 PDT 2009,RowinnDinosaur,0,NO_QUERY,0,0,0.85512745,1,negative,negative
twitterrific,Sun May 31 17:38:20 PDT 2009,Suikertje,2,NO_QUERY,2,2,0.8062972,1,positive,positive
music gets me through the day or shall i say night cant sleep,Fri Jun 19 23:02:01 PDT 2009,leeceuh,0,NO_QUERY,0,0,0.7676266,1,negative,negative
wow almost passed out whilst running today that would not have been good now watching college hill and eating mangoes,Sat Jun 06 13:28:06 PDT 2009,lakerscardinals,0,NO_QUERY,0,0,0.85540396,1,negative,negative
im jealous wanna drive a cbr too but im to short,Tue Jun 23 15:28:21 PDT 2009,EmilyStrange666,0,NO_QUERY,0,0,0.82141656,1,negative,negative
whhhhaaaat i havent tried that one shitass im getting lonely whats happening with my life lol,Mon Jun 01 07:09:50 PDT 2009,DavidGuison,0,NO_QUERY,0,0,0.87974584,1,negative,negative
abis makan es cincau hijau amp kwetiaw yum,Tue Jun 02 23:31:31 PDT 2009,nez13,2,NO_QUERY,2,2,0.7983711,1,positive,positive
who says that anyway,Mon Jun 01 06:24:25 PDT 2009,dougdan24,2,NO_QUERY,2,2,0.7025542,1,positive,positive
hope he gets back soon,Tue Jun 16 06:31:43 PDT 2009,THATBIRDIEGIRL,0,NO_QUERY,0,0,0.67882943,1,negative,negative
does the year in india count,Sat May 30 02:04:47 PDT 2009,jedidja,2,NO_QUERY,2,2,0.64816695,1,positive,positive
ughhh i fell asleep on the lounge now i dnt feel so good,Thu Jun 04 22:40:42 PDT 2009,Newy_ShortStack,0,NO_QUERY,0,0,0.590472,1,negative,negative
lol im just sayingdont get any ideas from the guys on chester street either,Sun Jun 14 23:07:44 PDT 2009,becca_shoe,2,NO_QUERY,2,2,0.81751895,1,positive,positive
hahaha i laugh hard at the bye bye byee partlt harryampdannys dances are classic,Sat May 30 22:41:38 PDT 2009,prettyclassic,2,NO_QUERY,2,2,0.8562422,1,positive,positive
phone absolutely out of commission after nineits ok my number will wake up to a blackberrybut it slows down my weekend,Sat Jun 06 17:28:35 PDT 2009,JsoSweet,0,NO_QUERY,0,0,0.68125063,1,negative,negative
at the melting pot happy hour yumm i hope i dont get bad gas from the cheese n beer lol,Tue May 26 22:47:36 PDT 2009,muhmaid,2,NO_QUERY,2,2,0.5860456,1,positive,positive
the day is looking good so far car in for repair at last and a parcel to be delivered,Mon Jun 01 23:38:45 PDT 2009,ladybug8320,2,NO_QUERY,2,2,0.67287654,1,positive,positive
thanks wheres your internship,Wed Jun 03 01:46:03 PDT 2009,kconnell,2,NO_QUERY,2,2,0.89264107,1,positive,positive
woooo orton that belt isnt hhhs its ortons and hes back on top wooo anyways heyyy,Mon Jun 15 21:27:27 PDT 2009,RawrrKelsx,2,NO_QUERY,2,2,0.82647353,1,positive,positive
sitting in modest yard watching sunset plane track across sky anyone can do this have wealth glad im not in jail,Fri Jun 05 18:58:12 PDT 2009,johnmarkgifford,2,NO_QUERY,2,2,0.79510814,1,positive,positive
ohs playing starstrukk on tv i want this video to come out already quotlemme get sexy for a minutequot haha nat,Sat Jun 06 09:56:12 PDT 2009,nevershoutnneka,2,NO_QUERY,2,2,0.78110313,1,positive,positive
going to brusters gettin me some cotton candy explosion,Fri May 29 17:35:06 PDT 2009,yagirlshan,2,NO_QUERY,2,2,0.895767,1,positive,positive
i must defrag my pouter now,Sun Jun 07 11:53:07 PDT 2009,Kaners76,0,NO_QUERY,0,0,0.6794668,1,negative,negative
goodbyes are never easy when do the tears start coming,Sat May 30 06:27:44 PDT 2009,oliviaelise,0,NO_QUERY,0,0,0.87693524,1,negative,negative
chicago trip delayed by one day due to sore throat and fever i think i caught it from margaret in one of her tweets,Mon Jun 15 04:44:09 PDT 2009,beautygirlsmom,0,NO_QUERY,0,0,0.86856675,1,negative,negative
had an amazingly unproductive day but i loved it time to go catch up on sleep,Sat May 09 21:01:32 PDT 2009,jack_love,2,NO_QUERY,2,2,0.79408634,1,positive,positive
i hope you feel better soon me and ashy spent like mins trying to shoo a fly outta the house last night x she got violent,Sat Jun 20 11:23:39 PDT 2009,IrishDivaJulie,0,NO_QUERY,0,0,0.80947596,1,negative,negative
am i a freak if i tell you i cried its unbelievable what mark has done to blers,Tue Jun 16 16:20:36 PDT 2009,Nuria_12686,0,NO_QUERY,0,0,0.7552375,1,negative,negative
morning sittin at work til,Thu Jun 18 05:17:02 PDT 2009,d4sqd86,0,NO_QUERY,0,0,0.7727914,1,negative,negative
cant log in its mucked upgonna sit in garden amp twit from theredidnt want to wast this week but it looks like it is going to be,Tue Jun 02 01:33:14 PDT 2009,karin_77,0,NO_QUERY,0,0,0.80182683,1,negative,negative
i think your tweeps are slacking offat one point his lead was down to about but now its over again,Sun May 31 13:26:07 PDT 2009,Huffleduck,0,NO_QUERY,0,0,0.6727155,1,negative,negative
twitter is stupid shit but still its funny,Sat May 02 06:27:50 PDT 2009,Bettyfbaby,2,NO_QUERY,2,2,0.7322522,1,positive,positive
i donated on the siteand i didnt even get a code thats ok though im gonna bring more to the concert great pics by the way,Wed Jun 17 16:52:30 PDT 2009,shawnasstoller,0,NO_QUERY,0,0,0.68781257,1,negative,negative
just got some of my copyrighted videos back onto yt theres a way to do it now,Sun Apr 19 11:30:30 PDT 2009,AmberRae24,2,NO_QUERY,2,2,0.8770536,1,positive,positive
ouchie pulled something,Sat Jun 06 20:02:31 PDT 2009,kkiimberrllyy,0,NO_QUERY,0,0,0.60495543,1,negative,negative
weekend was easy quotmy shawty is a quot neighbors evaded my traps so i watched motogp unpolite,Mon May 18 01:53:06 PDT 2009,Nziokxs,2,NO_QUERY,2,2,0.69425124,1,positive,positive
the sun is calling my name,Sun May 31 10:23:27 PDT 2009,kfox24,2,NO_QUERY,2,2,0.88323927,1,positive,positive
so watz new,Thu May 14 06:43:18 PDT 2009,Love_Magic7194,2,NO_QUERY,2,2,0.8551725,1,positive,positive
class of,Fri May 29 22:52:17 PDT 2009,littlelaurenita,2,NO_QUERY,2,2,0.59355116,1,positive,positive
that totally sucks ass through a straw bugger bum poop,Tue Jun 02 03:55:29 PDT 2009,endlessblush,0,NO_QUERY,0,0,0.8735092,1,negative,negative
shopping onlinesephora victorias secret hm intuition amp kitsonprlly my last time to shop for a whiiile,Sun May 03 17:12:38 PDT 2009,tonyakb,0,NO_QUERY,0,0,0.73022336,1,negative,negative
my wife told me about the green avatars yesterday but i didnt get around to doing something about it until today,Mon Jun 15 17:31:08 PDT 2009,xiape,0,NO_QUERY,0,0,0.85473895,1,negative,negative
added her but doesnt do much good when you talk and i dont understand,Wed Jun 17 14:12:49 PDT 2009,LuckyBailey,0,NO_QUERY,0,0,0.80425555,1,negative,negative
omg totally i wish no hookups at the moment,Tue Jun 16 21:53:15 PDT 2009,jskaphobe,0,NO_QUERY,0,0,0.85567945,1,negative,negative
blog site have u or chris ever been on it i only have followers,Mon Jun 15 16:04:33 PDT 2009,wezzbox,0,NO_QUERY,0,0,0.845053,1,negative,negative
it has failed you,Fri May 29 22:34:37 PDT 2009,random_nexus,0,NO_QUERY,0,0,0.81435686,1,negative,negative
morning bleezershould be happy but i dnt know tht emotion anymore,Sat Jun 06 09:45:39 PDT 2009,kingdaddy20,0,NO_QUERY,0,0,0.54326856,1,negative,negative
ah the morning after the night before recharged show was a buzz now i have to do very unrock n roll normal type things,Sat Jun 20 03:43:47 PDT 2009,50ftwoman,0,NO_QUERY,0,0,0.61554617,1,negative,negative
i dont think so im filming another travel documentary on satsun ill put the in your acct wish we could see you,Mon May 18 02:56:47 PDT 2009,globetrotteri,0,NO_QUERY,0,0,0.6882261,1,negative,negative
confederations cup horns are the bom lol playing a tape for minutes hopefully wk isnt this annoying,Mon Jun 15 12:51:09 PDT 2009,JavierMoraless,2,NO_QUERY,2,2,0.7082086,1,positive,positive
so tiredcant wait to hit the sac with that cold pillowi love sleeping d i wish the boo was there to cuddle though another day lt,Tue Jun 16 00:14:38 PDT 2009,mzsgrho,0,NO_QUERY,0,0,0.79286075,1,negative,negative
ronja in east frisia,Sat May 30 08:21:07 PDT 2009,bumgirl,2,NO_QUERY,2,2,0.66709626,1,positive,positive
but i actully slept for hours without waking up but woke up to find my heart rate very high and in midpanic attack,Sat Jun 06 12:38:07 PDT 2009,qmcgirl,0,NO_QUERY,0,0,0.8750073,1,negative,negative
back in cleveland,Mon May 18 01:50:34 PDT 2009,RJax12,0,NO_QUERY,0,0,0.53251946,1,negative,negative
played xbox until i got the red ring of death rip xbox,Sun May 31 09:26:08 PDT 2009,CocoBrutha,0,NO_QUERY,0,0,0.81097746,1,negative,negative
awhhhh mommy said not today,Sat Jun 06 15:19:07 PDT 2009,BiancaTonka3,0,NO_QUERY,0,0,0.884066,1,negative,negative
ok this move is stressing me out i just fell asleep again and woke up its like im completely exhausted,Wed Jun 17 21:08:20 PDT 2009,darthcueball,0,NO_QUERY,0,0,0.8323942,1,negative,negative
sooo nervous for this afternoon no telling how things will go,Tue Jun 02 04:01:49 PDT 2009,xoPennyLane,0,NO_QUERY,0,0,0.8041761,1,negative,negative
late amp be needing a few winks b i continue pat benatar shadows of the night,Fri May 29 00:27:31 PDT 2009,Javamomma,2,NO_QUERY,2,2,0.783553,1,positive,positive
i just read your blog it was hilarious haha it made me rofl i wish i was in the us so i could see you on tour,Sat May 30 11:08:35 PDT 2009,PaoloAlonso,0,NO_QUERY,0,0,0.52890235,1,negative,negative
i havint got tickets either but will b hard me go unfort i live in ireland,Mon May 04 03:26:25 PDT 2009,Rioghnach4,0,NO_QUERY,0,0,0.86593825,1,negative,negative
it will be at the litm newark avenue jersey city nj come one come all,Mon Jun 01 16:29:33 PDT 2009,lendmeyoureyez,2,NO_QUERY,2,2,0.8821228,1,positive,positive
off to workmeetings all day,Mon Jun 15 00:05:18 PDT 2009,livergirl7,0,NO_QUERY,0,0,0.8489389,1,negative,negative
its a quote by john barrymore an american actor,Sat May 02 07:58:09 PDT 2009,stephcoleiro,2,NO_QUERY,2,2,0.87687767,1,positive,positive
i know tomorrow is the dateyou could totally stow awayyou and lil beau,Fri May 29 18:39:39 PDT 2009,velmadaria,2,NO_QUERY,2,2,0.8259794,1,positive,positive
just woke up and i have to go to work im still on hawaii time and im waisting my days,Mon Jun 15 10:40:51 PDT 2009,Mrskatcarey,0,NO_QUERY,0,0,0.8475316,1,negative,negative
i was almost sick had an excruciating headache and then went to another party doubtless,Sun May 31 14:15:12 PDT 2009,simonplotkin,0,NO_QUERY,0,0,0.89575756,1,negative,negative
twitter is eerily quiet agreeing with that twitter has effectively killed its discovery aspect but replying would hide this,Thu May 14 00:29:06 PDT 2009,tenshirei,0,NO_QUERY,0,0,0.5004843,1,negative,negative
slowly getting situated in downtown savannah now someone give me a job,Sat May 30 12:28:46 PDT 2009,LalaJackson,2,NO_QUERY,2,2,0.8411081,1,positive,positive
back from vets with oscar cost me around so far gotta take him bk next week,Thu Jun 18 04:19:24 PDT 2009,MrAntony,0,NO_QUERY,0,0,0.8886499,1,negative,negative
i was just about to say my sister wont let ya hurt me like that and then she post that bullshit no love lol,Sat May 30 16:31:31 PDT 2009,Kristina4ISM,0,NO_QUERY,0,0,0.52968323,1,negative,negative
bam sonthats how its done today is the day,Sun Jun 07 00:05:55 PDT 2009,racheg196,2,NO_QUERY,2,2,0.7454935,1,positive,positive
we suggest bowling,Sun May 31 11:22:06 PDT 2009,HarlemLanes,2,NO_QUERY,2,2,0.8606587,1,positive,positive
i had a master plan where i would get a beagle named shane and a blueeyed cat named spencer,Sun Jun 07 13:02:57 PDT 2009,justamadrabbit,2,NO_QUERY,2,2,0.8242983,1,positive,positive
congrats buddy i was there didnt see you afterwards though,Sun Jun 07 17:06:02 PDT 2009,pcrowl,0,NO_QUERY,0,0,0.7415193,1,negative,negative
forcing myself to watch bravo to influence me to get my sew on projects to finish but so little time maybe next time ill save ti,Fri Jun 19 00:41:48 PDT 2009,__Anya__,0,NO_QUERY,0,0,0.6026247,1,negative,negative
kathy griffin my life on the d list seems so scripted this season so far not feeling it,Mon Jun 15 19:47:36 PDT 2009,jarod1180,0,NO_QUERY,0,0,0.833035,1,negative,negative
haha aww thnx kaysee sorry for late reply phone was on silent good luck on your games today,Sun Jun 07 13:31:39 PDT 2009,briandinosaur,2,NO_QUERY,2,2,0.68277925,1,positive,positive
family bbq so tired yet just cooked for im so going to sleep tonight no terminator,Fri Jun 05 16:46:39 PDT 2009,THEKyleMoffatt,0,NO_QUERY,0,0,0.88719445,1,negative,negative
still loading asot,Sat Apr 18 15:05:01 PDT 2009,tzwinn,0,NO_QUERY,0,0,0.65707463,1,negative,negative
that kid could be alexs twin we have the same jd shirt and who could be without their green boots too cute,Mon May 18 07:01:31 PDT 2009,Carly_FTS,2,NO_QUERY,2,2,0.8227409,1,positive,positive
home from work tired sick and cranky its been a long daygonna relax tonight and watch my marlins at fenway volstad vs wakefield,Tue Jun 16 15:29:15 PDT 2009,Sarah2713,0,NO_QUERY,0,0,0.85658383,1,negative,negative
is in science,Mon May 18 01:03:10 PDT 2009,austenp,2,NO_QUERY,2,2,0.56362224,1,positive,positive
back to work now i suppose enjoying the sunshine though,Fri May 22 06:06:28 PDT 2009,crghall,0,NO_QUERY,0,0,0.6914416,1,negative,negative
just got emotional watching james blunts carry you home,Wed Jun 17 04:02:25 PDT 2009,pwbbounce,0,NO_QUERY,0,0,0.6270236,1,negative,negative
the griswolds are in texarkana for the night,Fri Jun 05 18:26:00 PDT 2009,TXgirlie77,2,NO_QUERY,2,2,0.7755216,1,positive,positive
is working peacefully,Tue Jun 02 00:55:02 PDT 2009,yehuilin,2,NO_QUERY,2,2,0.74212956,1,positive,positive
nahhhhh not possible he could never hate u funny thing about them sockshe wore them in the mampg in prov lol,Thu Jun 04 10:11:05 PDT 2009,DsBabyGirl,2,NO_QUERY,2,2,0.63495666,1,positive,positive
much better,Mon Jun 01 19:08:37 PDT 2009,KitiaraTomsen,2,NO_QUERY,2,2,0.8722069,1,positive,positive
i think i picked the wrong program really debating my career choiceim serious,Sat Apr 18 17:13:32 PDT 2009,lgibbys,0,NO_QUERY,0,0,0.54651994,1,negative,negative
annoyed greg diddnt go through i guess well done holly,Fri May 29 14:30:06 PDT 2009,kirstiie223,0,NO_QUERY,0,0,0.7105845,1,negative,negative
thanks sweetie my wife finished th i finished th no trip to vegas for us,Sat Jun 06 18:58:28 PDT 2009,ronreddog,0,NO_QUERY,0,0,0.6639756,1,negative,negative
i love bb tweets there so spoilage,Sun Jun 07 12:52:32 PDT 2009,buffdavamp,2,NO_QUERY,2,2,0.69521534,1,positive,positive
just got back from filming at the track somuchfootage and now im gonna be bored for the rest of the night,Tue Jun 16 17:13:35 PDT 2009,emmyloo815,0,NO_QUERY,0,0,0.74849397,1,negative,negative
its so late long day tomorrow i need to majorly catch up on sleep,Tue Jun 02 19:59:13 PDT 2009,lejlaxo,0,NO_QUERY,0,0,0.87183774,1,negative,negative
like a week ago was getting mad bc he was being ignored and im going through the same thing lol,Sun Jun 07 15:25:38 PDT 2009,chantellmarie,0,NO_QUERY,0,0,0.7414985,1,negative,negative
drinking beechams at am never got up this early voluntarily in my life back to work today,Tue May 26 22:12:57 PDT 2009,eveningvicar,0,NO_QUERY,0,0,0.75188714,1,negative,negative
just cleaned mii scrolly ball,Sat May 09 21:56:18 PDT 2009,taylormonet23,2,NO_QUERY,2,2,0.6171774,1,positive,positive
unfortunately not just head n shoulders,Tue Jun 02 04:33:12 PDT 2009,AdrienneNycole,0,NO_QUERY,0,0,0.83489746,1,negative,negative
thats you i love the concert please come back again this year,Sun Jun 07 09:37:23 PDT 2009,MeloPlum,2,NO_QUERY,2,2,0.82401544,1,positive,positive
its looks like the lounge is creeping into the coldplay subforum,Mon Jun 01 02:07:23 PDT 2009,butadream,0,NO_QUERY,0,0,0.5692542,1,negative,negative
woman shot amp killed where is the un helicopter drop acid on people open the canadian embassy qc,Sat Jun 20 15:06:50 PDT 2009,Quaalude714,0,NO_QUERY,0,0,0.863561,1,negative,negative
its past in the morning and im finally done fixing my ipod night night,Sat Jun 06 00:07:10 PDT 2009,bjones0011,2,NO_QUERY,2,2,0.8791216,1,positive,positive
woo the punching bag is up now i cn work my arms at home legs in gym at skewl hehehe that amp skippin daily amp dance trainin me busy,Sat May 30 19:40:51 PDT 2009,dirtyrockdiva,2,NO_QUERY,2,2,0.84108377,1,positive,positive
isnt it i hope it made u smile too it worked for me,Mon Apr 20 04:58:39 PDT 2009,Lynseyrachel,2,NO_QUERY,2,2,0.79144,1,positive,positive
ok so its called twitter yet there are no birds i feel grossley mislead,Thu May 14 04:36:55 PDT 2009,CatBarry,0,NO_QUERY,0,0,0.81528443,1,negative,negative
oooh noice our summer is looking very busy too if there is free time and if my visa gets sorted we should meet up,Mon May 11 23:03:40 PDT 2009,Mediamum,2,NO_QUERY,2,2,0.6740981,1,positive,positive
just u remember i can pawn nubs too,Sun May 31 17:26:15 PDT 2009,amy4669,2,NO_QUERY,2,2,0.75423455,1,positive,positive
im red boo how short,Sat Jun 06 04:53:27 PDT 2009,ablackpanda,0,NO_QUERY,0,0,0.6681271,1,negative,negative
why thank you i knew i needed to start off with a bang,Sat Jun 06 10:19:59 PDT 2009,tehchrister,2,NO_QUERY,2,2,0.8948168,1,positive,positive
why thank you my baby is still sleeping unfortunately i couldnt sleep more than hours,Sun May 10 08:58:03 PDT 2009,kasey79,0,NO_QUERY,0,0,0.86798507,1,negative,negative
just got out of the shower,Thu Jun 04 22:34:49 PDT 2009,Karina_Escobar,2,NO_QUERY,2,2,0.8571895,1,positive,positive
how many hours are productive in a day do you really need to be hours in an office i think not i hope this will change soon,Wed Jun 03 07:12:57 PDT 2009,atamayo,0,NO_QUERY,0,0,0.5585594,1,negative,negative
thanks dont hurry i think i got most of it now anyways,Sun May 03 04:23:08 PDT 2009,EnidanEkieh,2,NO_QUERY,2,2,0.87411296,1,positive,positive
haha yes i should i still need to give you your hk present next week sometimeor i might pass it on through hannah,Sun May 31 07:26:03 PDT 2009,tygrreyzz,2,NO_QUERY,2,2,0.7961328,1,positive,positive
most likely down my local pub,Tue Jun 16 08:28:46 PDT 2009,Punkmunkyuk,2,NO_QUERY,2,2,0.6403107,1,positive,positive
good morning one and all woke up after hours of sleep and now staring at the lake its so pretty out here and pnly half hour from home,Sat Jun 06 06:25:12 PDT 2009,juliedemdam,2,NO_QUERY,2,2,0.7555265,1,positive,positive
so youre saying im wack aww,Sun Jun 07 08:33:29 PDT 2009,bitchville,0,NO_QUERY,0,0,0.68157965,1,negative,negative
all good things must come to an end,Sat Jun 20 20:35:18 PDT 2009,frozensolidone,0,NO_QUERY,0,0,0.7638317,1,negative,negative
thanks i should just rest but i have a busy day and deadlines,Thu Jun 25 07:36:16 PDT 2009,maddyhubba,0,NO_QUERY,0,0,0.56086373,1,negative,negative
argh i cant avoid spelling bee spoilers anywhere now i know the winning speller and word before having actually watched the bee,Fri May 29 08:57:42 PDT 2009,samosamancer,0,NO_QUERY,0,0,0.77092636,1,negative,negative
ooohh check this out i can say bye to you when youre away erm quotbyequot,Sun May 17 11:46:37 PDT 2009,artemai,2,NO_QUERY,2,2,0.8103508,1,positive,positive
bosch hydropower hot water systems suck spiders love em amp my brand new one cost an extra to clean out not covered by warranty,Sat Apr 18 21:06:00 PDT 2009,szo,0,NO_QUERY,0,0,0.8169662,1,negative,negative
she was at the sink area should have clarified in a second tweet of characters,Mon Jun 15 19:40:23 PDT 2009,savor,2,NO_QUERY,2,2,0.78876746,1,positive,positive
jim have a terrific week keep me in your prayers,Mon Jun 15 04:13:50 PDT 2009,SashaKane,2,NO_QUERY,2,2,0.8893665,1,positive,positive
omg you got to be fucking kidding me,Mon Jun 15 08:30:08 PDT 2009,DeeFrey,0,NO_QUERY,0,0,0.6315648,1,negative,negative
please please the only thing i want is you checkin my web dedicated to u,Sat Jun 06 13:16:58 PDT 2009,shhlaaliew,2,NO_QUERY,2,2,0.5254858,1,positive,positive
going to target,Sat Jun 06 15:07:54 PDT 2009,Caroline_Jonas,2,NO_QUERY,2,2,0.8820285,1,positive,positive
wow vigorously rubbing a mighty mouse scroll ball upside down on a piece of white paper got rid of its quotcant scroll downquot problem quick,Fri May 22 06:23:08 PDT 2009,Glutnix,2,NO_QUERY,2,2,0.8254441,1,positive,positive
my eye is still aching after being smacked with a vacuum cleaner plug by my almost year old cousin earlier so much for drawingday,Sat Jun 06 23:17:02 PDT 2009,chickwithpencil,0,NO_QUERY,0,0,0.8869829,1,negative,negative
twitting from my bedroom on my labtop while watching the hills season finale and lcs last episode ever,Sun May 31 17:15:23 PDT 2009,Fearless236,0,NO_QUERY,0,0,0.7824638,1,negative,negative
exploring twibble as a multiaccount twitter manager after seesmic suddenly gave up on me,Thu May 28 22:08:05 PDT 2009,rajonthemove,0,NO_QUERY,0,0,0.7435213,1,negative,negative
tryin to use redsnw but i wont run win vista bit ipod touch g,Sat Jun 20 02:39:05 PDT 2009,alexw01,0,NO_QUERY,0,0,0.88512665,1,negative,negative
running to gamestop to get cooking mama after about an hour of debating on it,Sun May 17 11:21:35 PDT 2009,thetiddlest,2,NO_QUERY,2,2,0.8529097,1,positive,positive
studying for a test on a sunday,Sun May 03 10:06:10 PDT 2009,BetsyK93,0,NO_QUERY,0,0,0.65066904,1,negative,negative
no worries we dont do them so we can get some in return thats not the point of it,Sat May 02 00:11:26 PDT 2009,vansunder,2,NO_QUERY,2,2,0.8070169,1,positive,positive
no fun for me today maybe candy and chrome tomorrow not sure yet though stupid house work errrrrrr,Sat Jun 06 10:28:35 PDT 2009,StayHeated,0,NO_QUERY,0,0,0.82812417,1,negative,negative
my room walls are boring i want to paint it and put up moooore posters but idk know of whatwho any ideas,Sun Jun 14 23:30:25 PDT 2009,heyzullxx,0,NO_QUERY,0,0,0.8021366,1,negative,negative
plz ctrlaltdel yourself from my presence kthnx,Thu May 14 00:06:15 PDT 2009,thisgirln,2,NO_QUERY,2,2,0.79829663,1,positive,positive
i meant the july bbq though your bikini bod is def to be admired,Sat Jun 06 02:14:11 PDT 2009,jnoelbell,2,NO_QUERY,2,2,0.83824694,1,positive,positive
so proud of everyone this season will miss those of you leaving and cant wait til next season for more times with those returning,Sat May 30 20:27:01 PDT 2009,DerekMacario,2,NO_QUERY,2,2,0.6343655,1,positive,positive
as long as you dont have a rash haha,Sat Jun 06 09:30:10 PDT 2009,Beatlesgirl06,2,NO_QUERY,2,2,0.7590011,1,positive,positive
hey the amity affliction are playing hot damn on the th with closure in moscow theyre pretty awesome too,Sun May 17 19:51:50 PDT 2009,bree_clare,2,NO_QUERY,2,2,0.87785274,1,positive,positive
but your getting married in two days,Thu Jun 04 10:53:54 PDT 2009,ashleyc33,2,NO_QUERY,2,2,0.7105667,1,positive,positive
cypress apartments in the fall and new phone on tuesday still miss sea dub,Fri Jun 05 21:34:02 PDT 2009,kkricketts,0,NO_QUERY,0,0,0.8992699,1,negative,negative
champions league back on tonight,Mon Apr 06 23:59:01 PDT 2009,brianmccoll,2,NO_QUERY,2,2,0.7905153,1,positive,positive
oooooh had forgotten about that wish i had time to put the kettle on,Fri May 22 06:55:46 PDT 2009,badgerboy69,0,NO_QUERY,0,0,0.86410224,1,negative,negative
haha thatll my follower count down quick sorry for emoting on twitter,Fri May 29 17:17:08 PDT 2009,erinteecee,2,NO_QUERY,2,2,0.8344623,1,positive,positive
got my ears pierced today had an eye test and got some socks going to wii fit tidy up and veg for the rest of evening good times,Mon Jun 15 08:04:11 PDT 2009,cathysaur,2,NO_QUERY,2,2,0.83381665,1,positive,positive
how was the gym last night and that tweet about unemployment is a little disturbing,Tue Jun 02 06:45:13 PDT 2009,bluface,0,NO_QUERY,0,0,0.85450184,1,negative,negative
my moms letting me drink amaretto slush today mmm,Sat Jun 06 14:07:17 PDT 2009,kellydonlan,2,NO_QUERY,2,2,0.70674974,1,positive,positive
aww what wrong leslie you should watch some videos and have some fun watch that interview i send that will make you laugh,Sun Jun 07 16:10:56 PDT 2009,MagicMileyCyrus,2,NO_QUERY,2,2,0.8247008,1,positive,positive
perhaps this might be true however it make the follically challenged individual look like one,Fri May 29 21:51:52 PDT 2009,Project_2501,2,NO_QUERY,2,2,0.7187377,1,positive,positive
scary stuff by the resortits never good when the hospitals helicopter lands on the road out front,Fri May 29 22:26:07 PDT 2009,babbs5250,0,NO_QUERY,0,0,0.8586076,1,negative,negative
not sure when im camping just yet but a trip to joshua tree or death valley is in the works,Mon Jun 01 15:33:07 PDT 2009,18percentgrey,2,NO_QUERY,2,2,0.618002,1,positive,positive
bored listening music just kinda woke up from falling asleep on the chair i luv him sooooo muchlt,Sun May 31 15:07:34 PDT 2009,bailey_ann_13,2,NO_QUERY,2,2,0.51453763,1,positive,positive
i am always here for help on choosing the nail color hahabut really,Mon Apr 20 23:45:37 PDT 2009,ksutt11,2,NO_QUERY,2,2,0.85641736,1,positive,positive
wow mommy just stopped following me i was like top rst now im no were be found on the list mm mm mm,Tue Jun 16 01:49:51 PDT 2009,coreymekell,0,NO_QUERY,0,0,0.8003062,1,negative,negative
i supposed to list my name in the philippines its too late to realize i have enlisted my name in singapore hahaha lol,Tue Jun 16 00:06:16 PDT 2009,lemmyxuz,2,NO_QUERY,2,2,0.56693286,1,positive,positive
a day of cleaning and pampering at the salon,Mon Jun 01 09:41:49 PDT 2009,609Princess,2,NO_QUERY,2,2,0.67921376,1,positive,positive
please show the way around here he needs to get into it,Tue Apr 07 07:14:40 PDT 2009,ccmaine,2,NO_QUERY,2,2,0.7177284,1,positive,positive
wheeeyyy heyy going shopping with my bestest beyotch today lol i haz naeee monieeezz tho but i can gossip amp window shop perfectly,Tue Jun 16 00:18:18 PDT 2009,GoJey,2,NO_QUERY,2,2,0.8588488,1,positive,positive
probably better than not waking in the long run heyo from k,Mon Jun 15 00:52:14 PDT 2009,proviso,2,NO_QUERY,2,2,0.8963218,1,positive,positive
we lost little trouble ferret this morning didnt even know she was sick,Tue Jun 16 06:17:12 PDT 2009,lilangel221,0,NO_QUERY,0,0,0.82352453,1,negative,negative
i wasnt going to prybut as long as your day went great thats all i need to know,Sun May 17 23:13:56 PDT 2009,theIntriguing1,2,NO_QUERY,2,2,0.6141121,1,positive,positive
i gots my teefs did and now my mouf tastes like rubbah,Tue Jun 23 15:57:54 PDT 2009,jmtotten,0,NO_QUERY,0,0,0.55571085,1,negative,negative
lol thatd be fun since i go everywhere anyways,Fri May 01 23:46:14 PDT 2009,KittyTaylor55,2,NO_QUERY,2,2,0.8210414,1,positive,positive
just heard the news that my twin cousins amp family from vegas are moving back in pi but why i feel sad and happy at the same time o,Sat Jun 20 03:02:17 PDT 2009,icaguila,0,NO_QUERY,0,0,0.89929724,1,negative,negative
feeling lost without my pnasty he is off having an adventure with my dad and brothersugh come home soon my lovelt,Fri Jun 19 12:49:47 PDT 2009,kaylaaleeann,0,NO_QUERY,0,0,0.6147039,1,negative,negative
needs to buy more csi cause he basically seen all of these like times or more,Sun Apr 19 00:25:04 PDT 2009,xdarrynashleyx,0,NO_QUERY,0,0,0.5906996,1,negative,negative
dear nice days please come when i dont have so much work to do,Fri Jun 05 09:08:24 PDT 2009,mindpunch,0,NO_QUERY,0,0,0.7662411,1,negative,negative
i hate when ppl cant be trusted or when u trust ppl u shouldnt trust,Tue Jun 16 09:32:57 PDT 2009,slik89,0,NO_QUERY,0,0,0.8686628,1,negative,negative
has lots of interstate trips coming up,Sun May 03 21:06:34 PDT 2009,brodes13,2,NO_QUERY,2,2,0.58464146,1,positive,positive
accountancy revision,Mon Jun 01 13:45:53 PDT 2009,glenn350z,0,NO_QUERY,0,0,0.86922157,1,negative,negative
damn now three homers for texas,Mon Jun 22 17:16:34 PDT 2009,DaMicroBlend,0,NO_QUERY,0,0,0.86013794,1,negative,negative
just finished my sociology examin my eyes it went pretty good ive decided to chill out with a good movie kingdom of heaven,Mon May 18 04:19:02 PDT 2009,jordz010,2,NO_QUERY,2,2,0.8645086,1,positive,positive
steel craving those shoes,Sat May 30 09:23:29 PDT 2009,kritsina30,0,NO_QUERY,0,0,0.84730965,1,negative,negative
yes ive attended bea five times couldnt go last year because i was months pregnant and also missed this time,Sat May 30 19:50:43 PDT 2009,rawsistaz,0,NO_QUERY,0,0,0.7935395,1,negative,negative
is at work,Thu Jun 18 18:43:45 PDT 2009,xxShellyBeachxx,0,NO_QUERY,0,0,0.8786024,1,negative,negative
lmao yea dats him he dnt even talk to me i hit him up amp he ignores me lol,Sat May 30 22:49:03 PDT 2009,kiannabanks,0,NO_QUERY,0,0,0.6240706,1,negative,negative
okay but only cuz youve been dealing with this s longer,Sat Jun 06 16:18:03 PDT 2009,flipflops,0,NO_QUERY,0,0,0.58137554,1,negative,negative
i cannot wait until i can finally turn that monfri alarm off for summer three exams down three to go,Fri Jun 05 21:56:51 PDT 2009,rachael2389,2,NO_QUERY,2,2,0.5454824,1,positive,positive
thats show banned at our house id try to leave my grandmas house when it came on its not like it used to be,Fri Jun 19 19:15:11 PDT 2009,babymakes7,0,NO_QUERY,0,0,0.8786399,1,negative,negative
why did you take the pic away,Sun Jun 07 07:51:16 PDT 2009,Heaven1975,0,NO_QUERY,0,0,0.88249767,1,negative,negative
forgot my phone was in my pocket so it was thoroughly cleaned today via the washing machinehooray for meno phone now,Sat May 30 22:21:57 PDT 2009,lilbeechgirl,0,NO_QUERY,0,0,0.6314307,1,negative,negative
welcome to berlin dude i leave berlin tomorrow so no lb show for me rock it hard,Tue Jun 16 03:19:53 PDT 2009,DantePosh,0,NO_QUERY,0,0,0.71639967,1,negative,negative
maintenance no way,Mon Jun 15 13:33:46 PDT 2009,charchee,0,NO_QUERY,0,0,0.86990094,1,negative,negative
i really really really suck at typography,Fri Jun 19 12:33:17 PDT 2009,rosalindwills,0,NO_QUERY,0,0,0.8947988,1,negative,negative
just off for a walk down the seafront typically the dark clouds seem to be closing in,Tue Apr 07 05:37:39 PDT 2009,saryp,0,NO_QUERY,0,0,0.69403726,1,negative,negative
i was gona have a go later ononce i get rest of pics you can do too if you like nd to c how many pics we getmight nd,Tue Jun 02 04:43:38 PDT 2009,kat_n,2,NO_QUERY,2,2,0.8126158,1,positive,positive
woah now thats something special and dont you try to photograph yourself driving home on the enfield,Fri May 29 01:24:09 PDT 2009,nakulshenoy,2,NO_QUERY,2,2,0.8760924,1,positive,positive
time for work get off around who wants to chill,Sun Jun 07 12:29:06 PDT 2009,lawlitsmorgan,0,NO_QUERY,0,0,0.65733427,1,negative,negative
roflmao,Mon Jun 01 00:49:41 PDT 2009,ileftmycookie,2,NO_QUERY,2,2,0.52892447,1,positive,positive
lazyso fabbb umm ps props to your hot ass boyfriend babygirllll,Sun May 03 19:36:21 PDT 2009,VanessaBABYYY,2,NO_QUERY,2,2,0.86140215,1,positive,positive
watching the hills seaon work later on,Fri May 22 04:56:09 PDT 2009,keriaann08,2,NO_QUERY,2,2,0.6638826,1,positive,positive
its true myspace has a lot more friends in the lower who arent on fb yet or even here o shocking i know,Mon Jun 01 21:35:22 PDT 2009,Dr_Jared,2,NO_QUERY,2,2,0.57755077,1,positive,positive
miss danger think the same of miss president,Sat Jun 06 19:18:33 PDT 2009,Yoyitha,2,NO_QUERY,2,2,0.5076091,1,positive,positive
probably not now the job i got is from pm mf so i think my hubby will have kids at pool more than me,Wed Jun 17 18:36:49 PDT 2009,dalissa,0,NO_QUERY,0,0,0.57004666,1,negative,negative
feeling like crap once again i hope this doesnt become a regular tuesday occurrence thankfully no fever probably stress though,Tue Jun 23 16:14:29 PDT 2009,oskr_nyc,0,NO_QUERY,0,0,0.79248714,1,negative,negative
doesnt feel that way today wondering where my joy went,Sun May 10 06:08:09 PDT 2009,bellclapper,0,NO_QUERY,0,0,0.807758,1,negative,negative
i can do more push ups than my boyfriend,Wed Jun 03 00:19:49 PDT 2009,hiChristiana,2,NO_QUERY,2,2,0.6906958,1,positive,positive
got high with my lil bro last night so funny didnt really have enough weed though just woke up jacked off and seriously want a cig,Sat May 02 10:42:36 PDT 2009,carltonblack,0,NO_QUERY,0,0,0.72732145,1,negative,negative
ohhh no was thinkingthought i might blog my thoughtsforgotten,Fri Jun 19 01:38:27 PDT 2009,FallingBullets,0,NO_QUERY,0,0,0.59062797,1,negative,negative
oh confirmed bachelors would do that,Mon Jun 15 13:07:19 PDT 2009,hidama,2,NO_QUERY,2,2,0.89917964,1,positive,positive
im thinking lion bars have declined in quality over recent years,Sat May 02 08:18:24 PDT 2009,DDaveJ,0,NO_QUERY,0,0,0.8996731,1,negative,negative
family guy marathon,Wed Jun 03 05:44:10 PDT 2009,JackieMangini,2,NO_QUERY,2,2,0.8668064,1,positive,positive
woah lbs give the lil one a smooch from me,Sun May 10 07:18:45 PDT 2009,MeredithRae,2,NO_QUERY,2,2,0.76820356,1,positive,positive
wishing i could have my own bernards watch so i could stop time for just a little bit starting to get now,Fri May 22 02:25:20 PDT 2009,sasparelda,0,NO_QUERY,0,0,0.79002964,1,negative,negative
thanks the file had corrupt gayness,Mon Jun 15 02:49:55 PDT 2009,vaninais,0,NO_QUERY,0,0,0.5056513,1,negative,negative
yup thats why im dying to get center rail again the pit was really tame even during ja i loved it after being sore lol,Mon Jun 01 22:06:30 PDT 2009,She_shines92,0,NO_QUERY,0,0,0.5179093,1,negative,negative
having trouble sleeping again,Sat May 30 21:47:05 PDT 2009,maiiiLe,0,NO_QUERY,0,0,0.84201527,1,negative,negative
i just want some spicy nacho doritos watch the dont got em,Sun May 31 11:01:27 PDT 2009,VikkSyn,0,NO_QUERY,0,0,0.80582273,1,negative,negative
going to akaaaaa,Mon Jun 01 17:58:28 PDT 2009,danithorne1,2,NO_QUERY,2,2,0.7178952,1,positive,positive
i need to stop falling asleep on the couch,Mon Jun 01 00:49:02 PDT 2009,NihonGoose,0,NO_QUERY,0,0,0.89813495,1,negative,negative
maybe thats how mio works,Sat Jun 06 07:15:27 PDT 2009,g54zw00dcy4u1ls,2,NO_QUERY,2,2,0.79950386,1,positive,positive
daisyboo is napping while mom not thelma runs over to the evil empire walmart for some essentials she took phone wher so no pic,Mon Jun 15 08:41:22 PDT 2009,nottnl,0,NO_QUERY,0,0,0.88182396,1,negative,negative
finding it hard to believe ive so stressed that i got shingles,Mon May 04 01:10:48 PDT 2009,503herbivore,0,NO_QUERY,0,0,0.8970292,1,negative,negative
mad at targetnow i dunno what to wear to my party,Sun Apr 19 01:35:36 PDT 2009,michelleasaurus,0,NO_QUERY,0,0,0.814949,1,negative,negative
yeyeah i wanna go to serendra,Sat Jun 20 00:55:35 PDT 2009,ilovejessyx3,0,NO_QUERY,0,0,0.76642245,1,negative,negative
is relaxing at home no more days off about a week amp a half of work ahead of me,Wed Jun 24 22:53:20 PDT 2009,armyandy503,0,NO_QUERY,0,0,0.60075074,1,negative,negative
i have to delete all these tweets so they dont get back to him haha,Fri May 22 06:29:48 PDT 2009,overmysoulradio,0,NO_QUERY,0,0,0.86850476,1,negative,negative
mmmm too slow on iphone still tossing btw bb and iphone right now annoy them,Sun May 03 22:36:50 PDT 2009,eugenehor,2,NO_QUERY,2,2,0.5639524,1,positive,positive
up for dmb dr then slept all day have a fever no big deal but dad couldnt come down tonight heres hoping for next weekend,Fri Jun 05 21:32:36 PDT 2009,myfavoritesong,0,NO_QUERY,0,0,0.884434,1,negative,negative
nothing i eat agrees with me i ate pizza earlier had the shits had pizza again feels like i gotta puke,Fri May 29 19:30:18 PDT 2009,fizdog,0,NO_QUERY,0,0,0.8300193,1,negative,negative
luckilly i dont need it till tomorrow around he is darn cute,Sun Jun 07 20:45:34 PDT 2009,DangerAmy,2,NO_QUERY,2,2,0.84972185,1,positive,positive
you and me bothbut i have to say that im like a magnet to drama and those jersey women ooozzz drama,Sat May 02 13:13:23 PDT 2009,kristencruz,2,NO_QUERY,2,2,0.87312955,1,positive,positive
ohhh lol im good,Thu May 28 21:52:18 PDT 2009,_rosieCAKES,2,NO_QUERY,2,2,0.88979393,1,positive,positive
my camera only lets me take a video for about minutes so i had to hurry with it yatrivia,Sat Jun 06 19:38:09 PDT 2009,PoloPony95,0,NO_QUERY,0,0,0.72372824,1,negative,negative
more days till i see in concert in seattle at the wamu theaterso excitedcomin from canada to see him lt,Fri Jun 05 22:40:29 PDT 2009,LovingGirlEmily,2,NO_QUERY,2,2,0.85477585,1,positive,positive
i do do the hide for every quiz i see but it seems there are just more and more of them facebookfail,Mon Jun 15 11:35:34 PDT 2009,geeksdreamgirl,0,NO_QUERY,0,0,0.64447546,1,negative,negative
handbrake not sure exactly what yet theyre looking into it and wiper blades which i replaced months ago,Wed Jun 03 03:25:43 PDT 2009,hworsnop,0,NO_QUERY,0,0,0.5829294,1,negative,negative
i feel like being stuck in my house for the last weeks is quite intoxicating im getting so flabby and yet unwell to go out gah,Thu May 14 07:43:01 PDT 2009,colcoomagnumar,0,NO_QUERY,0,0,0.89670616,1,negative,negative
hates being sexy in da rain but i luv ny xoxoxoxx,Sat Jun 20 19:28:53 PDT 2009,CRYSTALNYLA,0,NO_QUERY,0,0,0.63262707,1,negative,negative
or get a cab back,Sat Jun 06 23:23:44 PDT 2009,sawwaa,2,NO_QUERY,2,2,0.6620555,1,positive,positive
my daughter made the honor roll all quarters so i told her i would buy her some perfume she picked out quotpink sugarquot at sephora,Sat Jun 06 08:56:20 PDT 2009,QianaBrock,2,NO_QUERY,2,2,0.8295817,1,positive,positive
im a sucker for wild police chase videos however i really want to go out,Sat May 02 04:04:08 PDT 2009,sianhughes_,0,NO_QUERY,0,0,0.72997075,1,negative,negative
sundays are usually not fun to prove it im spending mine doing homework,Sun Apr 19 11:39:40 PDT 2009,victoria_g,0,NO_QUERY,0,0,0.84691447,1,negative,negative
i think it would be fun,Sun Jun 07 10:07:43 PDT 2009,oolexface,2,NO_QUERY,2,2,0.8517457,1,positive,positive
power cut,Fri May 22 00:45:34 PDT 2009,iGrace,0,NO_QUERY,0,0,0.89404833,1,negative,negative
i jet washed our patio yesterday something very satisfying therapeutic about this am i the only one,Tue Apr 07 08:15:50 PDT 2009,peterbrady,2,NO_QUERY,2,2,0.70821923,1,positive,positive
i cant belivie that lukas went home in robinson,Sun May 17 04:00:59 PDT 2009,nattiiizz,0,NO_QUERY,0,0,0.8419577,1,negative,negative
holds out a box of cookies is it still too late,Sat Jun 06 04:11:18 PDT 2009,hxcfairy,0,NO_QUERY,0,0,0.640177,1,negative,negative
i love my best friend quote of the week nobody can go back and start a new beginning but anyone can start today and make a new ending,Fri May 22 01:37:23 PDT 2009,Gillypiper,2,NO_QUERY,2,2,0.8612245,1,positive,positive
just home from unconvention knackered was well worth it though,Sat Jun 06 13:12:37 PDT 2009,parksofbathgate,2,NO_QUERY,2,2,0.7943325,1,positive,positive
nono its the effect,Fri May 29 01:29:42 PDT 2009,asmitter,2,NO_QUERY,2,2,0.5394398,1,positive,positive
hahaha ah too late lmao well okay see i only watched some amp omg it looks freaking amazing wait wanna hang morrow,Fri Apr 17 22:22:51 PDT 2009,angelaxjonas,2,NO_QUERY,2,2,0.5188413,1,positive,positive
just texted entire pledge class no one will go outside with me fml quotstudyingquot psh whats that,Fri Jun 05 14:21:02 PDT 2009,corner14,0,NO_QUERY,0,0,0.62665206,1,negative,negative
mm man i fell asleep ahha now im awake amp its raining lighting thundering amp im scared watching a movieamp tryin to get bak to sleep,Sat Jun 20 00:57:05 PDT 2009,kokristy69,0,NO_QUERY,0,0,0.863657,1,negative,negative
well were really not gonna be there on time to see dad then,Sat Jun 20 19:48:19 PDT 2009,valerina9806,0,NO_QUERY,0,0,0.7797489,1,negative,negative
i wish i had hair like jasmins from aladdin,Thu May 14 08:12:58 PDT 2009,sk8brdjade,0,NO_QUERY,0,0,0.89281315,1,negative,negative
earache,Sun Jun 07 21:05:46 PDT 2009,my_randa,0,NO_QUERY,0,0,0.6917977,1,negative,negative
and a number in irelandn dont forget us,Sat May 30 02:10:54 PDT 2009,sarahobrien_,2,NO_QUERY,2,2,0.8359862,1,positive,positive
enjoying my girls weekend with my girl miss my hubby but love the mommy and daughter time,Sat May 02 22:24:18 PDT 2009,michelleleikam,2,NO_QUERY,2,2,0.8532257,1,positive,positive
cant get osim now too early need some all time favourite hand massage,Mon Jun 15 13:17:18 PDT 2009,ginology,0,NO_QUERY,0,0,0.76624,1,negative,negative
i missed sth last night,Mon Jun 01 01:38:40 PDT 2009,lauravp2,0,NO_QUERY,0,0,0.89364576,1,negative,negative
and off to cambridge,Sat Jun 06 15:20:33 PDT 2009,meemles,2,NO_QUERY,2,2,0.5523888,1,positive,positive
im a smartieeeee legittttt,Tue May 26 21:37:09 PDT 2009,maryberryyyx3,2,NO_QUERY,2,2,0.81946146,1,positive,positive
when you actually click on the links the bargainous pricing disappears,Wed Jun 17 07:32:28 PDT 2009,logorrhoea,0,NO_QUERY,0,0,0.7886157,1,negative,negative
and i would be nothing without people like upay it forward,Sun Apr 19 11:20:46 PDT 2009,celebritymound,2,NO_QUERY,2,2,0.51933956,1,positive,positive
right am going to risk bed once more hope you get some sleep soon,Fri May 29 18:19:35 PDT 2009,mustntgrumble,2,NO_QUERY,2,2,0.6872283,1,positive,positive
somehow managed to pop my knee at work,Fri May 01 20:45:42 PDT 2009,auddiebug,0,NO_QUERY,0,0,0.7680228,1,negative,negative
i only joined twitter because donnie joined twitters actually not so bad it can be fun enjoy and thank you,Sat Apr 18 20:52:06 PDT 2009,NiagaraJennifer,2,NO_QUERY,2,2,0.8882385,1,positive,positive
someone bring me a smooothie pwease my throat is killllin,Sun May 03 06:06:28 PDT 2009,SuperSammie16,0,NO_QUERY,0,0,0.79576796,1,negative,negative
heading back home soo many new drawings to post,Sun Jun 07 02:40:09 PDT 2009,PaigeIsAPistol,2,NO_QUERY,2,2,0.8211698,1,positive,positive
have fun gets so crowded in those clubs which is why as a las vegan i try to steer clear ha,Sun May 03 00:51:02 PDT 2009,MrsVaught,2,NO_QUERY,2,2,0.6108247,1,positive,positive
after a busy days work if so enjoy,Sat May 30 01:14:36 PDT 2009,Goldenlight7,2,NO_QUERY,2,2,0.5478179,1,positive,positive
i am eating strawberry now keke,Tue Jun 02 08:30:19 PDT 2009,MyMandyy,2,NO_QUERY,2,2,0.89181113,1,positive,positive
lmfao word im still getting used to it and word i miss you too and im trying madd hard to get my parents to let me out,Fri Jun 19 23:17:32 PDT 2009,cstarrr,0,NO_QUERY,0,0,0.87827283,1,negative,negative
resting after tiring sose exursion not looking forward to dancing,Sun May 31 23:39:31 PDT 2009,vintagechik,0,NO_QUERY,0,0,0.8032882,1,negative,negative
i feel for you when we moved to nh our only option was direcway so we invested mos later dsl became available,Sat Jun 06 10:30:02 PDT 2009,between2wheels,0,NO_QUERY,0,0,0.6571535,1,negative,negative
no more good sports on tv til football season,Sun Jun 14 23:20:11 PDT 2009,ajk3e,0,NO_QUERY,0,0,0.84944564,1,negative,negative
is june th at pm on th st and camelback i hope you will attend the east valley in july how are you,Sat May 30 23:59:48 PDT 2009,Knot2serious,2,NO_QUERY,2,2,0.8675811,1,positive,positive
k ppl yall told me not wrk too hard tonite and i slowed it dwn once ha my body is thankin me right now ahh no body aches nite,Fri May 22 01:43:11 PDT 2009,singlexxx,2,NO_QUERY,2,2,0.56889415,1,positive,positive
youll get a call from doubletake but it could be another party inviteyou never know with us,Fri May 22 07:46:04 PDT 2009,TalonNYC,2,NO_QUERY,2,2,0.6533116,1,positive,positive
had mammoth bitching sesh at work its good for me,Tue Jun 02 00:06:10 PDT 2009,brypie,2,NO_QUERY,2,2,0.566002,1,positive,positive
hi yuhh im back sorta was fixin up some wp side dishes,Tue Jun 16 00:10:11 PDT 2009,webaddict,2,NO_QUERY,2,2,0.85826886,1,positive,positive
yeah that plane ticket ruins everything although im back in the tdot soon so it shouldnt be too too bad,Mon Jun 15 04:41:44 PDT 2009,Puls8,0,NO_QUERY,0,0,0.82905555,1,negative,negative
i kno girl i need to get to a comp asap lol so u gon work on gettin me that sig pweez,Sat May 02 23:03:51 PDT 2009,La_Bella_Vita22,0,NO_QUERY,0,0,0.6058116,1,negative,negative
hmmm i can smell thal yummo smell ryt nw guess its ready to be tuck in oledy,Sun Jun 07 06:05:20 PDT 2009,KeziaLyla,2,NO_QUERY,2,2,0.6504913,1,positive,positive
applying his eyeliner in preparation for esut girls dont like me,Mon May 04 06:32:32 PDT 2009,flipthetape,0,NO_QUERY,0,0,0.76381904,1,negative,negative
think ill go see quotupquot by myself tomorrow night since my son will be whis daddy,Sun May 31 07:34:10 PDT 2009,ahecht25,2,NO_QUERY,2,2,0.7933648,1,positive,positive
o i tried all of them like seconds after you put them up im neverr getting one,Thu Jun 18 15:44:28 PDT 2009,bennasher,0,NO_QUERY,0,0,0.5673603,1,negative,negative
a sniff i heart you that songs coming up,Fri Jun 05 18:35:51 PDT 2009,BSBSavedMyLife,2,NO_QUERY,2,2,0.784707,1,positive,positive
if i go itll only be to see you guysim trying to work out a cornerstone road trip though so ill hopefully see ya then,Sun May 31 12:18:19 PDT 2009,Jeremy__Davis,2,NO_QUERY,2,2,0.7552733,1,positive,positive
interesting seems as if usage is intense i dont consider mbmonth a lot though maybe the govt needs a bigger pipe,Sun May 31 01:39:41 PDT 2009,lfkrebs,2,NO_QUERY,2,2,0.5218821,1,positive,positive
my apologies for meeting too only got home from hol today and am trying to get ready for tomorrow,Sun Apr 19 03:38:53 PDT 2009,mobbsey,0,NO_QUERY,0,0,0.81282425,1,negative,negative
yeh im feeling alot better now thank goodness,Mon May 18 01:29:02 PDT 2009,Sazinwonderland,2,NO_QUERY,2,2,0.8852064,1,positive,positive
sitting and trying out the purpose of life then i realized that figuring out the purpose of twitter will help me further,Wed Jun 03 01:34:22 PDT 2009,getclikdbyaniSh,2,NO_QUERY,2,2,0.83949804,1,positive,positive
its a shame coz its not her fault your mums lovely shed never do anything to deliberatly hurt anyone xx,Sat Jun 06 14:02:53 PDT 2009,JessMcFlyxxx,0,NO_QUERY,0,0,0.6854413,1,negative,negative
its the apprentice tonight right,Sun Jun 07 03:24:40 PDT 2009,kyoisorange,2,NO_QUERY,2,2,0.8558999,1,positive,positive
a i love you too hugz,Tue Jun 16 06:32:47 PDT 2009,FayeV3,2,NO_QUERY,2,2,0.8547257,1,positive,positive
i would like to add that i am joking about said hopes if i am to be ravished in the back of a white van id prefer attractive women,Sun Jun 14 23:19:51 PDT 2009,Esserz,2,NO_QUERY,2,2,0.7990319,1,positive,positive
i dont think it took as well as loreal brasilia but then brasilia makes me look emo,Sat Apr 18 07:46:24 PDT 2009,lollipop26,2,NO_QUERY,2,2,0.50800705,1,positive,positive
its not fair we only get weeks,Sun Apr 19 02:57:32 PDT 2009,jesswags,0,NO_QUERY,0,0,0.868647,1,negative,negative
firstrecord it was either shaun cassidy or leif garrett on vinyl i still have them,Fri May 22 06:01:00 PDT 2009,cubiclequeen,2,NO_QUERY,2,2,0.5637506,1,positive,positive
laying outside in thee suntext me kyle lt,Sun May 31 13:26:58 PDT 2009,HDentE85,2,NO_QUERY,2,2,0.7393236,1,positive,positive
in seattlehate the weather,Tue Jun 23 11:05:04 PDT 2009,dccannady,0,NO_QUERY,0,0,0.60612774,1,negative,negative
like i said dougie your vhot so that overrides all teh dumb things youve ever said xxxxxx,Sun Jun 07 13:37:52 PDT 2009,LaurenACTIVE,2,NO_QUERY,2,2,0.7339508,1,positive,positive
did you see my self portrait yesterday,Sun Jun 07 02:23:46 PDT 2009,bitfiddler,2,NO_QUERY,2,2,0.83596987,1,positive,positive
we need another kemp right about now,Sun May 03 19:51:36 PDT 2009,tericee,0,NO_QUERY,0,0,0.5627074,1,negative,negative
my last hrs of sleep werent good i got woken up around and couldnt really fall back asleep dont u hate that,Tue Jun 23 08:02:37 PDT 2009,MsXtina23,0,NO_QUERY,0,0,0.8629986,1,negative,negative
just heading into library for final cramming before exams tomorrow set theory was much harder than expected,Sat Jun 06 23:45:37 PDT 2009,david2587,0,NO_QUERY,0,0,0.80845374,1,negative,negative
quotfrom my lungs to yours from your mouth to minequot sometimes i wish i can write beautiful lyrics like he does goodnight,Sat May 02 07:53:00 PDT 2009,Ashmrx,2,NO_QUERY,2,2,0.54296523,1,positive,positive
this is a list of the greek foods i tried chicken souvlaki pastitsio tiropita yahni beans tsoureki finikiaopa,Sat May 30 22:35:20 PDT 2009,CreativeSoul,2,NO_QUERY,2,2,0.7878782,1,positive,positive
still trippn bout tha nuggets game last night oh well another one bites tha dust but i will be locked n until its over,Sat May 30 11:39:49 PDT 2009,MzYolow,0,NO_QUERY,0,0,0.8077141,1,negative,negative
aww i wish there was sun out here then i can get a tan walks it out go meee go meeee,Fri May 29 10:21:22 PDT 2009,FieFieSoMajor,0,NO_QUERY,0,0,0.8140921,1,negative,negative
my is school comtuper chat makeing,Tue Apr 07 02:13:47 PDT 2009,by_mihni,2,NO_QUERY,2,2,0.74758446,1,positive,positive
wants to finish this assignment but when i do ill just have to start another one,Tue Apr 21 02:22:25 PDT 2009,Nallawalla,0,NO_QUERY,0,0,0.79954153,1,negative,negative
i might have to go where the money is,Fri Jun 19 22:04:21 PDT 2009,mikesum32,0,NO_QUERY,0,0,0.76070666,1,negative,negative
what up tweeple so what are yall up to tonight im bored talk to mei have no one to talk to childhood deja vu,Sat Jun 20 17:50:52 PDT 2009,xOMsAprylOx,0,NO_QUERY,0,0,0.81297904,1,negative,negative
i need a basic calculator for science but i dont think i have one i only have scientific calculators,Mon Jun 15 20:19:34 PDT 2009,charxyeung,0,NO_QUERY,0,0,0.8355822,1,negative,negative
dropped my van at the garage rode to work on the bike,Wed Jun 17 22:53:56 PDT 2009,chaitanyak,0,NO_QUERY,0,0,0.7868882,1,negative,negative
but ive done it when i was little but they need to pay me haha maybe i was or then,Sun May 17 23:30:22 PDT 2009,magh,2,NO_QUERY,2,2,0.51318204,1,positive,positive
grr gt french exam then math right after science exam friday then summer,Mon Jun 15 05:19:34 PDT 2009,MusicISmyLOVER,0,NO_QUERY,0,0,0.5870779,1,negative,negative
marion has gone home,Tue Jun 16 23:52:11 PDT 2009,lilyy_loves_you,0,NO_QUERY,0,0,0.87631285,1,negative,negative
i think i like this one better,Mon Jun 15 19:00:12 PDT 2009,theloveyoumake,2,NO_QUERY,2,2,0.8235964,1,positive,positive
assignment assignment assignment trackle,Mon Jun 22 17:11:30 PDT 2009,Janani2109,0,NO_QUERY,0,0,0.5716259,1,negative,negative
having to drive to bath just as coverage of lions starts lions,Sat Jun 06 05:30:02 PDT 2009,stuartbrown,0,NO_QUERY,0,0,0.7552481,1,negative,negative
it wouldnt be isihac without jeremy quotattemptingquot one song to the tune of another or murdering pick up song,Tue Jun 16 01:58:38 PDT 2009,mittfh,2,NO_QUERY,2,2,0.64382124,1,positive,positive
guess ill make coffee and a frickin quilt if i cant sleep,Sat May 30 03:58:56 PDT 2009,honeybeehill,0,NO_QUERY,0,0,0.53499746,1,negative,negative
i think isnt the only one whos tweets got deleted cant find some of mine oh well too sleepy to worry about it now night,Thu Jun 18 23:04:00 PDT 2009,AmyRangel,0,NO_QUERY,0,0,0.8083878,1,negative,negative
lol he said they were nice about everythin he just came in alo a bit ago,Fri May 22 00:39:03 PDT 2009,courtneyyy3,2,NO_QUERY,2,2,0.7942799,1,positive,positive
i love fridayscuz its mo money in the bank on my way there right now,Fri May 29 12:39:43 PDT 2009,bsmoove,2,NO_QUERY,2,2,0.710685,1,positive,positive
i wanna goooo have a meeting right now though would ya believe,Thu Jun 04 22:32:33 PDT 2009,AntoinetteTaus,0,NO_QUERY,0,0,0.567434,1,negative,negative
i should not be on twitter right now,Mon Jun 15 08:27:59 PDT 2009,stephsommers,0,NO_QUERY,0,0,0.84410805,1,negative,negative
on wks of losing my bball team are on a game skid,Tue Apr 07 06:32:55 PDT 2009,chur6,0,NO_QUERY,0,0,0.80039907,1,negative,negative
im tired i really wanna go sleepy but i cant plus im with nick on xbl hit us uplt,Sun Jun 07 06:12:18 PDT 2009,DropDeaddd,0,NO_QUERY,0,0,0.8552855,1,negative,negative
having trouble turning my phone into my primary computer missed evans blue on cage rattle,Thu Jun 18 00:10:18 PDT 2009,Dizzyedge46,0,NO_QUERY,0,0,0.88983434,1,negative,negative
i am sure that you looked totally hot in those spurs and chaps i am sorry i missed it,Thu Jun 25 09:55:34 PDT 2009,fatbottomedgrl,0,NO_QUERY,0,0,0.7556885,1,negative,negative
when is gonna be on skype we need to set up a date,Mon Jun 15 06:29:09 PDT 2009,Zain9,2,NO_QUERY,2,2,0.82289207,1,positive,positive
jonas come to bolivia please you came to south america but you didnt come to bolivia,Tue Jun 16 11:26:47 PDT 2009,valeriamertens,0,NO_QUERY,0,0,0.89197314,1,negative,negative
dont like coffee,Tue Jun 02 01:57:52 PDT 2009,agthekid,0,NO_QUERY,0,0,0.8535287,1,negative,negative
hopes she doesnt kill herself,Mon Jun 01 18:28:37 PDT 2009,crmay31,0,NO_QUERY,0,0,0.8628819,1,negative,negative
today ended up being a wonderful day outside i did some weeding weeds are like bills they keep coming back,Sat Jun 06 16:00:10 PDT 2009,Brandy52501,0,NO_QUERY,0,0,0.6641625,1,negative,negative
i think youve had enough of it too you deserve to treat yourself to something,Wed Jun 03 08:07:13 PDT 2009,asouers,2,NO_QUERY,2,2,0.8435808,1,positive,positive
thinking of you thats what im doing,Sat May 30 04:11:52 PDT 2009,chrisdian14,2,NO_QUERY,2,2,0.855552,1,positive,positive
baking cookies for my last day at forever,Sat Jun 20 08:47:01 PDT 2009,Bri10any25,0,NO_QUERY,0,0,0.70782113,1,negative,negative
or maybe it was there,Sun May 03 17:44:26 PDT 2009,craigsutton,2,NO_QUERY,2,2,0.5765191,1,positive,positive
supposed to be at the nebraskagov nebraska partner event efficient effective egov solutions online but im not,Mon Apr 20 06:29:03 PDT 2009,jennrutt,0,NO_QUERY,0,0,0.7558789,1,negative,negative
got new musicall set to study,Sat Jun 06 03:03:51 PDT 2009,drarps,2,NO_QUERY,2,2,0.8292245,1,positive,positive
can you ask the jobros if theyll ever tour down in the southwest of england,Sun Jun 07 11:57:46 PDT 2009,BeckyC3,2,NO_QUERY,2,2,0.7306099,1,positive,positive
yep used them cheers tho,Fri May 22 04:29:54 PDT 2009,wakeuphate,2,NO_QUERY,2,2,0.87299734,1,positive,positive
i noticed that when orriginally posted it,Mon Jun 01 01:47:48 PDT 2009,iMacstu,2,NO_QUERY,2,2,0.767859,1,positive,positive
lol yeahgot me there i guess i just need a crown lol,Sun May 03 21:31:41 PDT 2009,polymerclaygal,2,NO_QUERY,2,2,0.5759457,1,positive,positive
i think the only place you can find them is ebay,Thu Jun 18 17:25:03 PDT 2009,Djcheapshot,0,NO_QUERY,0,0,0.6126841,1,negative,negative
ill be separated from my lappy for two weeks,Thu Jun 25 00:32:14 PDT 2009,yannyaw,0,NO_QUERY,0,0,0.82182753,1,negative,negative
nothing yet sad to see your old boy score the goal that looks to be keeping you out of the playoffs,Sun May 03 06:43:29 PDT 2009,QPRORG,0,NO_QUERY,0,0,0.8490718,1,negative,negative
you just keep rubbing that in sigh loli want to do it again so i can wear less than lt that cold day,Mon Jun 01 21:34:22 PDT 2009,GINAheartsNKOTB,0,NO_QUERY,0,0,0.8289856,1,negative,negative
than in that case we at qualify,Mon Jun 01 08:55:13 PDT 2009,zoharalon,2,NO_QUERY,2,2,0.8058098,1,positive,positive
why does sims take so long to install eeeerrrrgggg i just wanna plaaaaaay,Tue Jun 02 17:04:48 PDT 2009,liveoutlooud,0,NO_QUERY,0,0,0.86690277,1,negative,negative
im sorry you have to suffer through weird backrub situations and stupidity instead of hanging out with us,Sun Jun 07 20:02:22 PDT 2009,velcrogrrl,0,NO_QUERY,0,0,0.881276,1,negative,negative
hey at least i remembered,Fri Jun 05 15:17:17 PDT 2009,JakeElSerpiente,2,NO_QUERY,2,2,0.8478838,1,positive,positive
thanxxx now with that message i just wanna leave bye,Fri May 29 15:36:09 PDT 2009,x3Lovebug,0,NO_QUERY,0,0,0.6643195,1,negative,negative
lol there r a few birds on twitter but more dogs than anythingother than humans that is lol,Sun May 31 00:11:22 PDT 2009,redrobinrockn,2,NO_QUERY,2,2,0.6396642,1,positive,positive
why are you doing this to me what did i do to make you think im a bad person i want to met her,Fri Jun 19 14:48:55 PDT 2009,francyp79,0,NO_QUERY,0,0,0.7359279,1,negative,negative
buried with work and trying to get more work,Tue Jun 23 10:28:15 PDT 2009,brethummel,0,NO_QUERY,0,0,0.89073855,1,negative,negative
okay out of those its either juke box hit or pictures i cant make up my mind love them both singing along as well,Wed Jun 03 07:38:23 PDT 2009,kimberley_,2,NO_QUERY,2,2,0.8271114,1,positive,positive
why hello there,Mon Jun 01 13:03:48 PDT 2009,MajestikMoose,2,NO_QUERY,2,2,0.8142553,1,positive,positive
in yearbook class wit thee homegurlie vickymondayugghsoo mondayishh lolbut still fellin awesome,Mon Jun 01 11:21:03 PDT 2009,karlalorraine,2,NO_QUERY,2,2,0.80008864,1,positive,positive
if by tipping correctly you mean not tipping then yes i refuse to pay someone to fill my car up hurry up and get to msp,Mon Jun 01 17:54:24 PDT 2009,KeithAtDarden,2,NO_QUERY,2,2,0.59462774,1,positive,positive
lol i miss la as well take mw back with you lt,Tue Jun 02 02:16:43 PDT 2009,Sara_aleissa,0,NO_QUERY,0,0,0.7071094,1,negative,negative
who want to go to thailand who love beach i m here,Fri Jun 05 22:06:32 PDT 2009,bobohere,2,NO_QUERY,2,2,0.7771445,1,positive,positive
oops not at all youre in my top faves for sure stillearlynotenoughcoffeeyet,Wed Jun 03 07:16:36 PDT 2009,suedecrush,2,NO_QUERY,2,2,0.6857443,1,positive,positive
clearly patents dont apply to these bandits,Tue Jun 02 13:50:13 PDT 2009,SolveMyMaze,0,NO_QUERY,0,0,0.8048228,1,negative,negative
yet another baby shower today,Sun Jun 07 10:29:50 PDT 2009,the_Andrea,2,NO_QUERY,2,2,0.6865645,1,positive,positive
off to bed then work tomorrow,Sun Apr 19 05:31:28 PDT 2009,twospeedy,0,NO_QUERY,0,0,0.8504241,1,negative,negative
that story was appalling,Wed Jun 17 20:05:42 PDT 2009,Javijoe,0,NO_QUERY,0,0,0.83777153,1,negative,negative
i agree,Mon Jun 01 12:33:02 PDT 2009,GoChloeeyy,2,NO_QUERY,2,2,0.5307924,1,positive,positive
july th to vegas then to la,Fri May 29 13:14:03 PDT 2009,vanessasaywhaaa,2,NO_QUERY,2,2,0.7273904,1,positive,positive
i could totally go for a truckload of dirt and a couple blueberry bushes,Sat May 30 08:09:20 PDT 2009,jessc098,2,NO_QUERY,2,2,0.7714095,1,positive,positive
i love when tv stations monitor things as they happen and theres a long ass pausehahahaha,Sun May 31 18:28:25 PDT 2009,shelbiaiello,2,NO_QUERY,2,2,0.7473194,1,positive,positive
please give me money,Mon Jun 15 00:04:17 PDT 2009,tintin_nav,2,NO_QUERY,2,2,0.5787388,1,positive,positive
well its saturday i bet you want your daily pic then hmmm from the movie cold and dark,Sat Jun 06 05:32:50 PDT 2009,LukeGossForum,2,NO_QUERY,2,2,0.5967612,1,positive,positive
a not fair bet its brilliant too saw loads of ads for it before i left always meant to book flights and go back for it,Wed Jun 17 11:23:53 PDT 2009,Sheenagerrard,0,NO_QUERY,0,0,0.5679037,1,negative,negative
i am such a lameo at home watching movies by myself,Fri Jun 19 21:00:56 PDT 2009,jeromylay,0,NO_QUERY,0,0,0.80334383,1,negative,negative
you cant be on sugar mountainor so people tell me,Fri May 29 16:17:31 PDT 2009,jennesaisquois,0,NO_QUERY,0,0,0.67742306,1,negative,negative
aybeh rabi ysalmch everythn is on slow motion in my mind at least and am enjoyin it,Sat May 02 10:43:13 PDT 2009,thelostdot,2,NO_QUERY,2,2,0.85239834,1,positive,positive
sex and the city,Sun May 17 21:05:15 PDT 2009,DianeMariie,2,NO_QUERY,2,2,0.7405954,1,positive,positive
thank you sweetie i fixed the problem now but it still sucks,Sun Jun 21 08:40:01 PDT 2009,ashgrimes,0,NO_QUERY,0,0,0.8040144,1,negative,negative
is at a party with tons of alcohol but cant drink lame,Fri May 01 20:29:42 PDT 2009,J0rdan88,0,NO_QUERY,0,0,0.6848407,1,negative,negative
i thought season left on an insignificant note it didnt seem the right way to end it i miss doakes crazy crazy doakes,Tue Jun 23 16:38:06 PDT 2009,MaximumTheAli,0,NO_QUERY,0,0,0.8493605,1,negative,negative
headed back to va in limbo as to where im going because a customer dropped an urgent ticket but now isnt sure if im needed,Thu Jun 18 14:34:41 PDT 2009,bblboy54,0,NO_QUERY,0,0,0.8098124,1,negative,negative
well i hope you enjoy your dayi really enjoyed the convo tonightlook forward to many more im off workfiinally,Sat May 02 22:24:13 PDT 2009,Gentleman81,2,NO_QUERY,2,2,0.75264496,1,positive,positive
love the idea of a golf course but zebulas too small,Sun Apr 19 04:43:02 PDT 2009,hfordsa,0,NO_QUERY,0,0,0.8355387,1,negative,negative
haha good point cant find a liquor store near south station tho poor planning on my part,Fri Jun 05 14:28:36 PDT 2009,courtz08,0,NO_QUERY,0,0,0.79039156,1,negative,negative
aw that sucks it would be awesome if you could get it worked out,Tue Jun 16 15:44:43 PDT 2009,StarChild1981,0,NO_QUERY,0,0,0.6884614,1,negative,negative
lol blog to come up soon im just a little late to the game,Sun May 17 07:07:35 PDT 2009,mikefoong,2,NO_QUERY,2,2,0.67820984,1,positive,positive
not at brekkie with me,Sun Jun 07 08:52:44 PDT 2009,tmlong1,0,NO_QUERY,0,0,0.7744473,1,negative,negative
i like it when kisses my butt in the morning,Sun Jun 07 10:44:18 PDT 2009,vannyyy,2,NO_QUERY,2,2,0.88120294,1,positive,positive
the weather looks nice again today saints ecc final later hopefully ill get to watch it,Fri May 22 01:57:20 PDT 2009,_Jamesage,2,NO_QUERY,2,2,0.819633,1,positive,positive
final day in tpa is over,Sun Jun 07 12:40:01 PDT 2009,chrisrogalski,0,NO_QUERY,0,0,0.8865845,1,negative,negative
really needs a pick me up,Tue Apr 21 00:54:51 PDT 2009,MissKayTee156,0,NO_QUERY,0,0,0.8367942,1,negative,negative
loved that area when visiting my sister at clemsongaltime comes out of boston so winter jaunts to sc were my favs,Mon May 18 07:03:31 PDT 2009,galtime,2,NO_QUERY,2,2,0.7949191,1,positive,positive
so rico just left to head back to philly i didnt cry like i thought i would it will hit me later,Sat Jun 06 12:45:39 PDT 2009,JerzeeGrlDee,0,NO_QUERY,0,0,0.74168986,1,negative,negative
why you stressed babe,Sat Jun 06 08:38:59 PDT 2009,TahliaJohnson,0,NO_QUERY,0,0,0.80678505,1,negative,negative
yess my bro and mikes dad will alternate but sometimes hell have to b alone in his crate and that makes me,Fri Jun 19 22:08:33 PDT 2009,msfaithy,0,NO_QUERY,0,0,0.7319098,1,negative,negative
i apparently need to wear bug spray inside the house,Wed Jun 17 19:00:05 PDT 2009,lvelonza,0,NO_QUERY,0,0,0.83312565,1,negative,negative
i am gonna get on i guess yay,Sat May 30 19:28:38 PDT 2009,michaelacorbett,2,NO_QUERY,2,2,0.75524324,1,positive,positive
yes it was not so bad after all glass half full much,Sun Jun 07 00:35:40 PDT 2009,ellearpon,2,NO_QUERY,2,2,0.69991904,1,positive,positive
this sng g,Sat Jun 06 00:35:56 PDT 2009,MzCherrieBaby,2,NO_QUERY,2,2,0.7630773,1,positive,positive
oh well it is college lol we do what we do,Mon Apr 20 00:02:47 PDT 2009,tjhallmayne,2,NO_QUERY,2,2,0.77407867,1,positive,positive
just had the best dream ever why oh why did i have to wake up hehe,Sat Jun 06 20:59:41 PDT 2009,sherlenexoxoxo,0,NO_QUERY,0,0,0.65235126,1,negative,negative
that certainly flew by didnt it,Mon Jun 01 09:13:30 PDT 2009,MatchesMalone,2,NO_QUERY,2,2,0.698664,1,positive,positive
soakin with epson salt i hurt myself doing push ups what u upto,Thu Jun 18 21:15:20 PDT 2009,JaYsSoOaWeSoMe,0,NO_QUERY,0,0,0.77294827,1,negative,negative
such a busy weekend home now time to finish my politics essay yikes i dont like sundays,Sun May 31 11:20:52 PDT 2009,CarrieUFan09,0,NO_QUERY,0,0,0.80960864,1,negative,negative
ive still got min too,Thu May 14 05:16:30 PDT 2009,tuttle88,0,NO_QUERY,0,0,0.7547512,1,negative,negative
is that you i see,Fri May 29 10:04:54 PDT 2009,Pam812,2,NO_QUERY,2,2,0.78095573,1,positive,positive
writing autovisor v for psion workabout pro listening to gnr the sun is shining,Mon Jun 01 01:58:02 PDT 2009,iaind2k,2,NO_QUERY,2,2,0.8915894,1,positive,positive
yep thatd be it,Sun May 31 11:19:57 PDT 2009,snow_whitex,2,NO_QUERY,2,2,0.8661085,1,positive,positive
regrets the waste of daylight,Sun Apr 19 06:02:51 PDT 2009,fadzhm56,0,NO_QUERY,0,0,0.88647354,1,negative,negative
sweet merciful zeus yes early saturns rocked current models are lame and normal crap no character all icky outoftouch bleh,Mon Jun 01 15:02:37 PDT 2009,JustMichelle,0,NO_QUERY,0,0,0.7200942,1,negative,negative
heading to red wings game with ro baby rd row not bad for last minute tickets,Sun May 17 09:41:28 PDT 2009,joeyjoachim,2,NO_QUERY,2,2,0.76954085,1,positive,positive
ichat how does that work i have two little ones id love to chat with,Mon Jun 15 14:12:54 PDT 2009,PaoloPace,2,NO_QUERY,2,2,0.85541844,1,positive,positive
i think we needs to talk about what we needs ta do with teh camera,Mon Jun 01 19:36:24 PDT 2009,WayneRockwood,2,NO_QUERY,2,2,0.7021796,1,positive,positive
oh bloody hell someone could have mentioned it was fathers day before i got home,Sat Jun 20 10:15:38 PDT 2009,amypeterson1,0,NO_QUERY,0,0,0.81575775,1,negative,negative
ego so strong i must admit i have every reason to feel like im that chic,Mon Jun 15 13:29:47 PDT 2009,CUTee864,2,NO_QUERY,2,2,0.52843523,1,positive,positive
still trying to find work epxerience,Sat Jun 06 05:28:27 PDT 2009,tisbrendaa,0,NO_QUERY,0,0,0.850159,1,negative,negative
so close to friday hopefully i can continue to stage off this sickness,Thu Jun 18 07:05:04 PDT 2009,WhitneySones,0,NO_QUERY,0,0,0.6079246,1,negative,negative
i dont think ive ever been this bored in my life,Tue Apr 21 01:32:41 PDT 2009,Destanny,0,NO_QUERY,0,0,0.8958975,1,negative,negative
as much as youd like,Fri May 29 20:51:39 PDT 2009,NKAirplay,2,NO_QUERY,2,2,0.80601025,1,positive,positive
aww nana,Wed Jun 24 23:54:52 PDT 2009,x0miss_sarah,0,NO_QUERY,0,0,0.89611447,1,negative,negative
i will may god help me,Tue Jun 16 01:46:59 PDT 2009,fanifairy,2,NO_QUERY,2,2,0.80090475,1,positive,positive
its ok there will always be another game smile,Tue May 26 21:27:02 PDT 2009,Taurus1987,2,NO_QUERY,2,2,0.87590915,1,positive,positive
was at home playing rock band last night lol,Sun May 17 10:34:15 PDT 2009,CubanitaRoCKs,2,NO_QUERY,2,2,0.819987,1,positive,positive
its a bit cold but im watching twilight s its all good,Fri May 29 01:05:36 PDT 2009,jacqui187,2,NO_QUERY,2,2,0.8384282,1,positive,positive
why are you me,Sat Jun 06 15:03:33 PDT 2009,Azeleen,0,NO_QUERY,0,0,0.81097,1,negative,negative
oh thats nice so your writing goes well i didnt write anything this weekend only the unfinished haiku i sent you,Mon Jun 01 02:12:01 PDT 2009,magnusholmgren,2,NO_QUERY,2,2,0.6367205,1,positive,positive
where are you going erin,Mon Jun 01 15:39:17 PDT 2009,Equanimity_,0,NO_QUERY,0,0,0.60196716,1,negative,negative
run was great thanks is very windy today so bike ride not an option this morning,Mon Apr 06 23:47:49 PDT 2009,MyAppleStuff,0,NO_QUERY,0,0,0.6656943,1,negative,negative
yeah i know huh,Wed Jun 17 23:09:52 PDT 2009,RONradish,0,NO_QUERY,0,0,0.6045723,1,negative,negative
get better hope you didnt have allergic reaction,Tue Jun 16 05:56:06 PDT 2009,ianeyecan,0,NO_QUERY,0,0,0.6192784,1,negative,negative
need to do some work,Tue Apr 07 04:19:48 PDT 2009,exmi,0,NO_QUERY,0,0,0.8472316,1,negative,negative
i want your life,Sat May 30 14:57:41 PDT 2009,SnazzyNaz,0,NO_QUERY,0,0,0.8118474,1,negative,negative
heading downtown to do some sr pics for a foreign exchange student from germany yay thinking of u,Sun Jun 07 14:35:12 PDT 2009,photographerabi,2,NO_QUERY,2,2,0.85983086,1,positive,positive
i got u,Wed Jun 03 00:54:11 PDT 2009,WRECKAMIC,2,NO_QUERY,2,2,0.72277665,1,positive,positive
want to help me make chocolate covered strawberries tonight om nom nom,Mon Jun 15 04:48:29 PDT 2009,krissyrausch,2,NO_QUERY,2,2,0.71319264,1,positive,positive
oh and i wont be at the step shopw sat either hey when will i see you again,Tue Jun 16 13:46:02 PDT 2009,daddyzyaya,0,NO_QUERY,0,0,0.6721998,1,negative,negative
is happy that tyler lost a tooth yesterday sadly the tooth fairy forgot to make a visit to our house last night,Tue Jun 02 05:03:46 PDT 2009,kelleymassey,0,NO_QUERY,0,0,0.8564619,1,negative,negative
this new laptop is a little weird,Mon Jun 15 10:37:27 PDT 2009,mmayy,2,NO_QUERY,2,2,0.5747845,1,positive,positive
a maybe twitter is just going slow today,Tue Jun 23 14:11:11 PDT 2009,Melissaaaa93,0,NO_QUERY,0,0,0.8693677,1,negative,negative
yeah it bloody does,Tue Jun 23 17:43:56 PDT 2009,Tom13hayward,0,NO_QUERY,0,0,0.7274793,1,negative,negative
gud what it do our lil convo earlier made me not sleep,Sat Jun 20 22:54:02 PDT 2009,nigelhove,0,NO_QUERY,0,0,0.7148195,1,negative,negative
in some serious pain last daystaking ultram works wires my neuro symptoms feel like had much coffee any lymies get this reaction,Mon Jun 01 13:10:56 PDT 2009,Anamae22,0,NO_QUERY,0,0,0.85541016,1,negative,negative
last night was fun going out to hang with the friends days left of school,Sun May 31 14:35:15 PDT 2009,iJujuBaba,2,NO_QUERY,2,2,0.7149328,1,positive,positive
quotfinally dont allow any mobile device beyond your bedroom doorquot hahahahahaha der har jeg visst syndet massivt,Mon Jun 15 11:28:16 PDT 2009,hammershaug,2,NO_QUERY,2,2,0.615303,1,positive,positive
hey how are you i gotta go to the vet soonshe isnt doing very good i gotta get my dogs vaccinated x,Mon Jun 15 21:43:01 PDT 2009,aussiemcflyfan,0,NO_QUERY,0,0,0.6494119,1,negative,negative
whats going on,Sun Apr 19 01:59:53 PDT 2009,luciacardozo,0,NO_QUERY,0,0,0.58246636,1,negative,negative
thanks am trying keeping my chin up ouch,Mon May 04 03:33:16 PDT 2009,lunarnart,2,NO_QUERY,2,2,0.603497,1,positive,positive
you can never go wrong with ramen noodles,Mon Jun 01 21:27:25 PDT 2009,natnizzy,2,NO_QUERY,2,2,0.85687375,1,positive,positive
the entire back half of my body is scorched thats what i get for falling asleep on the beach,Thu Jun 18 15:14:24 PDT 2009,fixiepixie,0,NO_QUERY,0,0,0.8803918,1,negative,negative
i like ur new dp,Sat May 30 05:03:49 PDT 2009,miss_ying,2,NO_QUERY,2,2,0.8172218,1,positive,positive
project natal monkey island mario galaxy and now perfect dark on xbla a cracking e pity im too busy to play any of these games,Wed Jun 03 02:59:58 PDT 2009,britesparc,0,NO_QUERY,0,0,0.85120827,1,negative,negative
yes yes i am,Sun Jun 07 18:03:13 PDT 2009,stolen_valkyrie,2,NO_QUERY,2,2,0.8608525,1,positive,positive
i put on my happy face tonitealthough i couldnt help but feel my heart break,Tue Jun 02 00:42:32 PDT 2009,SHRMYWRLD,0,NO_QUERY,0,0,0.8645672,1,negative,negative
days to go,Tue Jun 02 03:41:48 PDT 2009,badwulfstudio,2,NO_QUERY,2,2,0.55564994,1,positive,positive
i am feeling glad that my camera will take mmmmmm filters depending on what i want to do,Sun May 31 17:34:17 PDT 2009,MadameX1968,2,NO_QUERY,2,2,0.87585133,1,positive,positive
its black but its a guy driving so def not,Sat Jun 20 08:45:38 PDT 2009,natalietejeda,0,NO_QUERY,0,0,0.75566244,1,negative,negative
your a fucking life saver and promotion practice,Mon Jun 15 08:31:10 PDT 2009,XScarlettMarieX,2,NO_QUERY,2,2,0.83265835,1,positive,positive
youre wlecome bb,Wed Jun 03 09:20:45 PDT 2009,c_mia,2,NO_QUERY,2,2,0.80702144,1,positive,positive
i want my long hair back,Sun May 17 10:31:59 PDT 2009,irene_choi,0,NO_QUERY,0,0,0.8638522,1,negative,negative
i hate sundaysthey are followed by monday,Sun May 17 11:26:01 PDT 2009,jmaclean,0,NO_QUERY,0,0,0.895252,1,negative,negative
hollie steel well done that was brilliant and she kept hold of her nerves,Sat May 30 11:32:24 PDT 2009,2cajuman2,2,NO_QUERY,2,2,0.8994634,1,positive,positive
tonight beer barca less work and more play at the weekend and hopefully more music wishing pandora worked here,Tue May 26 22:39:58 PDT 2009,manguste7,0,NO_QUERY,0,0,0.75689703,1,negative,negative
i dont think it depends on brand they just die on me like flies,Wed Jun 03 01:57:40 PDT 2009,Rarst,0,NO_QUERY,0,0,0.84891605,1,negative,negative
i miss going to the club in nyc good times,Thu Jun 18 21:30:30 PDT 2009,atvm,0,NO_QUERY,0,0,0.56191105,1,negative,negative
nite you,Mon Apr 06 23:43:31 PDT 2009,ItsDawns,2,NO_QUERY,2,2,0.7874455,1,positive,positive
loled over what,Mon Jun 15 06:21:12 PDT 2009,purplepopple,2,NO_QUERY,2,2,0.8021454,1,positive,positive
its a good day to be a paguyo my cousin just had her first mall show for her collection shes the only reason i know im not adopted,Mon Jun 01 10:48:18 PDT 2009,dorothyxjoy,2,NO_QUERY,2,2,0.6953652,1,positive,positive
crazy d,Sun May 31 01:52:34 PDT 2009,vika_,2,NO_QUERY,2,2,0.7110013,1,positive,positive
lulus put on scottish accent on britains got more talent makes me sad to be scottish just coz falconers there dont play up your accent,Fri May 29 14:50:49 PDT 2009,KayleighHouston,0,NO_QUERY,0,0,0.8876089,1,negative,negative
tidur lagi youre lucky you dont have school tmrw,Sun Jun 07 09:05:49 PDT 2009,beebeebuthainah,0,NO_QUERY,0,0,0.64882946,1,negative,negative
just an fyi for everyone i cant read dms on my phone,Fri Jun 19 11:51:08 PDT 2009,CartoonBeardy,0,NO_QUERY,0,0,0.8704449,1,negative,negative
english test tomorrow yuck,Sun May 10 04:55:42 PDT 2009,Sofiai8,0,NO_QUERY,0,0,0.5864865,1,negative,negative
ilymore babe i thought bout you and how you walked from riverwood to my job just for me two yrs ago ahhh come home asap,Fri Jun 05 12:24:21 PDT 2009,meezieme,2,NO_QUERY,2,2,0.6275891,1,positive,positive
norway i think i liked mr violin the best,Sun May 17 04:56:54 PDT 2009,msmaryclaire,2,NO_QUERY,2,2,0.89109576,1,positive,positive
yo said her grace before her appetizer aaaand her entre i barely said it once i felt like such a sinner,Sat Jun 20 20:47:27 PDT 2009,ihavesuperpower,0,NO_QUERY,0,0,0.55688614,1,negative,negative
currently trying to clean the whole house finish homework and cook dinner before my granny gets home happy mothers day,Sun May 10 10:04:31 PDT 2009,calliecomrie,2,NO_QUERY,2,2,0.78802013,1,positive,positive
craziness i need some consistent sun,Fri Jun 19 17:36:33 PDT 2009,shesapeach,0,NO_QUERY,0,0,0.7392624,1,negative,negative
i think i miht walk over to macs to get a froster mmmmm yea i think i might di that,Sat May 30 18:22:21 PDT 2009,egdirgomhcirsXe,2,NO_QUERY,2,2,0.6926636,1,positive,positive
evil seductress now that doesnt sound compliment to me,Thu May 14 04:42:11 PDT 2009,sinfulsignorita,0,NO_QUERY,0,0,0.5838725,1,negative,negative
but there isnt a devil on my shoulder,Sat May 30 04:22:43 PDT 2009,staceyO_o,0,NO_QUERY,0,0,0.8442361,1,negative,negative
morning all decision on what to do made for me by the peeing rain in sheffield stay in bed it is then,Sun May 03 01:56:16 PDT 2009,Dizzydalek,2,NO_QUERY,2,2,0.6419807,1,positive,positive
inspired by your garden we planted lots of multicoloured carrots due to slugs amp weather only about seedlings remain,Mon May 18 02:38:39 PDT 2009,fjordaan,0,NO_QUERY,0,0,0.7834834,1,negative,negative
il tell you later it was only fun for the officers i was miserable,Sat May 30 14:55:23 PDT 2009,lauqhinqlaura,0,NO_QUERY,0,0,0.89822936,1,negative,negative
mannnnnn u got midterms and shyt tomarrow and u aint studyin,Mon May 04 00:52:38 PDT 2009,Ladiiunique,0,NO_QUERY,0,0,0.74357784,1,negative,negative
clobbered on thehead with quot x ouch no good may need stiches stupidaccident,Fri Jun 19 12:33:26 PDT 2009,davidt_50,0,NO_QUERY,0,0,0.6826724,1,negative,negative
before doing something good slooowly count to,Tue Jun 16 01:52:39 PDT 2009,Arlyonka,2,NO_QUERY,2,2,0.85732484,1,positive,positive
bored bored bored someone entertain me pleaseee,Sat Jun 20 06:30:26 PDT 2009,luvsrachel,0,NO_QUERY,0,0,0.5566846,1,negative,negative
i know,Fri Jun 19 14:17:05 PDT 2009,taishan88,0,NO_QUERY,0,0,0.7775399,1,negative,negative
just waiting to get picked up at the train station by my bro and then off to the gym cant believe i bumped someone last night,Fri May 29 10:43:28 PDT 2009,ssizer,0,NO_QUERY,0,0,0.55229944,1,negative,negative
just took an exceptionally hard physics test fb,Thu Jun 18 08:05:58 PDT 2009,charicelim,0,NO_QUERY,0,0,0.7250532,1,negative,negative
kinda like that eerie feeling that someones following you hahacouldnt resist,Mon Jun 01 20:30:58 PDT 2009,kelliekano,2,NO_QUERY,2,2,0.5822746,1,positive,positive
just the phone part my mother will not leave me alone about the boy part,Sat May 16 22:58:48 PDT 2009,starprincesss,0,NO_QUERY,0,0,0.70934254,1,negative,negative
oh i c well im glad u that u still can b friends,Sun May 17 03:36:23 PDT 2009,chowayu,2,NO_QUERY,2,2,0.83365995,1,positive,positive
the stopped serving breakfast min early burger sliders for breakfast yes really,Mon Jun 15 10:07:45 PDT 2009,djenferno,0,NO_QUERY,0,0,0.5924215,1,negative,negative
i dont know why the dude just rubs me the wrong way,Fri Jun 19 21:34:28 PDT 2009,tthomasaz,0,NO_QUERY,0,0,0.80630565,1,negative,negative
cant wait till summer but im going to miss all my friends even my boyfriend but oh well i can tex him lol,Sat May 30 06:35:45 PDT 2009,iluvsoccer12,0,NO_QUERY,0,0,0.763558,1,negative,negative
nice too bad that i cant even see the preview to your show because of i am in norway,Sat Jun 20 09:47:44 PDT 2009,UdeAaSykle,0,NO_QUERY,0,0,0.89393497,1,negative,negative
damn did u sleep in again u amp jon must have danced ur fine asses off ow did u get my message on myspace have a good one,Fri May 22 03:37:50 PDT 2009,Nautinkotbkitty,2,NO_QUERY,2,2,0.8110233,1,positive,positive
oh man i would love to i dont think i have the money lmao come to pittsburgh for a day or two i miss you guys so much,Fri Jun 19 17:10:56 PDT 2009,jackbarakat,0,NO_QUERY,0,0,0.89996606,1,negative,negative
when i was in chico ca home of yoyo national tournament i bought a yoyo w spinning lights it so cool i can make yoyo sleep,Mon Jun 15 19:38:36 PDT 2009,mojustice,2,NO_QUERY,2,2,0.892789,1,positive,positive
and so i go to bed full of happy and slightly disturbing web surfing memories goodnight internets for i must awaken at am for work,Fri May 29 20:22:35 PDT 2009,wandering_geek,0,NO_QUERY,0,0,0.68607193,1,negative,negative
is having drinks with his friends for the last night at home,Fri May 29 20:13:12 PDT 2009,justindriscol,0,NO_QUERY,0,0,0.5922352,1,negative,negative
but its fun when they blatantly ignore the advice,Mon May 04 00:57:54 PDT 2009,Intruth,2,NO_QUERY,2,2,0.7399126,1,positive,positive
home from work we went amp had mexican food i brought my leftovers home for lunch tomorrow amp dropped them on the floor,Mon Jun 15 17:57:46 PDT 2009,cookinsforme,0,NO_QUERY,0,0,0.63266844,1,negative,negative
aw haha its ok i was wondering where it had got but i thought it was just the post lol ta pics from last night on facebk,Sat May 02 03:11:35 PDT 2009,fruitdance,2,NO_QUERY,2,2,0.5704698,1,positive,positive
congrats but u need to go to sleep hug dont overwork urselfur a busy mom gotta takecare n b good to urself too,Mon Jun 15 05:59:08 PDT 2009,pompom0205,2,NO_QUERY,2,2,0.6127476,1,positive,positive
is cringing bc this exam is one of the toughest weve seeni feel bad for the kiddies,Thu Jun 18 10:13:51 PDT 2009,sunnylu1023,0,NO_QUERY,0,0,0.87128717,1,negative,negative
more revision today,Sun May 03 01:54:49 PDT 2009,FCDaniel,0,NO_QUERY,0,0,0.70389014,1,negative,negative
wont you see the video,Tue Jun 23 14:16:02 PDT 2009,brendafreitas,0,NO_QUERY,0,0,0.84390837,1,negative,negative
yes i was still sleep and i only like days off when i dont have cramps lol,Tue Jun 16 12:17:03 PDT 2009,GuttaButta,0,NO_QUERY,0,0,0.61867195,1,negative,negative
anyone want to quotclarify with examples the difference in implementation of two aspects of cssquot go onnn,Mon May 18 01:33:07 PDT 2009,xfishwormx,2,NO_QUERY,2,2,0.89096487,1,positive,positive
haha woke up to tv advert for lottery i funked it was sunday yehar a whole day for free had haircut now i miss it green snakes,Sat Jun 06 03:44:01 PDT 2009,EmjayRobo,0,NO_QUERY,0,0,0.6029093,1,negative,negative
goin to me mums in alicante for days nice little break b uni starts again,Mon Jun 01 05:52:27 PDT 2009,blunderbuss2,2,NO_QUERY,2,2,0.69601876,1,positive,positive
you equals fag have fun studying upstairs,Tue Jun 02 19:13:31 PDT 2009,mollynash,2,NO_QUERY,2,2,0.8440097,1,positive,positive
too bad u dont know how to do anything team fill in the blank,Fri Jun 05 11:57:53 PDT 2009,CoachTovar,0,NO_QUERY,0,0,0.8843477,1,negative,negative
nyc here we come,Tue Jun 02 19:51:46 PDT 2009,Vicki_McGuire,2,NO_QUERY,2,2,0.8692672,1,positive,positive
heading to school,Mon Jun 01 03:50:34 PDT 2009,RS_StarGazer,0,NO_QUERY,0,0,0.5979987,1,negative,negative
off to martins apt in about an hour then off again last day of the con starts and then work,Sun May 31 07:21:32 PDT 2009,loris_z,0,NO_QUERY,0,0,0.65538263,1,negative,negative
spending the morning with the most handsome manso what that he neighs and weighs lbs,Sun May 10 07:03:40 PDT 2009,fittobeeyed,2,NO_QUERY,2,2,0.84097147,1,positive,positive
feeling almost human this morning how rare there are banks of cloud rolling overhead but in the dips the sun shines a little brighter,Thu May 14 01:16:35 PDT 2009,kobinaceous,2,NO_QUERY,2,2,0.7011084,1,positive,positive
bonding bonding bonding bonding with cousins,Sat May 30 21:59:28 PDT 2009,thisbtchVLSP,2,NO_QUERY,2,2,0.8929014,1,positive,positive
back to work tomorrow,Sun May 31 09:52:24 PDT 2009,pwofford1978,0,NO_QUERY,0,0,0.89218575,1,negative,negative
cool i come from austria thats a country in europe near germany,Sun May 17 07:27:36 PDT 2009,ChrisRene,2,NO_QUERY,2,2,0.880628,1,positive,positive
long weekends means custom orders let me know what youd like,Fri May 29 20:31:31 PDT 2009,gwen_messen,2,NO_QUERY,2,2,0.81589913,1,positive,positive
is out to bed now the quotboringnessquot day has gotten to me,Tue Jun 16 19:40:46 PDT 2009,MissFey,0,NO_QUERY,0,0,0.54073524,1,negative,negative
leaving tomorrow,Fri May 29 02:42:43 PDT 2009,Misao08,0,NO_QUERY,0,0,0.88155085,1,negative,negative
if there is wi fi signal at coles ill be able to twitter from work,Mon Apr 20 04:23:57 PDT 2009,dazuleh,2,NO_QUERY,2,2,0.67521644,1,positive,positive
but you did say quotknowledgeablequot which calls your judgment into serious question,Sat May 30 01:49:17 PDT 2009,1WineDude,2,NO_QUERY,2,2,0.74284154,1,positive,positive
i asked her to be my consultant but she doesnt want to do it but she recommended me someone,Mon May 18 06:14:50 PDT 2009,beerkaki,0,NO_QUERY,0,0,0.8505758,1,negative,negative
none of mine do,Sat Jun 06 06:21:14 PDT 2009,megsly07,0,NO_QUERY,0,0,0.758404,1,negative,negative
its sunday so its fun day,Sun May 03 04:43:07 PDT 2009,sophie111293,2,NO_QUERY,2,2,0.81020457,1,positive,positive
cookingg,Sun May 17 11:00:09 PDT 2009,marieAhdez,2,NO_QUERY,2,2,0.80677974,1,positive,positive
just saw new avatar the last airbender teaser trailerthere is no way this will be anything other than tragic sob racefail avatar,Tue Jun 23 14:15:57 PDT 2009,neverwhere,0,NO_QUERY,0,0,0.7898826,1,negative,negative
what r u stressin bout mare,Fri May 29 02:44:30 PDT 2009,iLoVaLiCe,0,NO_QUERY,0,0,0.8194562,1,negative,negative
yaaaay,Tue Jun 16 06:44:42 PDT 2009,booyacakel,2,NO_QUERY,2,2,0.87439054,1,positive,positive
cleaning out foreclosed houses tomorrowgetting paid to sort junk and keep what i want i dare you to try and find a better job,Sun May 31 23:53:30 PDT 2009,photographyae,2,NO_QUERY,2,2,0.55591756,1,positive,positive
fyi guys spoilers are fun and i love them but i honestly dont trust them until i see it on the screen,Mon Jun 01 18:46:41 PDT 2009,GH_Unleashed,2,NO_QUERY,2,2,0.6974824,1,positive,positive
just woke up from a hour nap i think its time to really go to sleep holocaust museum in the morn,Sun May 17 00:05:21 PDT 2009,keeeee_sha,2,NO_QUERY,2,2,0.65117764,1,positive,positive
loser i so would if i was there,Fri Jun 19 18:55:33 PDT 2009,Shavona14,0,NO_QUERY,0,0,0.8410937,1,negative,negative
tremendous weather in pune going back to mumbai heat seems boring,Sun Jun 21 00:15:58 PDT 2009,npandit,0,NO_QUERY,0,0,0.8666096,1,negative,negative
mandatory bbq today due to nice weather,Sun May 31 00:57:24 PDT 2009,richo1973,2,NO_QUERY,2,2,0.526711,1,positive,positive
homee fuck school tomorrow reading and textingg blah,Sun May 10 19:20:44 PDT 2009,Domm_LoveLife,0,NO_QUERY,0,0,0.7939818,1,negative,negative
you need to grow that iphoto map out to japan,Mon Jun 15 16:49:10 PDT 2009,reedsinjapan,2,NO_QUERY,2,2,0.88533866,1,positive,positive
vivica fox was so pretty in this movie before she fcked up her face with all that damn surgery,Sat Jun 06 18:00:19 PDT 2009,lolakissesxo,0,NO_QUERY,0,0,0.7595667,1,negative,negative
done with my english project,Tue May 26 21:37:23 PDT 2009,ShockRock,2,NO_QUERY,2,2,0.897642,1,positive,positive
systems report my academic resource system and utilities requests maintenance,Thu Jun 25 03:27:50 PDT 2009,PelyGrose,0,NO_QUERY,0,0,0.86809826,1,negative,negative
lol im working now anyways,Sun Jun 21 08:44:26 PDT 2009,ksh6379,0,NO_QUERY,0,0,0.68282133,1,negative,negative
im so sorry yes def watch for daves tweets about the tix,Sat May 30 10:32:36 PDT 2009,JennRuss,0,NO_QUERY,0,0,0.79873073,1,negative,negative
wishing it would stay sunny,Thu Jun 18 09:03:46 PDT 2009,Twinzcuties1992,0,NO_QUERY,0,0,0.8843763,1,negative,negative
so a question re your followfriday rec should i follow even if i dont know what a grep is,Fri May 29 19:24:39 PDT 2009,blueholly,2,NO_QUERY,2,2,0.739306,1,positive,positive
lovely weather can see the mountains to the east north and west of beijing even air quality is quotmoderatequot,Mon Jun 01 21:47:33 PDT 2009,onlyoneearth,2,NO_QUERY,2,2,0.83274233,1,positive,positive
im at the pa job back at the bar tomorrow can look at some stuff still working this thing out haha,Wed Jun 03 00:50:18 PDT 2009,TheMustangBar,2,NO_QUERY,2,2,0.7512653,1,positive,positive
salmon tonight yum my tum,Mon Jun 15 19:10:30 PDT 2009,Kathleen,2,NO_QUERY,2,2,0.8967647,1,positive,positive
is off to school hopefully youll all enjoy your day more than me,Sun Jun 14 23:56:08 PDT 2009,Chantellios,2,NO_QUERY,2,2,0.8992728,1,positive,positive
i stepped in dog crap when i went for my walk,Sun Apr 19 03:49:36 PDT 2009,Sian_Rogerson,0,NO_QUERY,0,0,0.76288,1,negative,negative
i went to a party that started at am last night there was kegs and a bomb ass disc jockey i love college good morning twitter nation,Sun Apr 19 10:50:41 PDT 2009,jbry,2,NO_QUERY,2,2,0.87850815,1,positive,positive
sexiest girls pt ltwatup mel ltshe love her a kit kat ltnicee,Fri Jun 05 13:04:34 PDT 2009,babypuss,2,NO_QUERY,2,2,0.8864641,1,positive,positive
the disk is scratched i love my transformers disk who scratched it lol,Mon Jun 01 22:54:15 PDT 2009,JLOYO,0,NO_QUERY,0,0,0.6707345,1,negative,negative
i am a daddys girl so its hard to be away from him,Sat Jun 20 23:30:09 PDT 2009,KristenML84,0,NO_QUERY,0,0,0.89626265,1,negative,negative
loved britneys concert last night esp the slave for u and baby one more time remixes,Sun Jun 07 06:53:22 PDT 2009,GillEBrand,2,NO_QUERY,2,2,0.8490844,1,positive,positive
working add oil,Tue Jun 02 22:25:12 PDT 2009,JeffreyNam,2,NO_QUERY,2,2,0.6549053,1,positive,positive
enjoying a splitting headache while weaning off coffeecaffeine down to one or two cups of green tea a day feel like tetsuo somehow,Mon May 18 03:15:40 PDT 2009,dmclean635,2,NO_QUERY,2,2,0.6960952,1,positive,positive
its tough we use imbills and leave written signouts but its not perfect and jcaho is looking at this now i understand,Wed Jun 24 21:54:23 PDT 2009,dirkstanley,0,NO_QUERY,0,0,0.81481546,1,negative,negative
chillin wassup ma ayo in cali my day just started idk where u r but u have a gud day ya diggg,Mon May 04 07:35:16 PDT 2009,youngnatho,2,NO_QUERY,2,2,0.527106,1,positive,positive
ive been up for too long and its i should be sleeping,Fri May 22 08:34:19 PDT 2009,Izzymyster,0,NO_QUERY,0,0,0.7897632,1,negative,negative
been there it sucks hope you feel better maybe if you kill some murlocs youll feel better,Thu May 14 04:30:16 PDT 2009,RacquelN,0,NO_QUERY,0,0,0.64925253,1,negative,negative
i think im obsessed with peter i dont think its that noticable though lol or maybe it is my mumdads going to carlisle on july d,Mon Jun 15 07:16:50 PDT 2009,niccccolle,0,NO_QUERY,0,0,0.51949894,1,negative,negative
subway seats were obviously not made with bony people sitting for long in mind ouch,Sat May 30 06:20:19 PDT 2009,angelalouison,0,NO_QUERY,0,0,0.8786608,1,negative,negative
the merkat makes me all dizzy,Thu Jun 18 12:44:23 PDT 2009,gameOVERdose,0,NO_QUERY,0,0,0.82954556,1,negative,negative
i change this weekly so check back often this week includes some cast members for top movies just opened please use responsibly,Sat May 30 09:57:50 PDT 2009,yourmovietimes,2,NO_QUERY,2,2,0.8927437,1,positive,positive
know the feeling our girls are causing grief at bedtime too,Wed Jun 17 05:21:13 PDT 2009,mrsjukes,0,NO_QUERY,0,0,0.8937347,1,negative,negative
nooooo im having julez withdrawals but thats fair im otw to mw on myscooter wooot woooot lmao,Wed Jun 17 17:00:55 PDT 2009,IBtres,0,NO_QUERY,0,0,0.6814681,1,negative,negative
is not hungover its truly amazing as i really should be summer rocks,Mon Jun 01 00:06:00 PDT 2009,vikkialexj,2,NO_QUERY,2,2,0.873294,1,positive,positive
oh no dodgy food,Wed Jun 03 02:12:48 PDT 2009,hollowlegs,0,NO_QUERY,0,0,0.8857597,1,negative,negative
bedtime one day left in grove,Fri Jun 19 23:02:55 PDT 2009,moemathia,0,NO_QUERY,0,0,0.69600284,1,negative,negative
my first tweet from palm preso far so goodand i can run pandora in back ground,Sun Jun 07 16:36:10 PDT 2009,RicardoSewell,2,NO_QUERY,2,2,0.87751746,1,positive,positive
i plastered the carpet am covered in paint have a burn on my thumb and stinging nettled knuckles,Mon May 18 02:55:57 PDT 2009,jenius_b,0,NO_QUERY,0,0,0.8769223,1,negative,negative
eating fried chikkn mashed potatoes corn n green beans yummy im stayin home tonight the nightlife really isnt for me anymore,Sat May 30 19:22:21 PDT 2009,youulovemee,0,NO_QUERY,0,0,0.83250076,1,negative,negative
thats why were best friends,Sun Jun 07 09:20:59 PDT 2009,Clizzzaire,2,NO_QUERY,2,2,0.6752874,1,positive,positive
just told the spouse goodby now off to work,Thu May 14 06:32:58 PDT 2009,kristin1990,0,NO_QUERY,0,0,0.6801362,1,negative,negative
ha yeah it is a really weird movie amp his character is creepy but for some reason i still like it lolgo see upsuper funny,Sun May 31 13:23:01 PDT 2009,yasmine730,2,NO_QUERY,2,2,0.8619216,1,positive,positive
im from vietnam,Fri May 22 02:26:48 PDT 2009,violetarchie,2,NO_QUERY,2,2,0.7005387,1,positive,positive
hey whats your email i dont feel the love either souljaboytellem live gt,Sun May 31 13:26:47 PDT 2009,disneygirl92,0,NO_QUERY,0,0,0.60897917,1,negative,negative
im in my free since an hour gtg in but im dead bored biology next fun miley please direct message me i cant message you x,Mon May 18 01:13:03 PDT 2009,theoneandonly_x,0,NO_QUERY,0,0,0.8321591,1,negative,negative
seems like more than one sometimes,Mon Apr 20 00:36:03 PDT 2009,willtompsett,0,NO_QUERY,0,0,0.5372931,1,negative,negative
oh no someone has deleted lost from sky im going to check sky anytime to see if its on there i doubt it though,Mon Jun 01 07:06:30 PDT 2009,ChrisHFilms,0,NO_QUERY,0,0,0.8160846,1,negative,negative
oh o what for a nice breakfast uhh ive forgotten to say good night yesterday uups go on,Mon May 18 03:07:51 PDT 2009,AlishesArzu,2,NO_QUERY,2,2,0.7971045,1,positive,positive
down to at first break i suck,Sat May 30 14:13:50 PDT 2009,argablarg,0,NO_QUERY,0,0,0.8888253,1,negative,negative
time for bed again,Sun May 03 16:59:04 PDT 2009,IanMcGuigan,2,NO_QUERY,2,2,0.58505285,1,positive,positive
back workno not recordingjust retail,Mon Jun 01 07:40:15 PDT 2009,SiahSaySo,0,NO_QUERY,0,0,0.8658242,1,negative,negative
no it takes a few days for the ga board to give us license syou will discover in due time how inefficient the ga board is,Wed Jun 17 08:16:55 PDT 2009,DrGray10,0,NO_QUERY,0,0,0.6131013,1,negative,negative
thanks for adding no befriending no uh oh never mind thanks,Mon May 04 01:32:14 PDT 2009,iconoguy,2,NO_QUERY,2,2,0.89999515,1,positive,positive
week of my beach body work out with billy blanks i slacked off for days,Sat May 30 11:18:18 PDT 2009,l3abyl3o0,0,NO_QUERY,0,0,0.66468006,1,negative,negative
just got excited over spam feeling stupid and obsessive now,Fri Jun 05 12:24:13 PDT 2009,n1tr0u5,0,NO_QUERY,0,0,0.7577361,1,negative,negative
we already bbqd but thx the invite big d,Sun Jun 07 18:32:54 PDT 2009,Questita,2,NO_QUERY,2,2,0.70820224,1,positive,positive
i love you auntie francing take care,Sun Apr 19 01:37:27 PDT 2009,Hoykuneho,2,NO_QUERY,2,2,0.89896786,1,positive,positive
note do not take laptop in bath,Sat Jun 20 06:32:03 PDT 2009,eringrrl,0,NO_QUERY,0,0,0.76304185,1,negative,negative
and god damn will someone please come give me a massage my stupid prom date didnt like he promised he would,Mon Jun 22 20:40:50 PDT 2009,savtwits,0,NO_QUERY,0,0,0.7991019,1,negative,negative
nap time remember day off means day off even though ive gotten two phone calls and one email work related,Mon Jun 01 14:20:23 PDT 2009,Taraj,0,NO_QUERY,0,0,0.698133,1,negative,negative
i hope its not too serious of an injury im worried take a relaxing bath tonite,Mon Jun 01 16:13:13 PDT 2009,925jdub,0,NO_QUERY,0,0,0.7531353,1,negative,negative
i ment that the mcfly thing that was on the trending topics amused me cause i was helping that saty there,Thu May 14 00:06:28 PDT 2009,Beckkkky,2,NO_QUERY,2,2,0.79539907,1,positive,positive
okaaaaaaaaaay sorry for my lack of tweets had a busy weekend anyways getting ready for school till,Sun May 17 22:42:45 PDT 2009,xxjzAnna,0,NO_QUERY,0,0,0.6440315,1,negative,negative
hes a classic isnt he,Tue Jun 16 06:06:26 PDT 2009,snaglepus,2,NO_QUERY,2,2,0.7952317,1,positive,positive
the good news is that i slowly nursed my achilles back to health the bad news is that i may have just broken my ankle,Tue Jun 16 15:34:07 PDT 2009,brianochs,0,NO_QUERY,0,0,0.89232016,1,negative,negative
stop suckin up all the sunshine i want some,Mon Jun 22 10:57:16 PDT 2009,SashaBaby22,0,NO_QUERY,0,0,0.83202183,1,negative,negative
snowbrdng video first time ive been nostalgic for snow since i moved to fl i still have my board in my closet no use in yrs,Mon May 04 07:14:14 PDT 2009,fern_forest,0,NO_QUERY,0,0,0.84743166,1,negative,negative
is currently at work and listeninng to boy hits car which is a nice change,Tue Jun 02 04:55:59 PDT 2009,Monckfish,2,NO_QUERY,2,2,0.72036797,1,positive,positive
so rant all u wantit feels good to let it outbut keep moving forward amp look back every so often to c how far uve come,Sun Jun 07 06:21:12 PDT 2009,thedrumlife,2,NO_QUERY,2,2,0.62063885,1,positive,positive
time to check my grades for the year crosses fingers yesssss a average,Mon Jun 15 12:45:02 PDT 2009,artiste411,2,NO_QUERY,2,2,0.7399282,1,positive,positive
monday again,Mon Jun 15 01:29:46 PDT 2009,Donbonw,0,NO_QUERY,0,0,0.65936416,1,negative,negative
my mommys today,Fri May 22 03:05:46 PDT 2009,Zionamethyst,2,NO_QUERY,2,2,0.60067475,1,positive,positive
stuck in another hour car ride back to msk,Sun May 31 01:04:01 PDT 2009,urbanmuzak,0,NO_QUERY,0,0,0.8434442,1,negative,negative
i havent tweeted in a long time yes i moved i guess you got the memo i love living in the city,Fri Jun 05 18:44:03 PDT 2009,pattiwanex,2,NO_QUERY,2,2,0.7656538,1,positive,positive
my french is the most basic food money greetings no doubt if i tried it on ms hala gorani shed blanch grin,Wed Jun 03 09:05:46 PDT 2009,Starshadow,2,NO_QUERY,2,2,0.89737165,1,positive,positive
ahh the kitty is following me againmy morning is complete,Wed Jun 03 01:58:23 PDT 2009,naomijlea,2,NO_QUERY,2,2,0.7080453,1,positive,positive
another high pollen count day today,Tue Jun 16 01:15:43 PDT 2009,MarcPaulina,0,NO_QUERY,0,0,0.687171,1,negative,negative
is going to spain next month,Mon May 18 04:34:29 PDT 2009,Jungah,2,NO_QUERY,2,2,0.8013044,1,positive,positive
you think youre bored lmao im siteless for another few hours while my dns updates oo im sick of being siteless blegh,Sat Jun 20 03:07:50 PDT 2009,xedays,0,NO_QUERY,0,0,0.79880095,1,negative,negative
argh awake way too early for a saturday who decided patricks bachelor party has start before breakfast,Fri May 01 21:15:57 PDT 2009,tomvanlamoen,0,NO_QUERY,0,0,0.7466271,1,negative,negative
oh have you ever blocked quotmy horny kittyquot i keep blocking them they dont go away,Wed Jun 03 04:49:37 PDT 2009,SallytheShizzle,0,NO_QUERY,0,0,0.708242,1,negative,negative
another week starts and its an incredibly dull and lazy day,Mon Jun 15 15:55:54 PDT 2009,thebookaddict,0,NO_QUERY,0,0,0.80819756,1,negative,negative
myy phones goina flat,Mon May 18 00:54:30 PDT 2009,xLala,0,NO_QUERY,0,0,0.7206119,1,negative,negative
should goto college again now lab timings feeling sleepy take care twitter,Mon Apr 20 00:35:31 PDT 2009,technotip,0,NO_QUERY,0,0,0.58012444,1,negative,negative
my dads fixing our sinksince i couldnt actually i never tried,Tue Jun 16 01:59:32 PDT 2009,DizzyMalfoy,0,NO_QUERY,0,0,0.79670346,1,negative,negative
quotthe pigquot is two blocks from my house i frequent it often they have an old vw beatle that has a snout and is pink,Sun Apr 19 10:25:37 PDT 2009,TheYaoiReview,2,NO_QUERY,2,2,0.82317626,1,positive,positive
at work,Sat May 02 04:00:02 PDT 2009,magscork,0,NO_QUERY,0,0,0.85396725,1,negative,negative
lol yeah now i do,Sun Jun 07 07:13:29 PDT 2009,MiriamCheah,2,NO_QUERY,2,2,0.7734661,1,positive,positive
trying to wake up its been a long long evening here again,Sun May 31 07:07:19 PDT 2009,spyderkl,0,NO_QUERY,0,0,0.79508054,1,negative,negative
my fuel rail works and my injector calibration went well its an alcohol related afternoon fuel injector calibration with ethanol,Tue Jun 02 04:21:39 PDT 2009,ben_waters,2,NO_QUERY,2,2,0.7040717,1,positive,positive
there might be a change of plan in case i can properly communicate with my friend,Sun May 31 05:08:37 PDT 2009,judyvillanueva,2,NO_QUERY,2,2,0.73401105,1,positive,positive
thanks lol but where,Sun May 10 04:27:58 PDT 2009,lnlne,2,NO_QUERY,2,2,0.7505967,1,positive,positive
waiting for my dog to get out of surgery,Tue Jun 23 09:40:09 PDT 2009,mscholz62,0,NO_QUERY,0,0,0.78931415,1,negative,negative
a flurry of tweets and then it all goes quiet,Wed Jun 03 06:50:07 PDT 2009,korbz,0,NO_QUERY,0,0,0.56831455,1,negative,negative
that was an amazing game i have to miss saturday cuz of a wedding though i will be on as much as i can,Mon Jun 01 21:30:08 PDT 2009,JBHuskers,0,NO_QUERY,0,0,0.7080587,1,negative,negative
will probably start updating this thing more now that absolutely nothing is going on in my life facebook status updates per day lame,Tue Jun 16 23:26:40 PDT 2009,ilovelotr,0,NO_QUERY,0,0,0.68592924,1,negative,negative
car bomb attack in spains basque region police inspector death eta terrorist group,Fri Jun 19 01:51:26 PDT 2009,miguimon,0,NO_QUERY,0,0,0.82263774,1,negative,negative
just got two beautiful new dressesif only i had somewhere to wear them,Wed Jun 17 11:42:19 PDT 2009,Mackie1234,0,NO_QUERY,0,0,0.78357977,1,negative,negative
if only i could fast forward a few years to when im already a special ed teacher,Fri May 29 16:22:38 PDT 2009,TheJessicaGrace,2,NO_QUERY,2,2,0.58159834,1,positive,positive
poor thing im sorry going to the nintendo store will make it all better,Mon Jun 15 07:49:15 PDT 2009,Made2shine,0,NO_QUERY,0,0,0.82121986,1,negative,negative
not like the good old days when posties might throw all non labour leaflets in the bin,Fri May 22 06:29:40 PDT 2009,Joe_Caluori,0,NO_QUERY,0,0,0.72947764,1,negative,negative
passed my humanities test yay not bad what comes first best friends or boyfriends if bffs ddnt hate bfs itd be fine sux,Wed Jun 03 04:40:03 PDT 2009,EmmaBoo0496,2,NO_QUERY,2,2,0.72865224,1,positive,positive
i got on my maths exam hard to believe but thats an improvement,Tue Jun 16 00:06:30 PDT 2009,MadiisonRiot,2,NO_QUERY,2,2,0.6352952,1,positive,positive
do i detect a theme here,Sat Jun 06 10:47:31 PDT 2009,ddtannenbaum,2,NO_QUERY,2,2,0.5111302,1,positive,positive
i know why would people make fun of others,Mon Jun 01 10:37:33 PDT 2009,mlugia,0,NO_QUERY,0,0,0.6552859,1,negative,negative
is pretty bummed play it sam,Fri Apr 17 21:11:50 PDT 2009,Tanda_Panda,0,NO_QUERY,0,0,0.81162524,1,negative,negative
noooooooo dont cut your hair cmon,Sat Jun 06 07:49:15 PDT 2009,stevegarufi,0,NO_QUERY,0,0,0.8505664,1,negative,negative
full going to read and sleep and eat some more and just sleep some more then homework,Sun May 17 11:42:59 PDT 2009,shioribbery,0,NO_QUERY,0,0,0.5160602,1,negative,negative
who r u talking about,Mon Jun 01 07:48:44 PDT 2009,imChildish,2,NO_QUERY,2,2,0.8698288,1,positive,positive
i need my best friends please i hate feeling like this i need a good girly night with icecream and movies and girly chats daysy,Mon Jun 15 15:44:12 PDT 2009,stacey_julia,0,NO_QUERY,0,0,0.872392,1,negative,negative
adviser nila,Sat Jun 06 06:13:15 PDT 2009,jamz02,2,NO_QUERY,2,2,0.60512936,1,positive,positive
were just spending time with our families this summer we plan on going back west when we get sick of them,Mon Jun 15 16:41:13 PDT 2009,nataliesousa,2,NO_QUERY,2,2,0.5419156,1,positive,positive
hope it gets better soon,Sun Jun 14 14:33:19 PDT 2009,ayerad,0,NO_QUERY,0,0,0.55882204,1,negative,negative
not a clue im afraid im doubting that one exists given the prevalence of downloading things these days,Sat Jun 06 10:58:20 PDT 2009,chrimble,0,NO_QUERY,0,0,0.56425565,1,negative,negative
theres always a first time,Mon Jun 15 02:33:06 PDT 2009,headphonaught,2,NO_QUERY,2,2,0.8323587,1,positive,positive
i hope so but am not sure,Sun Jun 07 18:28:26 PDT 2009,eschiss1,0,NO_QUERY,0,0,0.8038737,1,negative,negative
i want a smoothie ill settle the freddys location i guess,Sat May 30 10:14:26 PDT 2009,Crudsbigsis,0,NO_QUERY,0,0,0.5810475,1,negative,negative
i try to take care of him but hes stubborn sometimes,Mon Jun 01 08:30:50 PDT 2009,stormi_weather,0,NO_QUERY,0,0,0.7919046,1,negative,negative
gotta walk to the bus stop today gonna go if you only knew by savanah,Tue Apr 21 04:06:43 PDT 2009,cindyegomez,2,NO_QUERY,2,2,0.5082596,1,positive,positive
mine only in half a month time where r u now,Wed Jun 17 20:05:31 PDT 2009,stiucsib86,0,NO_QUERY,0,0,0.5084371,1,negative,negative
who else do you think are crazy about hungary and hungarian beauty,Mon May 18 02:29:17 PDT 2009,lifeinhungary,2,NO_QUERY,2,2,0.816768,1,positive,positive
that sounds like what i call badges then no sorry but in primary school we had this cool pressing thing that did,Mon Jun 01 22:21:42 PDT 2009,calrion,2,NO_QUERY,2,2,0.61403054,1,positive,positive
work at am,Fri May 22 03:03:53 PDT 2009,daspooten,0,NO_QUERY,0,0,0.84084374,1,negative,negative
haha sure ill read it id have a hard time writing about twitterbut thats just me but with u its bound to be decent,Mon Jun 15 22:15:23 PDT 2009,livmogurl,2,NO_QUERY,2,2,0.723591,1,positive,positive
sitting feet are in pain from concertbut it was worth it,Thu Jun 18 21:10:00 PDT 2009,carxcrashxheart,0,NO_QUERY,0,0,0.66627306,1,negative,negative
im getting into matches immediately and this game is soooo ill forget duty haha get it swift me and shane and matheo are getting,Sat Jun 06 13:00:32 PDT 2009,EliteSamurai,2,NO_QUERY,2,2,0.8076908,1,positive,positive
whilst eating strawberries,Sun Apr 19 10:20:27 PDT 2009,TomIsGeek,2,NO_QUERY,2,2,0.89764947,1,positive,positive
bs bgun ga ya jes ahahhaahahbtw welcum to tweet world,Sat May 30 01:31:13 PDT 2009,AngeLa_aA,2,NO_QUERY,2,2,0.7714274,1,positive,positive
see just changed my picture,Mon Apr 20 07:20:06 PDT 2009,nikkisaarsteine,2,NO_QUERY,2,2,0.5416315,1,positive,positive
missed the munk debate will have to listen to it on the radio next week,Mon Jun 01 17:39:00 PDT 2009,laurenquan,0,NO_QUERY,0,0,0.7271573,1,negative,negative
craving the smell of the vaccum trying to fill that craving with something else any ideas,Thu Jun 18 05:15:18 PDT 2009,PipianaD,0,NO_QUERY,0,0,0.57246774,1,negative,negative
me milk and two sugars please x,Sun May 31 05:29:05 PDT 2009,Beegirl27,2,NO_QUERY,2,2,0.8497887,1,positive,positive
last ballroom class of the semester was today and it was great cant believe john is at hotel right now grr i always find out too late,Sun Jun 14 23:28:15 PDT 2009,MiChiamoElle,0,NO_QUERY,0,0,0.63967997,1,negative,negative
i got coffee grounds in my coffee french press operator fail,Sun May 31 10:11:05 PDT 2009,thetateway,0,NO_QUERY,0,0,0.7496203,1,negative,negative
isnt he perfect well at least for me and you,Mon May 18 03:13:31 PDT 2009,aatifaa,2,NO_QUERY,2,2,0.75746226,1,positive,positive
dont you reply to your emails,Mon Jun 01 18:24:19 PDT 2009,ilanacharnelle,0,NO_QUERY,0,0,0.568574,1,negative,negative
on and you can truely feel it within you will have achieved peace at least that is how i am working on it,Tue Jun 02 08:00:01 PDT 2009,nicole328,2,NO_QUERY,2,2,0.8965575,1,positive,positive
yes we were all traumatized this afternoon,Mon Jun 22 16:51:45 PDT 2009,NathalieCaron,0,NO_QUERY,0,0,0.760329,1,negative,negative
kings of leon a sexy girl should never be without a pickle,Sat May 30 06:43:03 PDT 2009,KOLtwitbot,2,NO_QUERY,2,2,0.8116551,1,positive,positive
oh my god i cant add you this is weirdthe quotcontact mequot box in your page doesnt have an quotadd as a friendquot option,Wed Jun 03 01:10:58 PDT 2009,Sapphire_City,0,NO_QUERY,0,0,0.7374785,1,negative,negative
i am so so so so so bored of studying really anyone got any other ideas than studying,Fri Jun 19 21:01:50 PDT 2009,samantha_z5,0,NO_QUERY,0,0,0.8504298,1,negative,negative
in the house chillin about to go sumwhere with my bff its boring,Tue Jun 16 11:03:25 PDT 2009,Littl3_y0,0,NO_QUERY,0,0,0.6026404,1,negative,negative
on way home to glorious leeds london was nice though gonna miss the hugz,Sun Apr 19 04:18:51 PDT 2009,lukebarker,0,NO_QUERY,0,0,0.64296025,1,negative,negative
when i had one id always end up biting it off while eating something theyre such a pain,Sun Jun 07 19:42:47 PDT 2009,witchwife,0,NO_QUERY,0,0,0.8924738,1,negative,negative
im practicing guitar got a lesson this wednesday i need to find a uke teacher,Mon Jun 01 23:24:10 PDT 2009,Corgi658,0,NO_QUERY,0,0,0.6690171,1,negative,negative
ok grab it then no pinching unless we say its ok,Sun Jun 14 23:00:06 PDT 2009,CYNTHIAMUNOZ,2,NO_QUERY,2,2,0.79030704,1,positive,positive
for some reasn i didnt get your tweet today sent to my phonebummer but yeah i edited and am almost done for now,Tue Jun 16 10:15:29 PDT 2009,kenny912,0,NO_QUERY,0,0,0.61599636,1,negative,negative
thats how ive been friday i felt pretty good then yesterday i felt like poop again and today worse wtf man,Sun Jun 07 06:13:14 PDT 2009,yeahdanniyeah,0,NO_QUERY,0,0,0.8246386,1,negative,negative
that isnt ghetto thats called parenting,Sat May 30 04:17:57 PDT 2009,loveyou74,2,NO_QUERY,2,2,0.65252775,1,positive,positive
i hope you win the mr twitter universe to cheer you up its not looking likely though xx,Sun Jun 07 17:35:14 PDT 2009,McFly_Mad,0,NO_QUERY,0,0,0.6377897,1,negative,negative
following and s twitter war hilarious,Fri May 22 08:50:32 PDT 2009,designsbyprater,2,NO_QUERY,2,2,0.89612633,1,positive,positive
im starting to get pretty jealous of frank iero i hav never asked me to marry u d,Tue Jun 02 21:36:56 PDT 2009,chemicalguy,0,NO_QUERY,0,0,0.52238315,1,negative,negative
orly i havent heard the best of things when it comes to them but in saying that look at you go lol,Sun Apr 19 02:13:29 PDT 2009,jasminlacinta,2,NO_QUERY,2,2,0.8052424,1,positive,positive
day off grrrrr,Sun Jun 21 09:36:03 PDT 2009,MsCherrylicious,0,NO_QUERY,0,0,0.5765415,1,negative,negative
just finished tilling up the garden by hand no tiller this year tomorrow we can start planting the plants we have already started,Tue Jun 02 22:43:05 PDT 2009,ndnchick,2,NO_QUERY,2,2,0.72998124,1,positive,positive
my aussie copilot quottoto were not in kansas anymorequot kt headwind,Tue Jun 23 09:49:09 PDT 2009,GirlsWithWings,0,NO_QUERY,0,0,0.8402809,1,negative,negative
yeah well boy is out of town and im bored,Tue Jun 02 10:56:59 PDT 2009,jonvox,0,NO_QUERY,0,0,0.75150275,1,negative,negative
listening to its america by rodney atkins now its ending,Fri Jun 19 08:47:00 PDT 2009,elishamae94,0,NO_QUERY,0,0,0.53257877,1,negative,negative
mines still in stock waiting to be dispatched,Thu May 14 04:26:13 PDT 2009,Lillybef,0,NO_QUERY,0,0,0.5293302,1,negative,negative
i absolutely dreading summer reading,Wed Jun 17 20:05:36 PDT 2009,shellienicole,0,NO_QUERY,0,0,0.8308777,1,negative,negative
wowopening wasinteresting i did enjoy the am trampoline hang out tho,Sun Jun 07 12:14:15 PDT 2009,willothewisp16,2,NO_QUERY,2,2,0.87752664,1,positive,positive
hey hw did you get your pic to go green i cant figure out how to do it computer skillz fail,Wed Jun 17 17:06:21 PDT 2009,iaro,0,NO_QUERY,0,0,0.8915068,1,negative,negative
that song is soooooo hot i want to go but might have to wrk i think my mgr is pissed should have worked last night,Fri May 29 12:15:24 PDT 2009,bangtrim,0,NO_QUERY,0,0,0.8345584,1,negative,negative
im back in manhattan in august i cant wait,Sat Jun 06 07:17:41 PDT 2009,TrumpTower1987,2,NO_QUERY,2,2,0.853317,1,positive,positive
oh i know it was it was so cheaply done and and andugh i cant even put into words the horror,Mon Jun 01 08:36:36 PDT 2009,ericaeeks,0,NO_QUERY,0,0,0.8467513,1,negative,negative
thank the stars ie is dead hopefully they pick webkit and join the crowd microsoft has a serious case of nih,Sun May 31 18:59:07 PDT 2009,Rocky1138,2,NO_QUERY,2,2,0.51586044,1,positive,positive
going to the drs at,Thu Jun 25 06:06:53 PDT 2009,ChrisLanktree,0,NO_QUERY,0,0,0.6255362,1,negative,negative
the sun is going down looking at the sun setting time to get thought together and plans,Sat Jun 06 17:49:38 PDT 2009,BlueStaz,2,NO_QUERY,2,2,0.8779315,1,positive,positive
well crap i took a nap not on purpose,Wed Jun 03 10:15:32 PDT 2009,Diana_Rice,0,NO_QUERY,0,0,0.877506,1,negative,negative
lions just lost by points,Sat Jun 06 05:18:26 PDT 2009,nrlfanclub,0,NO_QUERY,0,0,0.89026004,1,negative,negative
blahh i was woken up but an im why do i forget im signed on sometiimes,Mon May 18 02:57:08 PDT 2009,RawrEli,0,NO_QUERY,0,0,0.7615181,1,negative,negative
idk hahah,Mon Jun 15 12:22:57 PDT 2009,bekasaur,2,NO_QUERY,2,2,0.7435434,1,positive,positive
im late for class,Mon May 04 01:21:37 PDT 2009,Yermilla,0,NO_QUERY,0,0,0.7736714,1,negative,negative
what thats shit you dont deserve to get trapped in such a situation,Sat May 30 08:30:09 PDT 2009,Harukio,0,NO_QUERY,0,0,0.7086227,1,negative,negative
just in sydney,Fri May 29 23:50:42 PDT 2009,Kelliekk,2,NO_QUERY,2,2,0.7887967,1,positive,positive
apparrently it wont be at jb penrith til saaturday,Wed Jun 17 01:49:34 PDT 2009,CapnScarlett,0,NO_QUERY,0,0,0.8425864,1,negative,negative
just arrived at my dads work so fun when im here,Sun Jun 07 05:04:54 PDT 2009,music347,2,NO_QUERY,2,2,0.5448943,1,positive,positive
just a lil bit,Mon Jun 15 05:49:08 PDT 2009,alancostello,2,NO_QUERY,2,2,0.7231668,1,positive,positive
handling a hour class with only hours of sleep,Thu Jun 25 04:28:06 PDT 2009,jdham,0,NO_QUERY,0,0,0.7967734,1,negative,negative
how come i never seen that,Sat May 30 21:23:58 PDT 2009,megzpoo,0,NO_QUERY,0,0,0.64949864,1,negative,negative
mum just gave me a screwed up piece of bright pink paper to play with i am the happiest i have ever been not allowed to eat it though,Wed Jun 03 02:45:28 PDT 2009,BrownBoots,0,NO_QUERY,0,0,0.7539064,1,negative,negative
there is a lot of truewifi paid but coverage is spotty also sometimes cannot connect most time very slow better than edge,Thu Jun 18 22:52:27 PDT 2009,kjohn,0,NO_QUERY,0,0,0.746083,1,negative,negative
got itjames blunt,Sun May 31 01:23:41 PDT 2009,mudville100,2,NO_QUERY,2,2,0.7048323,1,positive,positive
still doin it up in the city of brotherly love show tomorrow night,Fri May 29 20:29:32 PDT 2009,ryanedgar,2,NO_QUERY,2,2,0.855206,1,positive,positive
well the code i won last night still does not work and it says its been used already should i keep trying even though i won,Thu Jun 18 20:03:30 PDT 2009,coreydaley,0,NO_QUERY,0,0,0.8183634,1,negative,negative
here comes the wkend,Thu May 21 23:56:18 PDT 2009,ShiatsuTracy,2,NO_QUERY,2,2,0.74925864,1,positive,positive
i have a feeling youre probably not alone in ruining your feet from high heels,Mon Jun 01 04:59:32 PDT 2009,DrRus,0,NO_QUERY,0,0,0.6255094,1,negative,negative
eating ceral getting ready for shitty workk,Wed Jun 03 07:48:00 PDT 2009,darryl1890,0,NO_QUERY,0,0,0.82866114,1,negative,negative
im poorer a camshift position sensorwhen it comes from oh apparently getting parts is an issue wthis car,Thu Jun 18 15:41:17 PDT 2009,kindray,0,NO_QUERY,0,0,0.7258265,1,negative,negative
good i guess but not good enough to go home,Fri Jun 19 14:08:55 PDT 2009,manicmother,0,NO_QUERY,0,0,0.8752281,1,negative,negative
yes maybe they went to his show,Sat Jun 06 11:39:46 PDT 2009,veddersgirl,2,NO_QUERY,2,2,0.7975328,1,positive,positive
apologies for being slow in realising but i just found out you sing as well as actyou r truelysuper talented god bless,Sun Jun 07 17:02:40 PDT 2009,hannahfriend1,2,NO_QUERY,2,2,0.8624371,1,positive,positive
tanning time hopekeepsus,Sat May 30 08:41:07 PDT 2009,mrstalkativeska,2,NO_QUERY,2,2,0.8922687,1,positive,positive
you are making me jealous i know nothing about college yet,Thu Jun 18 21:11:58 PDT 2009,danifrancisco,0,NO_QUERY,0,0,0.6751666,1,negative,negative
well im used to cst but right now im on pst so it feels like there are extra hours in my day lol,Mon Jun 15 11:47:31 PDT 2009,trelaina,0,NO_QUERY,0,0,0.65540594,1,negative,negative
im a little tired dont know why maybe im coming down with something,Tue May 26 21:50:43 PDT 2009,faded_girl,0,NO_QUERY,0,0,0.66758466,1,negative,negative
ten more minutes til i bust my ass again tight not,Sat Jun 20 09:49:28 PDT 2009,Vinamae,0,NO_QUERY,0,0,0.78360766,1,negative,negative
its wednesday and all is well,Wed Jun 03 06:30:20 PDT 2009,R__Garza,2,NO_QUERY,2,2,0.82079494,1,positive,positive
im really mad that while im going to be out of the country lil wayne is going to be having another concert out here,Fri Jun 19 15:51:54 PDT 2009,xoxoJelica,0,NO_QUERY,0,0,0.82178587,1,negative,negative
im getting close maybe a couple more days and i will have it or several more inches but that will never happen,Sat Apr 18 21:54:42 PDT 2009,bobhorne,0,NO_QUERY,0,0,0.68326634,1,negative,negative
mk bedtime lt my christopher,Sat May 30 21:47:26 PDT 2009,loved_by_elyon,2,NO_QUERY,2,2,0.5704603,1,positive,positive
smooches to ya too,Sat May 02 07:52:53 PDT 2009,DannyGirlAlways,2,NO_QUERY,2,2,0.7147674,1,positive,positive
i am sooooo confused are you rob really eally cant keep up with how many there are please reply,Sun Jun 07 11:55:07 PDT 2009,Lindiki,0,NO_QUERY,0,0,0.7214374,1,negative,negative
its hard to be happy when ur stuck in wv with no money to move back home,Mon Jun 01 04:24:40 PDT 2009,The_Best_Biish,0,NO_QUERY,0,0,0.89223075,1,negative,negative
elvis has leave the building,Sat Jun 20 17:49:42 PDT 2009,cantipocchi,0,NO_QUERY,0,0,0.82699794,1,negative,negative
i wish i had met the of you while you were here,Sun May 31 00:44:21 PDT 2009,Mikki_Q,0,NO_QUERY,0,0,0.8065893,1,negative,negative
great cant eve locate my phone there goes down the drain,Fri May 29 14:07:57 PDT 2009,0CandacENicolE0,0,NO_QUERY,0,0,0.8576417,1,negative,negative
church politics caused amp to hit the fan day rite b vbs not a good thing uggg,Tue Jun 16 15:54:41 PDT 2009,mamidecinco,0,NO_QUERY,0,0,0.8713785,1,negative,negative
i really want a chocolate sundae right about now too bad its nearing midnight and ive already had ice cream today,Wed Jun 24 23:39:00 PDT 2009,Mystitat,0,NO_QUERY,0,0,0.89622194,1,negative,negative
rough day today fb,Mon Jun 01 10:17:50 PDT 2009,doctoranonymous,0,NO_QUERY,0,0,0.8523739,1,negative,negative
i could just explode with happiness right now,Sat May 30 15:58:15 PDT 2009,SPxPhotography,2,NO_QUERY,2,2,0.8131904,1,positive,positive
juss woke up morning everyone,Sun May 17 11:16:30 PDT 2009,SuaveWreck,2,NO_QUERY,2,2,0.887857,1,positive,positive
the birthday card i never gave to my little brother sometimes i wish everything i hoped for came true,Mon Jun 01 00:16:22 PDT 2009,andyyyp,0,NO_QUERY,0,0,0.80654573,1,negative,negative
so just show me your toyzi want to be your choize,Sun May 31 05:27:03 PDT 2009,Livin_Legend,2,NO_QUERY,2,2,0.83204377,1,positive,positive
going to get my laser eye treatment in a while no more glasses or contacts good times,Mon Jun 15 00:34:20 PDT 2009,BhavinK,2,NO_QUERY,2,2,0.65697867,1,positive,positive
just not in the mood for revising today,Sun May 10 07:22:16 PDT 2009,devplop,0,NO_QUERY,0,0,0.8293808,1,negative,negative
what happened,Tue Jun 02 22:34:59 PDT 2009,flwrgurl,0,NO_QUERY,0,0,0.8850013,1,negative,negative
today i skip the gym and now my belly are bubly,Sun Jun 07 03:40:39 PDT 2009,edwin_surijah,0,NO_QUERY,0,0,0.62016165,1,negative,negative
i would if only i could,Tue Jun 02 23:46:59 PDT 2009,kanika14,0,NO_QUERY,0,0,0.53129447,1,negative,negative
is back on twitterdoing uni work finish uni this week woop x,Mon May 18 05:21:17 PDT 2009,helzybelzy,2,NO_QUERY,2,2,0.6453501,1,positive,positive
im supposed to keep up to date on this stuff it looks quite fancy a weird mash up of googlefriendfeed in realtime,Fri May 29 08:50:28 PDT 2009,christiancable,2,NO_QUERY,2,2,0.83609724,1,positive,positive
your a player yeah its true i hate you so much i seriously do your in my headdd,Sat May 02 05:56:13 PDT 2009,dindahh,0,NO_QUERY,0,0,0.5889276,1,negative,negative
this background sucks but ill change it later i hav to study,Sun Jun 07 14:58:39 PDT 2009,LiloLover,0,NO_QUERY,0,0,0.7043002,1,negative,negative
i think i mite go to bed feel ill nighty night xxx,Sat Jun 06 13:28:33 PDT 2009,xyjeni,0,NO_QUERY,0,0,0.7432402,1,negative,negative
youre my star childhood why dont you come to perform in israel,Sat May 30 00:05:59 PDT 2009,aviamos,0,NO_QUERY,0,0,0.6038275,1,negative,negative
oo ouch i hated them there horrible how many have you got left im okay thankyou apart from exams everythingelseokay x,Tue Jun 02 12:41:07 PDT 2009,KirstieBxo,0,NO_QUERY,0,0,0.84131855,1,negative,negative
storm was pretty big last night dont forget to tune in throughout your work day you know what to do,Tue Jun 02 05:20:13 PDT 2009,WXXC_Radio,2,NO_QUERY,2,2,0.59979135,1,positive,positive
on vacationtrying not to miss work so darn much,Mon Jun 22 12:06:43 PDT 2009,samjameson,0,NO_QUERY,0,0,0.8371029,1,negative,negative
goin to watch scrubs,Sat Jun 06 17:05:11 PDT 2009,Cunnelly,2,NO_QUERY,2,2,0.7482716,1,positive,positive
ive been mia for awhilea busy beeand now my reward were going to fl this am i cant sleep because theres still more to pack,Sat May 02 03:25:51 PDT 2009,feeshy,0,NO_QUERY,0,0,0.7733529,1,negative,negative
my season three oth rant why would peyton still have feelings for lucas if someone as amazing as jake loved her the way he did,Sun May 31 00:09:37 PDT 2009,jaleesaa,0,NO_QUERY,0,0,0.67246515,1,negative,negative
is time to eat,Mon Jun 01 09:42:01 PDT 2009,Peedromendes,2,NO_QUERY,2,2,0.89052343,1,positive,positive
no it didnt hurt when i done it but now it feels like i have had it redone again,Sat Jun 06 03:15:56 PDT 2009,ShanteC,0,NO_QUERY,0,0,0.6847546,1,negative,negative
yes im tweeting like a mofo i only did about or all day yesterday so catching up,Sun May 17 03:46:24 PDT 2009,jimmyaquino,2,NO_QUERY,2,2,0.6835247,1,positive,positive
just looked in the mirror been workin out amp dietting heavy lately loovvinn the results,Fri May 29 22:10:17 PDT 2009,kimmie_tweets,2,NO_QUERY,2,2,0.556091,1,positive,positive
jeez did i say min turns red i meant seconds since their last maintenance a lot of my blips are unreblippable,Tue Jun 16 01:46:23 PDT 2009,tygerbaby,0,NO_QUERY,0,0,0.808825,1,negative,negative
sitting at home by my self nothing to do,Sat Jun 20 15:51:34 PDT 2009,ashjdal_07,0,NO_QUERY,0,0,0.83095634,1,negative,negative
im so excited but i dont no why,Sat Jun 06 11:19:26 PDT 2009,Gladyspurple,0,NO_QUERY,0,0,0.7157157,1,negative,negative
hahahaha you miss him or you miss his smell lol i miss everyone,Sun May 17 03:30:15 PDT 2009,FatinH,0,NO_QUERY,0,0,0.8613642,1,negative,negative
boooo,Sun Jun 07 01:17:58 PDT 2009,Dozeymagz,0,NO_QUERY,0,0,0.8147201,1,negative,negative
just sent a fathers day ecarddid not make it in time for the real card,Sat Jun 20 05:10:12 PDT 2009,yunayuni,0,NO_QUERY,0,0,0.8224743,1,negative,negative
yes carpooling everday,Tue Apr 07 01:58:30 PDT 2009,meirafuruki,2,NO_QUERY,2,2,0.8771068,1,positive,positive
its a beautiful cityso much to do and the people are so very friendly here we planned on a year stay were on year,Wed May 13 23:31:32 PDT 2009,wombtobloom,2,NO_QUERY,2,2,0.8089335,1,positive,positive
played w the neighborhood kids this morning amp noticed that the lil yr old dude puts his tee on bkwards like i still do once in awhile,Sun May 31 10:09:24 PDT 2009,zamees,2,NO_QUERY,2,2,0.8144486,1,positive,positive
thanks man the guy is definitely paying for everything he wasnt a dick at all so i cant h but ill still regul,Sun May 10 21:02:04 PDT 2009,cjbxz,2,NO_QUERY,2,2,0.6358926,1,positive,positive
ludakissed,Sat May 30 16:07:59 PDT 2009,oneals2focus,2,NO_QUERY,2,2,0.7724416,1,positive,positive
omg i got so fucked up yesterday it was so good to see you babydoll sorry i got sick,Sun May 31 09:41:12 PDT 2009,rivetbabydoll,0,NO_QUERY,0,0,0.8801469,1,negative,negative
ah you mean for the webcomicnovel stuff thanks i guess ill need it,Mon Jun 01 07:30:48 PDT 2009,jensaltmann,2,NO_QUERY,2,2,0.8834426,1,positive,positive
party was soo much fun,Sat Apr 18 21:16:58 PDT 2009,Lola303,2,NO_QUERY,2,2,0.89575905,1,positive,positive
im sorry feel better if you ever need to talk dont hesitate huge hug,Thu Jun 18 08:58:31 PDT 2009,xpaintedheartsx,0,NO_QUERY,0,0,0.6848622,1,negative,negative
does anyone remember the yk shirts lol that was over years ago thinking back is making me feel old,Wed Jun 03 00:29:32 PDT 2009,mellisalamay,0,NO_QUERY,0,0,0.87269765,1,negative,negative
i think i might just do that,Mon Jun 01 22:11:42 PDT 2009,BonjourHoney,2,NO_QUERY,2,2,0.72841185,1,positive,positive
wow i seriously cant believe this woman i reallllyyy dislike the woman i am forced to call mom bitch,Sat Jun 06 18:16:44 PDT 2009,Shaleela,0,NO_QUERY,0,0,0.7885267,1,negative,negative
holaaai love escape the fatee too haha,Fri May 29 19:36:28 PDT 2009,sweetfantaziee,2,NO_QUERY,2,2,0.75790775,1,positive,positive
ill take them they will be for a friend not me of course,Sat May 30 12:44:40 PDT 2009,iAlbert,2,NO_QUERY,2,2,0.7217088,1,positive,positive
havent put on mascara or eyeliner in four daystheres no point,Sun May 31 09:19:23 PDT 2009,salinisalazini,0,NO_QUERY,0,0,0.601317,1,negative,negative
sorry it was the story about the man who started his book on his phone interesting read,Mon Jun 15 10:53:36 PDT 2009,amy_saunders,2,NO_QUERY,2,2,0.8387355,1,positive,positive
woke up thunder and lightning now its raining on and off fell asleep pm so bout hrs later im awake,Wed Jun 03 02:22:52 PDT 2009,neilsfanclub,0,NO_QUERY,0,0,0.8196371,1,negative,negative
aff tae bed gnight all,Sun Jun 07 16:09:00 PDT 2009,softthistle,2,NO_QUERY,2,2,0.50263673,1,positive,positive
i just watched one if those poor animal commercials,Sun Jun 07 13:12:56 PDT 2009,wildpopprincess,0,NO_QUERY,0,0,0.77460957,1,negative,negative
im sleepybut i cant be screwed going to bed im also thinking that my tooth is going back to where it was before braces,Sun Apr 19 05:34:15 PDT 2009,hazysock,0,NO_QUERY,0,0,0.8575827,1,negative,negative
if i were there i would be on that,Sat Jun 06 20:08:33 PDT 2009,ruthlessrocks,2,NO_QUERY,2,2,0.6728739,1,positive,positive
whats up with the new mbps having only sata and not sata ii for their hd,Tue Jun 16 21:09:27 PDT 2009,usher,0,NO_QUERY,0,0,0.71488774,1,negative,negative
dang girl i can tell youre working hard cause you havent been on twitter in mad long miss you,Sat Jun 20 19:12:36 PDT 2009,aNaLuZ8,0,NO_QUERY,0,0,0.8160734,1,negative,negative
eurgh i know im so gutted im not there getting swineflu off them haha tell me how it is later,Sat Jun 06 13:54:02 PDT 2009,Louiise_t,0,NO_QUERY,0,0,0.8686549,1,negative,negative
this is so not like any event youd expect apple to put on im not saying apple would do it better necessarily just different,Tue Jun 02 05:08:20 PDT 2009,mnystedt,2,NO_QUERY,2,2,0.59824693,1,positive,positive
my horoscope suggests that im going to have some romance today,Sat May 30 05:18:07 PDT 2009,3_SRC,2,NO_QUERY,2,2,0.86638254,1,positive,positive
really wants to watch the movie quotupquot today who is down to go with mee,Fri May 29 12:45:40 PDT 2009,debbiex1190,2,NO_QUERY,2,2,0.78424037,1,positive,positive
why does australia have to be km away is in blues mode,Sun May 17 11:04:17 PDT 2009,CrikeyitsEzzie,0,NO_QUERY,0,0,0.751132,1,negative,negative
super tired manjust took a nice long showerlayin down and ready go to sleep so ya god bless and lets dream of jessica alba,Sun May 03 22:21:49 PDT 2009,JustJesse2,2,NO_QUERY,2,2,0.8530685,1,positive,positive
if you dont need it why have it good to hear far too many people attached to their cars wish we had public transport here,Sat May 02 02:37:42 PDT 2009,smiffytech,0,NO_QUERY,0,0,0.6403827,1,negative,negative
hey i cant send you a direct message back unless you follow me twitter is shitty like that,Sun May 31 17:57:37 PDT 2009,DevinDTA,0,NO_QUERY,0,0,0.80866134,1,negative,negative
time for bed sleep rest slumber insert word for extended nap time,Tue Jun 16 01:22:57 PDT 2009,theseanasaurus,2,NO_QUERY,2,2,0.84747666,1,positive,positive
oh the night ended in an interesting waybut im home safethats all that matters,Sat Jun 06 04:28:15 PDT 2009,sodown,2,NO_QUERY,2,2,0.79077303,1,positive,positive
finallytryingto download evernote on my bberry unfortunately needto use bberry app store which cantfind it when i search,Thu May 28 22:41:13 PDT 2009,BelleDessy,0,NO_QUERY,0,0,0.61288995,1,negative,negative
yearold jose carrasquillo tied to a dirty backyard where a child was sadistically assaulted in philly help police find him please,Tue Jun 02 12:30:37 PDT 2009,PPD3066,0,NO_QUERY,0,0,0.7661369,1,negative,negative
need to focus and organize today though all i want to do is be with my mom on mothers day,Sun May 10 02:04:08 PDT 2009,alamby,0,NO_QUERY,0,0,0.75356555,1,negative,negative
natthiiiiiiiiiiiiiiiiiiiiiiiiiiiiiiiiiiiiiiiiii,Sat Jun 06 13:14:54 PDT 2009,Turur,2,NO_QUERY,2,2,0.580414,1,positive,positive
going to bedim pooped,Sun Apr 19 01:33:23 PDT 2009,taryn205,2,NO_QUERY,2,2,0.72293967,1,positive,positive
well sorry we like to keep him around bc hes cute,Mon Jun 01 10:18:31 PDT 2009,critical_sass,2,NO_QUERY,2,2,0.6305514,1,positive,positive
i never thought these kind of programs were that good cant wait til next yr,Mon Jun 01 22:43:58 PDT 2009,pretty_freakii,2,NO_QUERY,2,2,0.89606565,1,positive,positive
wash your body using the right product and win stuff kid you not,Mon Jun 15 22:39:58 PDT 2009,TammieHolland,2,NO_QUERY,2,2,0.8134021,1,positive,positive
true makes it difficult to eat though,Tue Jun 16 10:03:21 PDT 2009,care42,0,NO_QUERY,0,0,0.84280556,1,negative,negative
almost finished only have to build up some more in my room xbox music,Mon Jun 01 01:28:27 PDT 2009,dzs_Gamefan,2,NO_QUERY,2,2,0.57429993,1,positive,positive
lol use to be my boooyfriend we met on blackplanet n i use to sneak on the phone n talk him all night long p,Sun Jun 07 17:30:08 PDT 2009,MissRayMarshall,2,NO_QUERY,2,2,0.75641483,1,positive,positive
ok must do a few choresbe back later,Sun May 31 13:08:35 PDT 2009,Candy73,2,NO_QUERY,2,2,0.5786347,1,positive,positive
she has one that has these gorgeous golden eyesi want to hold one,Tue Jun 02 14:56:24 PDT 2009,DragonflyeDream,2,NO_QUERY,2,2,0.6973927,1,positive,positive
its almost amshould get some sleep now,Sat Jun 06 15:46:35 PDT 2009,ttuah,2,NO_QUERY,2,2,0.67800266,1,positive,positive
yeah on the plane next stop st maarten dutch side cant tweet from there too expensive,Fri Jun 19 08:09:21 PDT 2009,just_tisha,0,NO_QUERY,0,0,0.77853084,1,negative,negative
my friend rachel swears by beans shes pregnant a lot and eating beans keeps her from hurling,Fri Jun 05 17:29:31 PDT 2009,inaframe,2,NO_QUERY,2,2,0.5715171,1,positive,positive
its dry here up the road guess it wont be for long then,Sun May 17 01:29:07 PDT 2009,cavorting,0,NO_QUERY,0,0,0.7906591,1,negative,negative
thats an underscore but good thing for people to note grats on manuscripts and such i hope you find some good ones,Fri May 01 23:15:47 PDT 2009,edgedyrksec,2,NO_QUERY,2,2,0.8805991,1,positive,positive
good for you i know hat satisfaction that brings it wont last long tho so live it up,Sat Jun 06 03:06:23 PDT 2009,wheninrometours,2,NO_QUERY,2,2,0.84736204,1,positive,positive
need a nap,Wed Jun 17 05:09:50 PDT 2009,EmoFlower,0,NO_QUERY,0,0,0.77685857,1,negative,negative
aww its goin off now lol,Wed Jun 17 21:00:09 PDT 2009,kreativiti08,0,NO_QUERY,0,0,0.73076504,1,negative,negative
nothing like a good cup of coffee to get a morning started,Fri May 22 05:22:55 PDT 2009,Lisa_80,2,NO_QUERY,2,2,0.89626646,1,positive,positive
i dont know they live their own life lol,Wed Jun 03 00:47:49 PDT 2009,UglyDani,2,NO_QUERY,2,2,0.53614336,1,positive,positive
studying for finals is tedious,Sat Jun 06 23:07:49 PDT 2009,17girl,0,NO_QUERY,0,0,0.8916522,1,negative,negative
if i could see straight id be there,Sun May 31 03:16:29 PDT 2009,rdy2freefall,2,NO_QUERY,2,2,0.70827407,1,positive,positive
to live in closer proximity or a drivers license i did say at least once x,Sun Jun 07 09:34:59 PDT 2009,thecraigmorris,2,NO_QUERY,2,2,0.76062506,1,positive,positive
i am the empitome of epic fail just you know more epic than fail,Sun May 10 02:43:02 PDT 2009,zuppalizzle,2,NO_QUERY,2,2,0.5618714,1,positive,positive
i need a hug right now,Sun Jun 21 09:35:30 PDT 2009,tuschmi,0,NO_QUERY,0,0,0.8885445,1,negative,negative
crazy benard boys just came in running thru the store squarespace,Mon Jun 15 09:34:02 PDT 2009,cdthom,2,NO_QUERY,2,2,0.866333,1,positive,positive
need to go to shop so i might just do that im meant to be doing some filming at so really need to shake the hangover asap,Tue Jun 16 05:06:08 PDT 2009,byronelliott,0,NO_QUERY,0,0,0.6159339,1,negative,negative
me too,Sat May 30 11:22:10 PDT 2009,buffywoo,0,NO_QUERY,0,0,0.5924962,1,negative,negative
forgot to announce on here that im engaged too many places to announce it now but my fianc is pretty rockin,Mon May 18 05:37:14 PDT 2009,EmEddleman,2,NO_QUERY,2,2,0.69877577,1,positive,positive
ah one more final,Mon Jun 15 15:09:43 PDT 2009,tooooorri,2,NO_QUERY,2,2,0.57469,1,positive,positive
i freaken love me and you should text me maam lt,Thu May 14 03:01:43 PDT 2009,FairyLuvsU,2,NO_QUERY,2,2,0.72392327,1,positive,positive
yep i got you last night,Mon Jun 15 00:34:44 PDT 2009,mattcharlton,2,NO_QUERY,2,2,0.7866352,1,positive,positive
oh hey me too,Sat Jun 06 22:37:20 PDT 2009,caityisawinner,2,NO_QUERY,2,2,0.83693594,1,positive,positive
is going to high wycombe today to see colour live for quite possibly the very last time,Sun Jun 21 05:48:52 PDT 2009,starsie,0,NO_QUERY,0,0,0.627208,1,negative,negative
studying for my english final yeah im going to fail,Wed Jun 17 15:25:39 PDT 2009,nykky1478,0,NO_QUERY,0,0,0.87314993,1,negative,negative
about to play capture the flag and forgetting you,Sun May 31 18:14:30 PDT 2009,ohceecee,2,NO_QUERY,2,2,0.58121026,1,positive,positive
days to go and i still dont know what to do how will i even spend the k and my mom said save it as much as possiblewth l,Sat May 09 22:56:05 PDT 2009,xoxoandie12,0,NO_QUERY,0,0,0.79009867,1,negative,negative
omg that was fun,Tue Jun 02 05:08:00 PDT 2009,mmmicaela,2,NO_QUERY,2,2,0.8873784,1,positive,positive
yea i do but no email as of yet,Sat Jun 06 15:40:11 PDT 2009,aweekes,0,NO_QUERY,0,0,0.857037,1,negative,negative
boo the weather man changed the plan not much sunshine today with a high of and he says the bad weather will return tomorrow,Mon May 04 07:24:42 PDT 2009,rex86,0,NO_QUERY,0,0,0.82419807,1,negative,negative
dude thank you way too long since ive heard satan on the radio,Sun May 31 00:03:28 PDT 2009,mamanze,2,NO_QUERY,2,2,0.88717353,1,positive,positive
lol i never promoted this haha we can do play snaps now,Sun Jun 07 18:24:04 PDT 2009,dicooke,2,NO_QUERY,2,2,0.7661868,1,positive,positive
a member,Fri May 22 06:51:30 PDT 2009,MusicGirl87,2,NO_QUERY,2,2,0.84166145,1,positive,positive
sweet let me know if you cant and yeah they changed their minds a few weeks ago shes so beautiful mushy thoughts,Mon May 18 04:06:27 PDT 2009,verityfred,2,NO_QUERY,2,2,0.84984565,1,positive,positive
you lucky freaking i wanna be on a boat,Fri Jun 19 10:36:45 PDT 2009,infiniteavarice,0,NO_QUERY,0,0,0.6874259,1,negative,negative
at the manics gig toasting your speedy recovery sorry you cant be here,Fri May 29 12:23:45 PDT 2009,JayneHilditch,0,NO_QUERY,0,0,0.8941649,1,negative,negative
cleaning,Fri May 29 09:09:19 PDT 2009,taylor_bsstt,0,NO_QUERY,0,0,0.6523692,1,negative,negative
the guy that played angel is my favorite angel ever saw him on broadway too,Sun Jun 07 21:04:09 PDT 2009,Chlofupup,2,NO_QUERY,2,2,0.8973092,1,positive,positive
yesyou know degrees take time and hardwork is involved your passing the tests,Sun May 31 14:35:06 PDT 2009,Bball4life,2,NO_QUERY,2,2,0.5754924,1,positive,positive
nicei think it rained for seconds down here today,Tue Jun 23 17:17:09 PDT 2009,michaelherald,0,NO_QUERY,0,0,0.60597473,1,negative,negative
turn the sound down they sound better,Sat Jun 06 06:43:12 PDT 2009,GLComputing,2,NO_QUERY,2,2,0.850441,1,positive,positive
no we were supposed to go backstage through a friend of joeys who we know but something got messed up,Sat Jun 20 15:31:01 PDT 2009,lilac18,0,NO_QUERY,0,0,0.84974533,1,negative,negative
had fun networking at the executive party my feet hurt from standing in heels for hours though,Thu Jun 18 20:57:26 PDT 2009,candicedao,0,NO_QUERY,0,0,0.8816426,1,negative,negative
you meanoyeitz fridayand how come you didnt include me i am hit with insomnia as much as anyone elsed,Thu Jun 18 12:59:13 PDT 2009,zubinsaxena,0,NO_QUERY,0,0,0.77551156,1,negative,negative
it was just one of those nights that everyone was on the same quotfunquot train the dance floor was packed each song so good you couldnt sit,Sun Apr 19 07:59:34 PDT 2009,LindaSusanE,2,NO_QUERY,2,2,0.59433883,1,positive,positive
haha you have the sweetest kids i hope filippa will be like that,Sat May 30 09:19:30 PDT 2009,MupNorth,2,NO_QUERY,2,2,0.8757392,1,positive,positive
fk drop by topseoscom,Sun Jun 07 00:40:11 PDT 2009,webwoke,0,NO_QUERY,0,0,0.56940365,1,negative,negative
cant tell you inside joke sort of,Mon Jun 01 07:32:53 PDT 2009,DeeevinnMB,2,NO_QUERY,2,2,0.7613687,1,positive,positive
wat a coincidence jus went onto ur page and saw da comment lol im only dyin it brown lol nofin extreme jus to luk diff,Sun May 31 15:43:53 PDT 2009,PaulHeylin,2,NO_QUERY,2,2,0.5910875,1,positive,positive
answer my texts you sick whore,Thu Jun 18 19:51:06 PDT 2009,wakeupthinkfast,0,NO_QUERY,0,0,0.76526386,1,negative,negative
apparently theres another tmobile ad recording ill see if i can make it,Sat Jun 06 04:16:13 PDT 2009,giloi2009,2,NO_QUERY,2,2,0.7450205,1,positive,positive
i heard he is running around with car hehe,Mon Jun 01 08:57:19 PDT 2009,KCinWPB,2,NO_QUERY,2,2,0.75894076,1,positive,positive
check and check and yes i did and am,Sun May 10 00:26:53 PDT 2009,jennx65,2,NO_QUERY,2,2,0.76326835,1,positive,positive
that usb charger thing isnt the most eyecatching thing is it,Mon Jun 01 05:29:51 PDT 2009,plasmadog,2,NO_QUERY,2,2,0.5611693,1,positive,positive
is logging off now good bye i dont like to travel between home to tuas checkpoint no internet true a,Wed May 13 23:51:15 PDT 2009,daphnemaia,0,NO_QUERY,0,0,0.80466634,1,negative,negative
will never have pants that travel,Sat Jun 06 20:33:44 PDT 2009,JMcAlpin1989,0,NO_QUERY,0,0,0.78833455,1,negative,negative
look what i found,Fri Jun 05 10:24:53 PDT 2009,geekachu,2,NO_QUERY,2,2,0.82439345,1,positive,positive
haha they r teases but theyre cute,Sun May 31 19:04:58 PDT 2009,jnh2011,2,NO_QUERY,2,2,0.8593648,1,positive,positive
love this tune and fuck study asot,Sun Apr 19 02:17:44 PDT 2009,SaBer011,2,NO_QUERY,2,2,0.6879343,1,positive,positive
fruitie dearhow u tweetweet on ur ei cannot letell me tell me le under installation in our phone is it thanks,Sat Apr 18 09:46:55 PDT 2009,lomobabes,2,NO_QUERY,2,2,0.6317979,1,positive,positive
i saw it today i saw your tweet as soon as i returned from the cinema it is good but many book details are skipped,Thu Jun 18 04:08:44 PDT 2009,crystalunicorn,0,NO_QUERY,0,0,0.5411016,1,negative,negative
hahah aw well at my school almost all seniors have perfect attendance cause thats the only way we can be exempt from exams,Sat Jun 06 14:12:53 PDT 2009,EmAllTimeLow,0,NO_QUERY,0,0,0.55519867,1,negative,negative
digging through hundreds of emails to find the receipt for my headphones i broke yet another pair,Mon Jun 15 20:53:11 PDT 2009,rageko,0,NO_QUERY,0,0,0.82324344,1,negative,negative
i tried to dm you but youve stopped following back,Sun Jun 21 08:54:52 PDT 2009,Rednax42,0,NO_QUERY,0,0,0.86190397,1,negative,negative
nicole is ur still on i want to go to short stack but if u and gab wanna go by urselvs thats completely fine,Fri May 22 02:47:30 PDT 2009,maddy_stargirl,2,NO_QUERY,2,2,0.52402145,1,positive,positive
oh you just wait for the first dmfail priceless,Fri May 01 21:25:44 PDT 2009,TidyCat,2,NO_QUERY,2,2,0.6031947,1,positive,positive
mmm scream trilogy i think so,Sun May 10 06:53:31 PDT 2009,JJAnistonFan,2,NO_QUERY,2,2,0.6992355,1,positive,positive
so excited about sims but i have to wait to buy it next week when im less broke,Sat Jun 06 08:18:26 PDT 2009,pennnnn,0,NO_QUERY,0,0,0.76158386,1,negative,negative
may,Sun May 17 10:29:21 PDT 2009,Hannrz,2,NO_QUERY,2,2,0.7314473,1,positive,positive
i dunno if your being racist or dumb,Sat Jun 06 11:21:11 PDT 2009,MightyMike419,0,NO_QUERY,0,0,0.60726523,1,negative,negative
ficou bom,Sun Jun 07 05:38:38 PDT 2009,colorful_dreams,2,NO_QUERY,2,2,0.67416006,1,positive,positive
aw virtual hug lol i was just about to come to your page and say aah no congratulations but you did,Mon May 04 04:13:29 PDT 2009,safia_,2,NO_QUERY,2,2,0.74834096,1,positive,positive
oh the story to tell when i get home,Mon Jun 15 23:39:53 PDT 2009,missmarieTM,2,NO_QUERY,2,2,0.727112,1,positive,positive
i would never beat you up i love u too much will u have my babies can we get married where do u live hahha,Tue Jun 02 00:52:08 PDT 2009,rockchick2k,2,NO_QUERY,2,2,0.68301815,1,positive,positive
ahhh brokencydes cd comes out tommorrow,Mon Jun 15 12:10:56 PDT 2009,nikkieo,2,NO_QUERY,2,2,0.57106787,1,positive,positive
damn i love him but hes taken,Tue Jun 16 19:56:36 PDT 2009,LoveDesirae,0,NO_QUERY,0,0,0.8180328,1,negative,negative
thought i had knocked out a good chunk of my emails then realized i have a whole other inbox that is still overflowing,Mon Jun 01 22:01:53 PDT 2009,chrisabad,0,NO_QUERY,0,0,0.89716464,1,negative,negative
sorrystill a chance,Tue Jun 02 16:05:55 PDT 2009,PaulPoteet,0,NO_QUERY,0,0,0.590145,1,negative,negative
this guy is gooood,Fri May 29 13:13:52 PDT 2009,stephmccall,2,NO_QUERY,2,2,0.8932192,1,positive,positive
or maybe i should keep both for double the motivation,Sat May 02 10:58:18 PDT 2009,suden,2,NO_QUERY,2,2,0.84073895,1,positive,positive
u never got back to me about the internshipjob thing and you never said if you liked the banner i made ac,Thu Jun 18 00:54:19 PDT 2009,chlon2005,0,NO_QUERY,0,0,0.5534173,1,negative,negative
wished id seen that was a fan of jb before sounds awesome think you should come with them to sweden later this year,Mon Jun 15 22:29:30 PDT 2009,Maddie010,2,NO_QUERY,2,2,0.77527064,1,positive,positive
hahah ive been dying for one of those slushies for years but ive come to the conclusion that sonic is not a real place,Tue May 26 22:23:14 PDT 2009,Sloaneyyy,0,NO_QUERY,0,0,0.5926372,1,negative,negative
no fair i cant add to a group on tweetdeck for some reasonjust not in the list,Wed Jun 17 02:37:39 PDT 2009,TimRogers,0,NO_QUERY,0,0,0.821566,1,negative,negative
youre mean,Tue Jun 16 19:46:53 PDT 2009,justinetalag,0,NO_QUERY,0,0,0.7509541,1,negative,negative
rip daddyi really miss you happy fathers day xoxoxo,Sat Jun 20 20:41:45 PDT 2009,SkaterGirl_27,0,NO_QUERY,0,0,0.8793481,1,negative,negative
i am spending too much time at am talking to helen now its a quater past i miss the uk helen worth it though,Sat May 30 20:18:54 PDT 2009,Custodiae,0,NO_QUERY,0,0,0.8784689,1,negative,negative
i lt that book,Sat Jun 06 11:19:28 PDT 2009,truth2powerxD,2,NO_QUERY,2,2,0.85099894,1,positive,positive
thanks so much sweetiethat means a lot ill postfacebook re latest setback when i get back from the drs,Tue Jun 02 02:15:24 PDT 2009,slinky_whippet,2,NO_QUERY,2,2,0.840183,1,positive,positive
home from school out tonight probably not,Fri May 29 11:59:30 PDT 2009,brittanycormier,0,NO_QUERY,0,0,0.6772936,1,negative,negative
i listeninig ur song in radio he said she said,Thu Jun 04 11:39:55 PDT 2009,kimberly_poland,2,NO_QUERY,2,2,0.7773287,1,positive,positive
work but not complaining,Fri May 22 01:50:44 PDT 2009,romainfrancois,2,NO_QUERY,2,2,0.56566465,1,positive,positive
been following pastor judah and your sermons you both are my inspirations warm hugs from indonesia ps youre not old,Fri Jun 05 16:41:03 PDT 2009,larasati,2,NO_QUERY,2,2,0.88557214,1,positive,positive
my long unflatironed hair is expandingit is getting bigger,Fri Jun 19 15:21:04 PDT 2009,Socallmelovely,0,NO_QUERY,0,0,0.59156626,1,negative,negative
appropriately quotooh fancyquot and he says quotyeah its pretty niftyquot so i thought of your usage of nifty andyeah,Sun Jun 07 14:33:09 PDT 2009,cherry_road,2,NO_QUERY,2,2,0.8780046,1,positive,positive
is on fire due to a days worth of sun burn,Tue Jun 16 11:02:32 PDT 2009,PlaygirlDanie,0,NO_QUERY,0,0,0.88552094,1,negative,negative
just got home today was fun i ate too much haha,Sat Jun 06 23:09:32 PDT 2009,ShelbyCobraaa,2,NO_QUERY,2,2,0.6751481,1,positive,positive
yeah thats the one i really wanted said the only way to get one was to get it signed and i missed the signing,Sat May 30 19:29:39 PDT 2009,beckag,0,NO_QUERY,0,0,0.8769831,1,negative,negative
applegate assignments due this weekcardiovascularblood ugh its hard,Sun May 31 08:02:20 PDT 2009,Angellynnn,0,NO_QUERY,0,0,0.88993514,1,negative,negative
im tired of lying im not okaybut thats what they want to hear,Thu Jun 18 16:36:48 PDT 2009,Sef86,0,NO_QUERY,0,0,0.876632,1,negative,negative
oh goodie another cheese lover are u into all sorts of cheese even blue cheese,Tue Jun 02 05:16:01 PDT 2009,aprilyim,2,NO_QUERY,2,2,0.87306106,1,positive,positive
going to watch da cricket today cnt wait,Sun Jun 07 02:00:10 PDT 2009,allaboutcricket,2,NO_QUERY,2,2,0.63058394,1,positive,positive
bahah ill start the period its due,Fri May 29 20:33:18 PDT 2009,aprilmayjuneee,2,NO_QUERY,2,2,0.76048505,1,positive,positive
i know,Wed Jun 17 22:20:21 PDT 2009,smorgs87,0,NO_QUERY,0,0,0.7775399,1,negative,negative
im working a double,Sat May 30 11:31:52 PDT 2009,trafficcones,0,NO_QUERY,0,0,0.5100452,1,negative,negative
home with the flu ahhh suxz well and tired will go to sleep in about an hour or so goodnites,Tue Apr 07 00:46:54 PDT 2009,Jizzel09,0,NO_QUERY,0,0,0.55447036,1,negative,negative
you guys must have done that friday when i wasnt there anything i should know for the final,Mon Jun 01 16:01:25 PDT 2009,JitteryBarista,2,NO_QUERY,2,2,0.5996165,1,positive,positive
haha well i shall come down and visit you losers,Mon Jun 15 21:49:34 PDT 2009,EmmaRoberts18,2,NO_QUERY,2,2,0.8636196,1,positive,positive
yeah great idea although i started laughing later on tonight,Fri Jun 05 15:57:58 PDT 2009,artgrrl,2,NO_QUERY,2,2,0.85730135,1,positive,positive
really you couldnt keep them that does suck,Wed Jun 17 08:17:02 PDT 2009,lauraleemagill,0,NO_QUERY,0,0,0.89563185,1,negative,negative
that is for you to know thats not my problem i sleep now,Sun Apr 19 01:02:34 PDT 2009,kremlinologist,2,NO_QUERY,2,2,0.6840444,1,positive,positive
artbizness now i want some squeeky cheese for my breakfast but i got none morning anyhow,Mon Jun 15 22:55:51 PDT 2009,DebbieDavies,0,NO_QUERY,0,0,0.8451506,1,negative,negative
nightt going off to do some history lets hope tomorrow another new moon trailer magically appears or better yet the whole movie,Mon Jun 01 04:44:01 PDT 2009,daysparkle,2,NO_QUERY,2,2,0.8660262,1,positive,positive
youre doing twit pics now too youre officially a twitter whore my phone has no camera,Mon Jun 22 15:27:44 PDT 2009,dice13,0,NO_QUERY,0,0,0.87186515,1,negative,negative
awww that sucks you can come to my house and play volleyball xd,Tue Jun 02 05:59:10 PDT 2009,DoHard,0,NO_QUERY,0,0,0.8611151,1,negative,negative
june th not very excited cos ill have less time to use the computer,Mon Jun 01 21:20:01 PDT 2009,lemongeneration,0,NO_QUERY,0,0,0.8198819,1,negative,negative
yasmina has the nicer box gt amp you havent got around to commenting on the choc package yet either,Sun Jun 07 13:25:34 PDT 2009,rachaelblogs,2,NO_QUERY,2,2,0.6714148,1,positive,positive
lolz i duno what im gona call it tho,Sun May 31 13:36:55 PDT 2009,iyaitssuzanne,2,NO_QUERY,2,2,0.5526255,1,positive,positive
tried to find some new tops for work at lunch time no luck,Thu Jun 25 05:39:01 PDT 2009,butterfly1981,0,NO_QUERY,0,0,0.88678837,1,negative,negative
is going to work in an hour lol,Sun Jun 07 10:04:39 PDT 2009,cet1213,0,NO_QUERY,0,0,0.729353,1,negative,negative
ltltlt thinks should change his pic to this,Tue Jun 02 06:49:26 PDT 2009,Cosmogurl09,2,NO_QUERY,2,2,0.7503443,1,positive,positive
its not that bad lol,Mon Jun 15 06:11:11 PDT 2009,LuciieeeH,2,NO_QUERY,2,2,0.8281771,1,positive,positive
it is amazing i just dont have too many friends who like him haha,Mon Jun 01 16:44:25 PDT 2009,JimmyLang,0,NO_QUERY,0,0,0.5714075,1,negative,negative
i really really dont wanna go to work today id much rather go play paintball with my boyfriend,Sun May 31 08:32:42 PDT 2009,Juli_Nicole,0,NO_QUERY,0,0,0.89122945,1,negative,negative
tbh i dnt know xd could be moro could be nxt month haha when eva it is im gunna be waiting,Sat May 30 04:17:52 PDT 2009,Abii_BWS_PMG,2,NO_QUERY,2,2,0.5035828,1,positive,positive
id like to remind everyone that was at tls live last night that dominique cooked paul chicken tetrazzini that is all,Sat May 02 08:48:31 PDT 2009,frostedfroslass,2,NO_QUERY,2,2,0.86573595,1,positive,positive
its just me the alien and the mickey mouse pigs not even here yet,Wed Jun 03 08:19:09 PDT 2009,Piniakot,0,NO_QUERY,0,0,0.8408123,1,negative,negative
exam today pray for me,Mon Jun 15 06:00:49 PDT 2009,cHelLyWeLlz,0,NO_QUERY,0,0,0.8317615,1,negative,negative
my moms a kj shes going to take me to grocery shopping even if i dont want to,Sat Jun 06 20:57:49 PDT 2009,ang3licd3vil,0,NO_QUERY,0,0,0.8034594,1,negative,negative
im at ichiban and not eating,Sat May 30 16:37:58 PDT 2009,crazyeffinivan,0,NO_QUERY,0,0,0.8930146,1,negative,negative
lol i sed want to not ach dress up for no reason pleaseeeeeeeeeeeeee im bored lol,Fri May 29 15:43:59 PDT 2009,HollieSSargeant,0,NO_QUERY,0,0,0.72643566,1,negative,negative
ebay will be my downfall,Mon Jun 15 18:26:05 PDT 2009,thenbobbiesaid,0,NO_QUERY,0,0,0.70598173,1,negative,negative
he is wow hes not a very faithful boyfriend i feel sorry for you,Thu Jun 25 01:03:30 PDT 2009,kinkpink,0,NO_QUERY,0,0,0.8773842,1,negative,negative
i did it by accident,Mon Jun 01 01:03:02 PDT 2009,mrs_mcsupergirl,0,NO_QUERY,0,0,0.77141434,1,negative,negative
finally i was out yesterday to see the reader at pm in mvsz what was in the luggage,Sat May 02 00:51:34 PDT 2009,le_marietta,2,NO_QUERY,2,2,0.74890965,1,positive,positive
no wants to follow me tinsel town,Tue Jun 16 17:27:01 PDT 2009,JordanPitt,0,NO_QUERY,0,0,0.7645065,1,negative,negative
buff dork,Sat May 30 22:31:25 PDT 2009,ideafusion,2,NO_QUERY,2,2,0.85707206,1,positive,positive
my moms gona pick up the dye and we can go get the shirts,Tue Apr 07 07:50:33 PDT 2009,xTwiggy,2,NO_QUERY,2,2,0.85800093,1,positive,positive
just got back from marketmarket bought the gb memory card for the psp already,Tue May 26 22:43:23 PDT 2009,ohmymae,2,NO_QUERY,2,2,0.8677824,1,positive,positive
i watched a repeat of horne and cordon the day before i was going on a trip to the church and i kept sing the ypc song lmao,Fri May 29 13:33:56 PDT 2009,Smiffys44,2,NO_QUERY,2,2,0.7925459,1,positive,positive
ohh nooo your bullying me again lmfaoo yes ii love everyone including ugly ppl lol,Sat Jun 20 21:10:48 PDT 2009,breeziibabyax3,0,NO_QUERY,0,0,0.5882638,1,negative,negative
pepsi all the way kim but i did like vanilla pepsi before they stopped making it,Sat Jun 20 23:05:06 PDT 2009,MatchGame67,0,NO_QUERY,0,0,0.67399937,1,negative,negative
outside in the garden doing some it coursework fun fun fun sooo nice and hot and sunny and loooveellyyyy hope its nice for tmoro,Sun May 31 03:55:59 PDT 2009,TomModern,2,NO_QUERY,2,2,0.8948963,1,positive,positive
looks like its going to be a crappy bday hate to be negative but the stress is piling on need to put my gospel songs on replay,Tue Jun 23 12:17:33 PDT 2009,josadalyz,0,NO_QUERY,0,0,0.78706574,1,negative,negative
real programmers can write assembly code in any language,Mon May 18 04:08:30 PDT 2009,VerniceMatt73,2,NO_QUERY,2,2,0.8143788,1,positive,positive
thats tough hope you dont get another nasty headache,Thu Jun 18 23:09:23 PDT 2009,mizzlizwhizz,0,NO_QUERY,0,0,0.7722605,1,negative,negative
saturday nite n home bored but yay footy monday hopefully shane woewodin is gunna b there,Sat Jun 06 06:23:09 PDT 2009,kindy_franklin,2,NO_QUERY,2,2,0.6664238,1,positive,positive
going to cedar point,Sun Jun 07 07:15:41 PDT 2009,copsitnick,2,NO_QUERY,2,2,0.87439847,1,positive,positive
i got all excited coz is following me then i realized she follows a lot of people i want tickets for her concert though,Sat Apr 18 16:52:33 PDT 2009,ellebannana,0,NO_QUERY,0,0,0.53718144,1,negative,negative
ahhhhhhhhh how the fuck do u do fractions,Mon Jun 15 16:43:22 PDT 2009,Kate_Arnold,0,NO_QUERY,0,0,0.632162,1,negative,negative
my temperature is going back up i just want to get better,Sun May 31 14:29:44 PDT 2009,LaurenEngle,0,NO_QUERY,0,0,0.88632536,1,negative,negative
love you,Mon Jun 01 12:37:12 PDT 2009,Duhitskaytay,2,NO_QUERY,2,2,0.88678205,1,positive,positive
nothing just a random silly thought,Mon Jun 01 22:07:32 PDT 2009,cynicismRAWKS,2,NO_QUERY,2,2,0.81331515,1,positive,positive
driving home again,Wed Jun 17 19:35:10 PDT 2009,haileyszpila,0,NO_QUERY,0,0,0.607339,1,negative,negative
is going to bedwishing i was sober to see someone lol next time,Sat Jun 06 02:25:48 PDT 2009,jvegasrocks,2,NO_QUERY,2,2,0.646782,1,positive,positive
im the muthafuckin dynamo of volition wait nevermind thats not me,Sat Jun 06 16:24:46 PDT 2009,aujyauj,0,NO_QUERY,0,0,0.5777114,1,negative,negative
on the bus with no ipod ehhhhh,Tue Jun 16 15:29:54 PDT 2009,katiieanne,0,NO_QUERY,0,0,0.89240044,1,negative,negative
you never tweet me,Sun Jun 07 20:58:12 PDT 2009,kandaka_long,0,NO_QUERY,0,0,0.53558755,1,negative,negative
didnt know you had multiple dogs what breed and so are they,Tue Apr 07 01:13:35 PDT 2009,cleaner,2,NO_QUERY,2,2,0.7636093,1,positive,positive
back from my mils house makes me realize how much i miss watching tv lol seems like such a luxury when you dont have it,Mon May 04 00:16:35 PDT 2009,fukataphoto,0,NO_QUERY,0,0,0.74332464,1,negative,negative
im soooo bored just watching come dine with me the scots accent sounds daft on the telly,Sat Jun 20 08:14:19 PDT 2009,x__claireyy__x,0,NO_QUERY,0,0,0.6751005,1,negative,negative
and i still didnt know well outta the loop on outbound lol,Tue Jun 16 17:11:51 PDT 2009,scotzchick,0,NO_QUERY,0,0,0.7287507,1,negative,negative
its like having a pizzaria in your home,Sat Jun 06 19:06:20 PDT 2009,viridianmuse,2,NO_QUERY,2,2,0.8119394,1,positive,positive
i thought this one was the creepiest since bloody mary it was awesome,Mon May 18 05:41:45 PDT 2009,itzaimster,2,NO_QUERY,2,2,0.7895599,1,positive,positive
i cant believe conner is about to graduate,Sun May 31 19:04:19 PDT 2009,abigailbrookee,0,NO_QUERY,0,0,0.66646117,1,negative,negative
boooo pasini x yeah bati goooo nicky,Sun May 31 04:33:05 PDT 2009,msinvisible,2,NO_QUERY,2,2,0.59680456,1,positive,positive
thanks for kickin my butt at the gym today i promise ill do better next time hahahaha looove youuu lots,Tue Jun 02 16:41:09 PDT 2009,emilyecker,2,NO_QUERY,2,2,0.89334226,1,positive,positive
thank u the plan is go work amp it looks lk a late nite nonetheless im blessed c another year,Mon May 18 05:17:37 PDT 2009,alpha1736,2,NO_QUERY,2,2,0.676344,1,positive,positive
my hair looks sooo short,Fri May 29 11:33:53 PDT 2009,Dcedes,0,NO_QUERY,0,0,0.86523193,1,negative,negative
you really do keep my hours lol,Sun May 31 07:48:45 PDT 2009,aholston,2,NO_QUERY,2,2,0.7358451,1,positive,positive
got a new tattoo before leaving san diegocouldnt help it,Sat Jun 06 17:15:23 PDT 2009,misa_conant,2,NO_QUERY,2,2,0.7959629,1,positive,positive
your welcome haha i always sleep at like on weekdays anyway just tryta get some sleep though haha night lt you too ri,Sun May 31 23:31:56 PDT 2009,BlessHieu,2,NO_QUERY,2,2,0.8244598,1,positive,positive
happy birthday im sorry we couldnt spend time together today i love you xoxxoo,Sun May 03 21:46:36 PDT 2009,britto819,0,NO_QUERY,0,0,0.69125664,1,negative,negative
work bound,Mon May 18 04:38:34 PDT 2009,Divababie,0,NO_QUERY,0,0,0.8903059,1,negative,negative
shitty seats for wolverine it was still okay though not too fond of prequels in the first place,Sat May 02 01:17:30 PDT 2009,alisagomi,0,NO_QUERY,0,0,0.5795925,1,negative,negative
sweatingdamn it is hot here in toronto canada right now i have the ac on its a heat wave finally garbage workers are on strike,Thu Jun 25 06:44:33 PDT 2009,glassdesk,0,NO_QUERY,0,0,0.82381475,1,negative,negative
just departed with my montero gonna miss it ce la vie,Thu Jun 18 22:55:49 PDT 2009,SummerSunRays,0,NO_QUERY,0,0,0.89581656,1,negative,negative
mayor meltdown work day left and pretty sure i wont return need a break from everyone and everything wanna b happy againthats all,Mon May 04 05:23:09 PDT 2009,LilMissMadde,0,NO_QUERY,0,0,0.661183,1,negative,negative
youuu look adorbs im lying down too,Mon Jun 15 14:18:59 PDT 2009,karamarzilli,0,NO_QUERY,0,0,0.5060078,1,negative,negative
hello towny received your dm i cant believe it that a gokester would hate danny,Fri Jun 05 23:57:14 PDT 2009,chelzmae,2,NO_QUERY,2,2,0.5426442,1,positive,positive
we didnt see up other plans got in the way,Fri Jun 05 14:44:17 PDT 2009,Sushi2020,0,NO_QUERY,0,0,0.8723512,1,negative,negative
although i have another more locally focused blog post cooking up might leave that for a little though,Mon Jun 01 14:22:58 PDT 2009,DarrellGoodliff,2,NO_QUERY,2,2,0.60877496,1,positive,positive
also dreamed of flesh eating people if you breathed in the beetle particles you would become them,Wed Jun 03 04:17:50 PDT 2009,flowerpatch,2,NO_QUERY,2,2,0.8102168,1,positive,positive
thanks much i did get some sleep and im getting dragged out to dinner later,Fri Jun 05 13:41:03 PDT 2009,brknglassstudio,2,NO_QUERY,2,2,0.7816535,1,positive,positive
bout o nappp my siister housee ii quess or whatever ii thiink shes bout o qet dress nd qo out smh iima be extraaaa boredd,Fri Jun 05 19:34:54 PDT 2009,BiiMa2QKuTe,0,NO_QUERY,0,0,0.70360655,1,negative,negative
well i will be back latter goin to go bead whil the little ones are still asleep,Sun Apr 19 03:53:56 PDT 2009,fantasybeader,2,NO_QUERY,2,2,0.7148681,1,positive,positive
holla back,Mon Jun 15 15:22:30 PDT 2009,jerahmeel,2,NO_QUERY,2,2,0.86315453,1,positive,positive
i know but its because twitterfon is a program on iphone but whenever im using mobile web i am on the site,Sat Jun 06 05:24:56 PDT 2009,yaseminx3,2,NO_QUERY,2,2,0.73764473,1,positive,positive
going the hospital soon pretty sacred n dont know that to do with boo,Sat Jun 06 09:00:14 PDT 2009,krazymexigrl253,0,NO_QUERY,0,0,0.62334985,1,negative,negative
fell on my ipod too many times skating last summer,Mon Jun 01 11:33:00 PDT 2009,paper_p1anes,0,NO_QUERY,0,0,0.84989595,1,negative,negative
im so tierd im looking forward to tomorrow ampcarlos hella took care of mesilly me it felt like sunday i took the best shower todaylt,Sun May 17 00:45:50 PDT 2009,ewwJalanis,2,NO_QUERY,2,2,0.64515185,1,positive,positive
i tried that already steph,Mon Jun 15 18:43:54 PDT 2009,riverslu,2,NO_QUERY,2,2,0.5387492,1,positive,positive
miranda reports after having wisdom teeth removed yesterday quoti ate some green tea ice cream in the early am i couldnt sleep quot,Thu Jun 25 06:52:06 PDT 2009,deafkidsparent,0,NO_QUERY,0,0,0.7272576,1,negative,negative
wish all these portugese porch monkeys would stop creating a racket outside over their dumb parade and im half portugese to boot,Sun May 31 10:48:55 PDT 2009,vincenttobiaz,0,NO_QUERY,0,0,0.7899931,1,negative,negative
watching nomi stalk dinah and she is not having ithow long is the adjustment period for cats,Mon Jun 01 16:19:24 PDT 2009,courtneylooove,0,NO_QUERY,0,0,0.8024523,1,negative,negative
writing tell me all those sweet words to make me want to kiss you again,Sun Jun 07 17:43:00 PDT 2009,SarahVamp,2,NO_QUERY,2,2,0.80375713,1,positive,positive
then again he is from edinburgh,Sun May 31 16:18:10 PDT 2009,mcvane,2,NO_QUERY,2,2,0.6893214,1,positive,positive
fine then im off to cry my self to sleep,Sat Jun 20 16:05:10 PDT 2009,aerobic247,0,NO_QUERY,0,0,0.7587244,1,negative,negative
haha i know aye dw its fine my life does revolve around my bands xd how are you btw,Thu May 14 03:41:53 PDT 2009,twebbstack,2,NO_QUERY,2,2,0.8364711,1,positive,positive
aight then im comin to atl soulja boy tell em live live gt,Sun May 10 20:42:01 PDT 2009,RnBTreasure,2,NO_QUERY,2,2,0.8918494,1,positive,positive
i cant sleep how do i make myself tired without thinking so much,Sat Jun 06 04:23:05 PDT 2009,sfokr,0,NO_QUERY,0,0,0.7246131,1,negative,negative
im really dissapointed that sims is not online interactive missed oppurtunity there maybe it will be in an expansion sigh,Sat Jun 06 19:15:22 PDT 2009,fromthedale,0,NO_QUERY,0,0,0.86915946,1,negative,negative
as much as i have tried to avoid it my flat has turned out to look like an ikea showroom,Wed Jun 03 00:25:03 PDT 2009,Canarychica,0,NO_QUERY,0,0,0.8635047,1,negative,negative
back to work today yay hoping to finish the card designs to get them submitted hoping that the weather starts acting more like summer,Mon Jun 01 05:11:22 PDT 2009,KraZJon,0,NO_QUERY,0,0,0.5621301,1,negative,negative
completely exhausted already and i am just now going in for my hour day,Tue Jun 23 09:48:57 PDT 2009,gotmoore,0,NO_QUERY,0,0,0.59684545,1,negative,negative
i was going to vote when i register told me i cant vote it is years im i was going to vote for u sorry,Mon Jun 15 12:52:29 PDT 2009,Nanda0511,0,NO_QUERY,0,0,0.8840951,1,negative,negative
just talked to the hannacle for half a secondhe amp p r exploring a ruin,Sun May 31 13:26:41 PDT 2009,starletkittycat,2,NO_QUERY,2,2,0.7580999,1,positive,positive
i will never get a good nights sleep will i,Wed Jun 03 04:47:27 PDT 2009,shaylarcakes,0,NO_QUERY,0,0,0.8828126,1,negative,negative
i burned myself for the first time ever besides sunburn today ow,Tue Jun 23 17:45:43 PDT 2009,fragile_ingenue,0,NO_QUERY,0,0,0.77265364,1,negative,negative
been rolling diapers for several diaper cakes that i need to get done,Sun May 31 15:27:35 PDT 2009,Amei45,2,NO_QUERY,2,2,0.51041913,1,positive,positive
bedtime for me goodnight world,Sun Jun 07 21:00:06 PDT 2009,KimiJen,2,NO_QUERY,2,2,0.759922,1,positive,positive
oi ve im readdicted to silvestein not a bad thing though,Tue Jun 02 15:56:48 PDT 2009,epiphone098,2,NO_QUERY,2,2,0.8243385,1,positive,positive
clueless,Sun May 17 10:14:21 PDT 2009,user47,0,NO_QUERY,0,0,0.571676,1,negative,negative
well thats if wikipedia was to be trusted census lines up though had to check im like that,Sun Jun 07 02:01:32 PDT 2009,nonsequitir,2,NO_QUERY,2,2,0.61400086,1,positive,positive
i cant believe you will not be on the hills anymore,Sat Jun 06 10:57:03 PDT 2009,JP51989,0,NO_QUERY,0,0,0.8596366,1,negative,negative
goodmorning oh myits super late alreadyhave to work on my thesis all day,Sat Jun 06 01:58:30 PDT 2009,juliaundchicco,0,NO_QUERY,0,0,0.550439,1,negative,negative
wish that i could watch pcd in manila this june,Sat May 30 07:14:17 PDT 2009,slpyperson,0,NO_QUERY,0,0,0.89985657,1,negative,negative
just got home from florida man i missed my hubby and furbabies off to doing laundry and repacking for nyc on wednesday,Mon May 11 22:51:42 PDT 2009,MakeupGeek,0,NO_QUERY,0,0,0.81788146,1,negative,negative
for who is quotliving life out loudquot,Mon Jun 01 21:57:53 PDT 2009,RabbiShaiSpecht,2,NO_QUERY,2,2,0.89087874,1,positive,positive
busy working on a sounddesign project for the formula opening nurburgring in julykeen on getting vip access for the race fb,Tue Jun 16 04:44:14 PDT 2009,RalfConrad,2,NO_QUERY,2,2,0.85628474,1,positive,positive
head spinning all well,Thu May 14 00:01:18 PDT 2009,sinfulsignorita,2,NO_QUERY,2,2,0.82674825,1,positive,positive
oh my i bet you had a great time with the tp rolls how long did it take for you and gracie to tear them up,Sun Jun 07 04:16:32 PDT 2009,solitarydancer,2,NO_QUERY,2,2,0.73248124,1,positive,positive
u r slacking but i lovey dovey youuu,Fri Jun 05 13:36:58 PDT 2009,bella_xo,2,NO_QUERY,2,2,0.6545736,1,positive,positive
shower better mood thx to denismar,Mon Jun 15 17:59:43 PDT 2009,lAURISxO,2,NO_QUERY,2,2,0.89482313,1,positive,positive
now it is really ironic dont know what to do,Sat Jun 20 02:12:06 PDT 2009,EVAxoxo,0,NO_QUERY,0,0,0.83198965,1,negative,negative
and here you were worried that you werent going to get anymore see ours all melted,Tue Apr 07 06:02:38 PDT 2009,PrinceJvstin,0,NO_QUERY,0,0,0.7777583,1,negative,negative
wish i could see the steelwells and we are the pilots tonight waaah,Tue Jun 16 19:54:53 PDT 2009,emilytran,0,NO_QUERY,0,0,0.8269693,1,negative,negative
youre welcome glad you came wow i didnt even see this msg til i clicked on your name thru alis link,Sun May 03 17:09:27 PDT 2009,ritterblockhead,2,NO_QUERY,2,2,0.79787356,1,positive,positive
theyre writing about me,Sat May 30 16:08:16 PDT 2009,CommanderCobra,2,NO_QUERY,2,2,0.6181832,1,positive,positive
unfortunately yes had to walk the sodding thing miles back so stayed in the sun tooooo long,Sun May 31 02:43:07 PDT 2009,grantbennett,0,NO_QUERY,0,0,0.7497279,1,negative,negative
its heartbreaking just furthers the stereo type that americans are gun toting zealot nut jobs w no tolerance,Sun May 31 14:56:16 PDT 2009,julieb1975,0,NO_QUERY,0,0,0.81217384,1,negative,negative
best friend randomly woke me up today partaayyy,Fri Jun 05 09:12:35 PDT 2009,jcOMFG,2,NO_QUERY,2,2,0.871979,1,positive,positive
the wow gold contest runs from may dude,Sun May 03 23:12:35 PDT 2009,wowgoldpig,2,NO_QUERY,2,2,0.87660795,1,positive,positive
just woke up really have to clean my room today,Sat Jun 06 00:43:30 PDT 2009,MoiLysette,0,NO_QUERY,0,0,0.87786263,1,negative,negative
im exhausting the update page on my ipod touch and have been for days cmon apple i just want beejive,Sat Jun 20 12:43:10 PDT 2009,ihl,0,NO_QUERY,0,0,0.84726685,1,negative,negative
i do too sure i dont need them but i want them lol,Sun May 17 03:45:36 PDT 2009,chrisanag,0,NO_QUERY,0,0,0.74478275,1,negative,negative
made my day as always,Mon Jun 01 02:44:20 PDT 2009,kylahortaleza,2,NO_QUERY,2,2,0.8830126,1,positive,positive
its just easier sometimes,Tue Jun 02 07:04:30 PDT 2009,Cavatica,2,NO_QUERY,2,2,0.69709086,1,positive,positive
i knew youd love that movie,Mon Jun 15 21:59:38 PDT 2009,margasaur,2,NO_QUERY,2,2,0.81276715,1,positive,positive
running the corporate challenge then hitting the beer tent after no school tomorrow bc of sectionals,Thu Jun 04 12:32:07 PDT 2009,jrey0628,2,NO_QUERY,2,2,0.5347324,1,positive,positive
dont try too hard youll draw a blank,Sat May 09 21:16:11 PDT 2009,Jinxie_G,2,NO_QUERY,2,2,0.86333185,1,positive,positive
th one was lastnight i was on the computer next to shadows and we were looking at zacky and his quotsyn hairquot haha,Wed Jun 03 10:34:53 PDT 2009,pitasnackk,2,NO_QUERY,2,2,0.6629145,1,positive,positive
haha hey man yeah im here for about a month or so,Sun May 17 10:45:41 PDT 2009,xMichaelSFx,2,NO_QUERY,2,2,0.8286705,1,positive,positive
i swear i felt a kiss from you when you hugged me earlier lol,Sat Jun 06 01:41:31 PDT 2009,Jocelynxo,2,NO_QUERY,2,2,0.5349979,1,positive,positive
i want to change my picture but it wont let me tear hey now hey now,Mon Jun 01 22:07:04 PDT 2009,Behindthedesk,0,NO_QUERY,0,0,0.6504642,1,negative,negative
wishing things could stay normal for more than a few days with us,Mon May 18 07:31:10 PDT 2009,Hillyhltop,0,NO_QUERY,0,0,0.847629,1,negative,negative
drinking ciroc tired,Sat May 09 22:06:36 PDT 2009,Illene24,0,NO_QUERY,0,0,0.637482,1,negative,negative
yeah i know its back now though i love you sally buster,Sun Jun 07 09:57:41 PDT 2009,nethmii,2,NO_QUERY,2,2,0.6304434,1,positive,positive
wtf am i doing at ikea on a weekend bad plan they are rockin bowie so thats something minus s bowie,Sat May 02 12:37:27 PDT 2009,domo_domo,0,NO_QUERY,0,0,0.6591594,1,negative,negative
i think i have made up my mindi need a smallville marathon this song reminds me of it remy zero pro,Mon Jun 15 06:27:17 PDT 2009,moniquita26,2,NO_QUERY,2,2,0.75666386,1,positive,positive
great now im lost,Sat Jun 20 21:19:49 PDT 2009,GL0,0,NO_QUERY,0,0,0.8004276,1,negative,negative
why cant i be stronger and stand up for myself i just cant be,Wed Jun 17 02:37:32 PDT 2009,janeybelle15,0,NO_QUERY,0,0,0.87605697,1,negative,negative
solar panels celcius hot even here up north it is possible to get warm water from sun half a year amazing,Sun May 17 03:40:59 PDT 2009,sepponet,2,NO_QUERY,2,2,0.85622287,1,positive,positive
nooooo how gutting their still in the country party time anyways whatcha doing tomorrowxxx,Sun May 31 12:05:55 PDT 2009,Disc0Fidget,0,NO_QUERY,0,0,0.76487434,1,negative,negative
theres about of us and we are all cookie monsters,Sat Jun 06 06:53:18 PDT 2009,Zappos_Service,2,NO_QUERY,2,2,0.67385805,1,positive,positive
hey i cant join the newsletter because im from israel i have to choose state but israel dont have a state,Fri Jun 19 12:21:30 PDT 2009,rahum,0,NO_QUERY,0,0,0.78303957,1,negative,negative
will have to check it out,Fri May 22 07:46:03 PDT 2009,thisgoodlife,2,NO_QUERY,2,2,0.74834394,1,positive,positive
doing homework again,Sat Jun 06 12:14:08 PDT 2009,Bidibulon,0,NO_QUERY,0,0,0.88122433,1,negative,negative
i have once they claimed they never got my order can u just call them directly,Tue Jun 02 17:57:56 PDT 2009,hobokencat,0,NO_QUERY,0,0,0.6053759,1,negative,negative
just finished my performance exam it went good thanks god,Fri May 22 00:55:08 PDT 2009,Elleira92,2,NO_QUERY,2,2,0.8399541,1,positive,positive
well ive already got enough saved up but i want my world tour,Sat Jun 06 02:15:21 PDT 2009,parlai,0,NO_QUERY,0,0,0.75946516,1,negative,negative
youre right sometimes we let us go for the gossips and some people believe it all we need is trust,Fri Jun 05 19:30:03 PDT 2009,mariali4212,2,NO_QUERY,2,2,0.80422086,1,positive,positive
heya on my dinner now didnt get an extra break but if i wanted to i could have split my dinner up but other than that nothing,Fri May 22 06:35:52 PDT 2009,Naomi_McDonagh,0,NO_QUERY,0,0,0.6616922,1,negative,negative
im going to miss the lakers game ill be sleeping while its on lol,Sun Apr 19 06:54:05 PDT 2009,vincent_yin,0,NO_QUERY,0,0,0.7580103,1,negative,negative
ball fill is number in appstores puzzle games top too bad i had to make it free to achieve this,Tue Jun 16 05:26:46 PDT 2009,EyeCog,0,NO_QUERY,0,0,0.86161757,1,negative,negative
would love to attend the concert but you dont have any shows near panama city fl,Mon Jun 15 19:43:32 PDT 2009,babygirrl_e,0,NO_QUERY,0,0,0.81636983,1,negative,negative
aubreys in a lil wow i have a lot of homework,Sat May 30 15:25:47 PDT 2009,danaekylie,0,NO_QUERY,0,0,0.7361079,1,negative,negative
im right back,Wed Jun 03 00:14:12 PDT 2009,chubik,2,NO_QUERY,2,2,0.7535301,1,positive,positive
i am so going to get withdrawl symptoms once the apprentice has finished,Fri Jun 05 12:46:55 PDT 2009,carole29,0,NO_QUERY,0,0,0.7661319,1,negative,negative
lol i thought it might involve one of those fancy helmets with the cup holders,Mon Jun 01 07:34:44 PDT 2009,TidyCat,2,NO_QUERY,2,2,0.86290586,1,positive,positive
quotdont worry were from the internets its going to be alright quot,Sun Apr 19 02:17:37 PDT 2009,wildquaker,2,NO_QUERY,2,2,0.64237887,1,positive,positive
people can be frustrating,Fri Jun 19 02:04:57 PDT 2009,kara_twin,0,NO_QUERY,0,0,0.8962391,1,negative,negative
feeling yucky tonight think lil boy is too,Thu Jun 18 20:33:30 PDT 2009,Luvdbi,0,NO_QUERY,0,0,0.66584337,1,negative,negative
ya it cant power on now sending for repair,Fri Jun 19 23:59:18 PDT 2009,andychin,0,NO_QUERY,0,0,0.89521444,1,negative,negative
school today hope it doesnt take all summer to finish,Tue Jun 16 08:07:15 PDT 2009,thesavedm,0,NO_QUERY,0,0,0.6627553,1,negative,negative
well since you will be trying to slay the lochness im thinking a kilt needs to be in action,Fri May 22 01:23:17 PDT 2009,heysugarmel,2,NO_QUERY,2,2,0.76108557,1,positive,positive
as long as that is all you are tweeking lin,Sat May 02 02:42:00 PDT 2009,newboy,2,NO_QUERY,2,2,0.8842282,1,positive,positive
jeffff my phone wont let me write you a direct message but i miss you too a lot a lot,Sun May 10 00:08:53 PDT 2009,hayleyhorror,0,NO_QUERY,0,0,0.8763093,1,negative,negative
michaelr u on a showi havent tuned in d morns on d weekendsif ur on i will tune in let me know zoey,Sat May 30 22:47:39 PDT 2009,zozo1976,2,NO_QUERY,2,2,0.64737946,1,positive,positive
milfordd i know we need to finish that project i need a,Sat May 30 09:14:41 PDT 2009,mhurlock9,0,NO_QUERY,0,0,0.8309569,1,negative,negative
its too warm in hereand tna epics was indeed epic,Sun Jun 07 11:18:53 PDT 2009,RabidRavenette,2,NO_QUERY,2,2,0.6372001,1,positive,positive
shout out all my followers i got it i got it i got ya i got u i got us i got twitta i got boston winin game im lmao,Sun May 17 18:27:08 PDT 2009,superbadking,2,NO_QUERY,2,2,0.7646209,1,positive,positive
oh its my old schools ball tonight im so old now,Fri Jun 19 18:48:20 PDT 2009,marshmallowjade,0,NO_QUERY,0,0,0.827405,1,negative,negative
have to pull another labs post im getting s wow no wait figured it out you really screwed the earl up badly,Sun May 31 13:26:46 PDT 2009,chukaman,0,NO_QUERY,0,0,0.6716998,1,negative,negative
on my way to school i believe randis on her period right now,Mon May 18 04:33:03 PDT 2009,davidkun,0,NO_QUERY,0,0,0.54599625,1,negative,negative
just relaxing back at work monday after a week off,Sat Jun 20 07:59:19 PDT 2009,sarahlar,0,NO_QUERY,0,0,0.54276854,1,negative,negative
been searching for friends on twitter seems they havent discovered yet been on too same story,Mon Jun 01 04:26:44 PDT 2009,DennisKeen,0,NO_QUERY,0,0,0.6392457,1,negative,negative
ahhh okay thats what i thought merci,Sun Jun 07 12:11:55 PDT 2009,ModernDayFire,2,NO_QUERY,2,2,0.5673398,1,positive,positive
on my way too work cba,Sat Jun 20 08:15:36 PDT 2009,kerrymcp,0,NO_QUERY,0,0,0.8175971,1,negative,negative
awww she was one of my fav singers,Tue Jun 23 13:50:58 PDT 2009,keisha_buchanan,0,NO_QUERY,0,0,0.5588513,1,negative,negative
i ate my lunch too fast and now im all bloaty,Mon Jun 15 09:15:47 PDT 2009,scronce,0,NO_QUERY,0,0,0.7508689,1,negative,negative
oh no lol just two one is orange and white and then i have the gray one i posted a pic on tumblr today,Sun May 17 21:27:34 PDT 2009,NinjaPixie83,2,NO_QUERY,2,2,0.6281556,1,positive,positive
oh no i want it to stay summer forever,Wed Jun 17 08:36:38 PDT 2009,Euranator,0,NO_QUERY,0,0,0.8816658,1,negative,negative
finally finishes her lotf paragraph all inspiration is gone,Sun May 10 20:36:54 PDT 2009,joywang_,0,NO_QUERY,0,0,0.8214157,1,negative,negative
this afternoon were going to see hannah montana the movie again i like and her hair,Sat May 30 03:11:49 PDT 2009,Kera_xx,2,NO_QUERY,2,2,0.8986723,1,positive,positive
grandpa is back in the hospital,Sat May 30 09:01:09 PDT 2009,mizkellie,0,NO_QUERY,0,0,0.829917,1,negative,negative
thats fine with me,Fri May 29 21:27:20 PDT 2009,calyndra,2,NO_QUERY,2,2,0.88682455,1,positive,positive
heck it would still be awesome in d,Sun May 31 16:21:47 PDT 2009,neonzebra,2,NO_QUERY,2,2,0.75913286,1,positive,positive
omniaaaa i said no to the crackberrryyy time to depart with my flip phone,Tue Apr 07 01:24:46 PDT 2009,junjihee,0,NO_QUERY,0,0,0.6090797,1,negative,negative
fiiiiiiiiiiiiiiiiiiiiiiiiiiiiiiiiine its a beautiful day today dont know why i feel good whats up in mjs world,Mon May 18 02:54:02 PDT 2009,PaulineMJ,2,NO_QUERY,2,2,0.8571909,1,positive,positive
theres a pirateology postcard stuck to the bottom of my cup and it keeps poking me in the face workworkwork in minutes,Sat Jun 20 22:29:52 PDT 2009,fotiastoicheion,0,NO_QUERY,0,0,0.83166295,1,negative,negative
getting ready to leave for chriss in a while hope all goes well wish me luck,Sat May 30 19:32:22 PDT 2009,ANS_rocks,2,NO_QUERY,2,2,0.87298536,1,positive,positive
has had a really good night ceebs with work tomorrow night x,Sat May 30 16:52:26 PDT 2009,jesswillx,2,NO_QUERY,2,2,0.6505887,1,positive,positive
heh they promised live party last e games microsoft xbox any bets if they will deliver it this year,Mon Jun 01 11:44:42 PDT 2009,DarthMolen,2,NO_QUERY,2,2,0.7585617,1,positive,positive
woot,Sun May 10 01:12:09 PDT 2009,merakicore,2,NO_QUERY,2,2,0.87468225,1,positive,positive
i support through this whole thing poor guy,Tue Jun 23 17:31:14 PDT 2009,jessicagoudy,0,NO_QUERY,0,0,0.8835638,1,negative,negative
a hella lot ppl who got ur back u shldnt treat em like shit u wanna unfollow me go on no sweat off my ass cnt blieve u,Fri Jun 05 15:19:32 PDT 2009,angeleyes9397,0,NO_QUERY,0,0,0.51578045,1,negative,negative
have you been in my bedroom lol,Tue Jun 02 06:20:12 PDT 2009,keza34,2,NO_QUERY,2,2,0.5909335,1,positive,positive
my chocolate is frozen,Mon Jun 01 23:39:01 PDT 2009,vietdoll,0,NO_QUERY,0,0,0.817717,1,negative,negative
thnx now bashing the help out,Sun May 31 18:48:56 PDT 2009,kancrman,2,NO_QUERY,2,2,0.68938255,1,positive,positive
i feel im getting sick noi want go to the terminator premiere and after that dancing at the prater dom for free,Tue Jun 02 04:50:35 PDT 2009,Knolli,0,NO_QUERY,0,0,0.8945239,1,negative,negative
by the way vc consegui postar musica no meme eu no,Mon May 18 00:14:07 PDT 2009,Thata13,0,NO_QUERY,0,0,0.5126569,1,negative,negative
leonard penny perfect that made me sad but also bazinga,Thu Jun 18 14:07:43 PDT 2009,BelieveBecca,0,NO_QUERY,0,0,0.8545772,1,negative,negative
time out hahaha ill be watching the replay game of ustssc last sunday dont disturb huh lols,Mon Jun 01 22:58:09 PDT 2009,janinecarezon,2,NO_QUERY,2,2,0.84843093,1,positive,positive
i wish they had released a dvd of the greatest hits tour,Sat May 02 06:57:18 PDT 2009,KimWalshUk,0,NO_QUERY,0,0,0.8796552,1,negative,negative
shit i didnt even realize u was tha one i talked to u must be des well at least now we know each other,Sun May 31 08:41:03 PDT 2009,southalves,2,NO_QUERY,2,2,0.5369133,1,positive,positive
mother fn seagul scared the fn crap out of me no joke,Tue Jun 16 12:05:32 PDT 2009,thenonhuman,0,NO_QUERY,0,0,0.8355309,1,negative,negative
good night sweet dreams enjoy tomorrow its only am here in the uk,Tue Jun 02 02:05:08 PDT 2009,heather0510,2,NO_QUERY,2,2,0.55731434,1,positive,positive
im following now thats why it wouldnt let the dm too many spammers for autofollow these days checking site now,Sat Jun 06 14:03:54 PDT 2009,wowgrrl,0,NO_QUERY,0,0,0.5349413,1,negative,negative
ohh when you do tell me what you think but dm me instead of posting or text,Mon Jun 01 00:05:24 PDT 2009,jessicasydney,2,NO_QUERY,2,2,0.57306594,1,positive,positive
allisons grandma just picked me up on the way to white marsh,Fri May 29 12:57:42 PDT 2009,mmmjonas,2,NO_QUERY,2,2,0.6926072,1,positive,positive
margaritas on a sunday with dear friends i havent seen in monthssunday afternoon perfection,Sun May 31 14:25:00 PDT 2009,ronishortcakes,2,NO_QUERY,2,2,0.7965798,1,positive,positive
i know wat u mean homie amp i gotta be at work early,Sun Jun 21 00:32:27 PDT 2009,kathyamargi,0,NO_QUERY,0,0,0.87763995,1,negative,negative
im super sneaky like that i could have fed her pet but i prefer she readds first,Sat May 02 13:03:09 PDT 2009,keysgoround,2,NO_QUERY,2,2,0.6016656,1,positive,positive
im doing what im doing,Tue Jun 16 00:02:33 PDT 2009,moyking,2,NO_QUERY,2,2,0.88766396,1,positive,positive
does any have the spousal abuse number i just got hit for my last tweet lmao,Sun May 10 00:32:53 PDT 2009,itsSERGiObitch,0,NO_QUERY,0,0,0.66948754,1,negative,negative
aslo i am done with school for the spring semester summer semester begins tomorrow lol,Sun May 10 19:41:31 PDT 2009,joannestyger,2,NO_QUERY,2,2,0.72861904,1,positive,positive
we are at ikea we could spend a hundred thousand dollars pray for us,Fri May 29 11:21:27 PDT 2009,ONEbody,2,NO_QUERY,2,2,0.68111086,1,positive,positive
unreachable,Mon Apr 20 01:12:27 PDT 2009,puhwinsesfaye,0,NO_QUERY,0,0,0.8049502,1,negative,negative
yep very very beautiful y in italy there are beautiful girls too arent there,Mon Jun 01 10:04:10 PDT 2009,urest,2,NO_QUERY,2,2,0.63569283,1,positive,positive
i think im falling apart,Thu Jun 18 20:08:42 PDT 2009,unechevre,0,NO_QUERY,0,0,0.7285195,1,negative,negative
just saw the lion king on broadway amazing wish i was a kid again,Sat May 30 22:51:13 PDT 2009,tbomb_oswalt,0,NO_QUERY,0,0,0.6395138,1,negative,negative
clean me,Tue Apr 21 03:00:06 PDT 2009,tweetpet,0,NO_QUERY,0,0,0.7724275,1,negative,negative
i agree panic win panic,Mon Jun 01 15:19:22 PDT 2009,aleclightwood,0,NO_QUERY,0,0,0.5567087,1,negative,negative
exactly,Mon Jun 01 13:42:17 PDT 2009,krissybentz,2,NO_QUERY,2,2,0.80889934,1,positive,positive
just lost a follower i rekon i will loose so many tommorow,Tue Jun 02 06:14:23 PDT 2009,joshfittell,0,NO_QUERY,0,0,0.8514979,1,negative,negative
ive had too much naan bread tonight,Thu Jun 25 04:31:22 PDT 2009,bews,0,NO_QUERY,0,0,0.8299304,1,negative,negative
working on homework,Fri May 29 11:38:45 PDT 2009,wildabeast16,0,NO_QUERY,0,0,0.80590564,1,negative,negative
youtube mega shark vs giant octopus trailer kapot om gelachen,Sun Jun 07 04:56:53 PDT 2009,MichielAptroot,2,NO_QUERY,2,2,0.8391891,1,positive,positive
going to fall asleep to season of friends im deadd beat i hate projects,Wed May 13 23:44:41 PDT 2009,Veronron,0,NO_QUERY,0,0,0.79218346,1,negative,negative
i hypothesis that guys who carry handkerchief are good guys,Sun May 10 07:08:52 PDT 2009,greenteacup,2,NO_QUERY,2,2,0.84493136,1,positive,positive
i never got it u sent it,Sun May 03 16:34:02 PDT 2009,S_dott,0,NO_QUERY,0,0,0.50843865,1,negative,negative
its fiesta tomo have to sleep early and prepare for the celebrn,Sat May 30 06:48:43 PDT 2009,miguelcaymo,2,NO_QUERY,2,2,0.60686886,1,positive,positive
yeah,Tue Jun 16 00:56:34 PDT 2009,ZQTan,2,NO_QUERY,2,2,0.70273,1,positive,positive
i dunno she kind of disappeared after juno yes i did meet them it was a great experience,Tue Jun 16 01:10:52 PDT 2009,ziggystarduzt,2,NO_QUERY,2,2,0.58147943,1,positive,positive
cleaning my apartment so i can devote the rest of my evening to my new music production studio,Mon Jun 01 16:03:28 PDT 2009,justbabel,2,NO_QUERY,2,2,0.7637665,1,positive,positive
whats the matter,Wed Jun 17 23:44:45 PDT 2009,quixoticelixer,0,NO_QUERY,0,0,0.70717025,1,negative,negative
just discovered how selfish my dad is dont ever eat up all the biltong i get upset i tell you,Mon Jun 01 11:10:09 PDT 2009,JodiBredekamp,0,NO_QUERY,0,0,0.8963695,1,negative,negative
code blue lifey the buggy my bug is on life support it will be rushed to the vw emergency room asap on mon,Sun Jun 21 06:23:11 PDT 2009,shaymcauley,0,NO_QUERY,0,0,0.8918521,1,negative,negative
gnight,Sun May 31 14:47:18 PDT 2009,marvlove,2,NO_QUERY,2,2,0.8318282,1,positive,positive
i just got soaked doing paper round this morningcoatwet jumperwet tshirtwet,Sat Jun 06 02:45:21 PDT 2009,chuckyf,0,NO_QUERY,0,0,0.75273,1,negative,negative
just arrived on campus still dark and dreary outside oh well time for breakfast,Thu Jun 18 21:02:00 PDT 2009,ralphviktor,0,NO_QUERY,0,0,0.79844475,1,negative,negative
im jealous im slaving away at the store and youre chilling on the boat,Fri May 29 17:16:53 PDT 2009,adamkrischel,0,NO_QUERY,0,0,0.59360415,1,negative,negative
do the best in ur exams,Tue Jun 02 02:49:42 PDT 2009,stefficami,2,NO_QUERY,2,2,0.7546028,1,positive,positive
twittter was being mean it said i updated wayyy tooo much so i couldnt update fer hours,Sat Jun 06 12:35:27 PDT 2009,Andrea_B_,0,NO_QUERY,0,0,0.8587772,1,negative,negative
im blogging again,Sat Jun 06 17:07:18 PDT 2009,FranklynCypher,2,NO_QUERY,2,2,0.6901027,1,positive,positive
is all glammed up with nowhere to gosigh maybe a solo trip to jax after the rugrats go home dinner and a movie solo sounds nice,Sat Jun 06 10:47:30 PDT 2009,ChameleonChic,2,NO_QUERY,2,2,0.77617097,1,positive,positive
about to go to lowes and try to be all handy and fix my kitchen sink,Sun May 17 10:33:20 PDT 2009,ashessecrets,2,NO_QUERY,2,2,0.86474013,1,positive,positive
this isnt funny i actually couldnt be more awake i just want to sleep,Tue Jun 02 18:06:20 PDT 2009,SarcasticFairy,0,NO_QUERY,0,0,0.8556327,1,negative,negative
then ull nv learn anything,Sun Jun 07 20:33:32 PDT 2009,terrychua,2,NO_QUERY,2,2,0.893609,1,positive,positive
party all night my ass w lt,Sat Jun 06 03:13:43 PDT 2009,ChocLitLuvJoi,2,NO_QUERY,2,2,0.6090324,1,positive,positive
hours lr j and a enter room wit sleepin akzionz we need cab money lol,Sat May 30 17:06:08 PDT 2009,akzionz,0,NO_QUERY,0,0,0.54167485,1,negative,negative
tancomskincaner yes please aaaaaah i want my holiday no,Sun May 31 08:21:29 PDT 2009,pinklucie,0,NO_QUERY,0,0,0.81911784,1,negative,negative
pissed off that i hav travel in this hot weather,Mon Jun 01 08:10:29 PDT 2009,Ka_shelly,0,NO_QUERY,0,0,0.83351403,1,negative,negative
hah more or less im the bride to be slash wedding planner so far so good lets pray it stays that way brr,Sun Jun 07 05:02:50 PDT 2009,farahy,2,NO_QUERY,2,2,0.77756196,1,positive,positive
lt not in the mood,Mon Jun 15 09:41:23 PDT 2009,xobreekat,0,NO_QUERY,0,0,0.8971415,1,negative,negative
sad but on the other side i am happy,Sat Jun 06 06:33:47 PDT 2009,hazelalatralala,0,NO_QUERY,0,0,0.5423371,1,negative,negative
gotta get ready fer tha open houses ahh,Sat Jun 06 09:37:26 PDT 2009,wickedkittykat,2,NO_QUERY,2,2,0.7144872,1,positive,positive
in mediaa ext moree dayys till school is done,Mon Jun 01 10:53:51 PDT 2009,catherineann785,0,NO_QUERY,0,0,0.5691084,1,negative,negative
i have never in my life eaten that many doughnuts in a year wtf no wonder people are having heart attacks lol,Wed Jun 17 17:33:28 PDT 2009,masterluke103,0,NO_QUERY,0,0,0.69830394,1,negative,negative
so jealous i have loved her ever since her living single days a nice positive role model,Mon Jun 15 22:59:45 PDT 2009,wendyisastar,2,NO_QUERY,2,2,0.8444453,1,positive,positive
you should and blog them just dont mention that they are dreams,Wed Jun 03 06:34:40 PDT 2009,drewplaysdrums,2,NO_QUERY,2,2,0.87111396,1,positive,positive
im still hungry after a bowl of wanton noodles want some more but an exclassmate is at the table next to mine,Sat Jun 20 03:17:40 PDT 2009,theiceangel,0,NO_QUERY,0,0,0.69694334,1,negative,negative
gotta get up soon n take my kids to their game ughhhh,Sat May 30 03:44:56 PDT 2009,GWEN619,0,NO_QUERY,0,0,0.88062024,1,negative,negative
same to you,Tue Jun 02 11:26:01 PDT 2009,iamlogiq,2,NO_QUERY,2,2,0.7957082,1,positive,positive
followers why have you deserted me x,Sun Jun 07 11:29:17 PDT 2009,jack_collins,0,NO_QUERY,0,0,0.83228964,1,negative,negative
give my regards to reege and please mention ed mcmahon he is sorely missed,Tue Jun 23 16:47:16 PDT 2009,linuxglobe,0,NO_QUERY,0,0,0.7456815,1,negative,negative
omgomgomgomg jonas brothers were so good still cant believe mcfly joined them on stage week,Tue Jun 16 00:40:16 PDT 2009,KateElizabeth1,2,NO_QUERY,2,2,0.8671762,1,positive,positive
wow got killed on first wave of horde on gears fail,Fri May 29 10:35:51 PDT 2009,jevison,0,NO_QUERY,0,0,0.83287275,1,negative,negative
going for a run todaybut its raining must prepare for race next week though,Wed Jun 17 10:02:11 PDT 2009,xelalk,0,NO_QUERY,0,0,0.77928746,1,negative,negative
start hw noooooooooooo tomorrow wo got back to school boo hoo o,Sat Apr 18 08:21:19 PDT 2009,liraztal,0,NO_QUERY,0,0,0.8971333,1,negative,negative
hmm can i get in on that kidding you should probably revisit the terms of use that you agreed to when you signed up,Fri May 22 08:42:32 PDT 2009,cramster,2,NO_QUERY,2,2,0.88008034,1,positive,positive
is in pe sat on the grass in the blazing sun watching the lads play football xx,Mon Jun 01 03:39:19 PDT 2009,CJLxx,2,NO_QUERY,2,2,0.8963954,1,positive,positive
oh ok now about that susan boyle issue cant really help u but regarding the capital of assyria,Mon May 18 03:30:39 PDT 2009,Biansta,2,NO_QUERY,2,2,0.66545826,1,positive,positive
hating love hearts i guess are ment to be broken in millions of little pieces,Sat May 30 15:37:41 PDT 2009,xxHaRdYxBoyZxx,0,NO_QUERY,0,0,0.8597669,1,negative,negative
i love you girls thats why ill do it p just pm your adress in the forum or by email,Sun May 31 05:24:52 PDT 2009,SaraahPcd,2,NO_QUERY,2,2,0.89978075,1,positive,positive
an even better first prize have and as slaves during one shooting day,Tue Jun 02 23:45:57 PDT 2009,Pietel,2,NO_QUERY,2,2,0.74890393,1,positive,positive
this is a nightmare dina needs to win,Sat Jun 06 07:20:51 PDT 2009,loveisnothing,0,NO_QUERY,0,0,0.8239542,1,negative,negative
lockin in,Mon Apr 20 04:33:49 PDT 2009,Bel_air85,2,NO_QUERY,2,2,0.8049975,1,positive,positive
i wish i was rich but right now any money is good money i havent heard anything from the jobs i applied to,Tue Jun 16 16:10:14 PDT 2009,chak88,0,NO_QUERY,0,0,0.6958187,1,negative,negative
going to bed in a bit need to revise moro,Fri May 29 17:35:15 PDT 2009,Flipflop1,0,NO_QUERY,0,0,0.7426421,1,negative,negative
night,Sat Apr 18 23:12:12 PDT 2009,IluvaVanquish,2,NO_QUERY,2,2,0.86570776,1,positive,positive
mmm dairy queen,Sat May 30 18:34:33 PDT 2009,Chelsea_Reilly1,2,NO_QUERY,2,2,0.8922688,1,positive,positive
outrageous fortune is back dont think i can stay awake long enough to watch the whole show,Tue Jun 02 02:34:01 PDT 2009,Bronnnnn,0,NO_QUERY,0,0,0.5316097,1,negative,negative
wtf dont read if you feel squeamish about dead kittens,Sat Jun 06 16:32:53 PDT 2009,heathereileen,0,NO_QUERY,0,0,0.6757561,1,negative,negative
ohh i so much missed this had lot of work,Sat Jun 06 07:52:57 PDT 2009,imba,0,NO_QUERY,0,0,0.87312627,1,negative,negative
man i hate bugs just found one in my hotel room thank you lord for bug spray,Wed May 13 23:36:19 PDT 2009,Mileyx_xCyrus,2,NO_QUERY,2,2,0.52647495,1,positive,positive
shut off brain please just shut off i have a love affair with sleep but shes a fickle mistress and only comes to me when she wants,Sun Jun 21 01:46:53 PDT 2009,releasethepants,0,NO_QUERY,0,0,0.69483066,1,negative,negative
k i give up im done with this thing and with everyone else so fucking sick of this,Wed Jun 17 15:31:55 PDT 2009,cmdba,0,NO_QUERY,0,0,0.8817032,1,negative,negative
aww thank you sweetie that means alot its for my mom she passed yrs today very upsetting,Fri May 29 19:25:05 PDT 2009,xMissAJx,0,NO_QUERY,0,0,0.6587662,1,negative,negative
no orange phone since swapping to the iphone,Mon May 18 07:10:35 PDT 2009,lucykjohnstone,0,NO_QUERY,0,0,0.89353245,1,negative,negative
ipod earphones are fucked,Sun May 03 02:35:22 PDT 2009,llamallamalara,0,NO_QUERY,0,0,0.81767076,1,negative,negative
u can eat a lot of guacamol hahahahahahaha xd love u guys so come to guatemala xd,Mon Jun 15 17:37:25 PDT 2009,majitho30stm,2,NO_QUERY,2,2,0.8640088,1,positive,positive
small group finally split feeling nostalgic about,Wed Jun 17 20:14:34 PDT 2009,iamgendi,0,NO_QUERY,0,0,0.7772638,1,negative,negative
i wish i hadnt waited until am on a night when ive been drinking to watch the series finale of pushing daisies biggest letdown ever,Thu Jun 18 00:33:51 PDT 2009,halfapple,0,NO_QUERY,0,0,0.8408483,1,negative,negative
i need the soccer channel badly just found out yesterday that newcastle united was relegated im living under a rock,Mon Jun 15 05:44:03 PDT 2009,litzinger,0,NO_QUERY,0,0,0.87266886,1,negative,negative
seems like i may need some quotme timequot myself,Tue Jun 23 12:24:44 PDT 2009,FunNateofPMG,0,NO_QUERY,0,0,0.6973415,1,negative,negative
this sucks its like the sunniest day ever and everyones busy,Sat May 30 05:37:38 PDT 2009,waitforthestars,0,NO_QUERY,0,0,0.8760731,1,negative,negative
definitely happy to be on my way home its been a long day but unfortunately uni work demands attention,Mon May 04 02:27:45 PDT 2009,nathanclark_,0,NO_QUERY,0,0,0.81436133,1,negative,negative
so jealous i would looove a burberry trench course id never be able to afford one,Sun Apr 19 11:30:38 PDT 2009,BeautyisMadness,0,NO_QUERY,0,0,0.8815386,1,negative,negative
byddypress get social moving themes the east way again,Sat May 30 09:29:24 PDT 2009,bi0xid,2,NO_QUERY,2,2,0.8191499,1,positive,positive
yesnow were on the same page,Sat Jun 06 23:23:18 PDT 2009,sidneyu,2,NO_QUERY,2,2,0.8812212,1,positive,positive
lol my room is hot as hell cuz of the damn hdtv its its own heater i swear ughh,Fri Jun 05 17:54:47 PDT 2009,AmyJade,0,NO_QUERY,0,0,0.8386661,1,negative,negative
ah oof that you went poof giggles,Sun May 31 03:28:17 PDT 2009,jane__,2,NO_QUERY,2,2,0.7875403,1,positive,positive
haha but wally world is def the best way to view the quotlocal colorquot,Sun May 31 08:45:12 PDT 2009,SuperAliks,2,NO_QUERY,2,2,0.8766067,1,positive,positive
ahhhh no wont see hey monday at all,Tue Jun 16 22:47:12 PDT 2009,withlovesevelyn,0,NO_QUERY,0,0,0.760131,1,negative,negative
working it out,Tue Jun 16 06:22:18 PDT 2009,uelmurphyis,2,NO_QUERY,2,2,0.8706148,1,positive,positive
gasps the audacity of it the menu here isnt the same as in mandarin garden theres no salted fish fried rice,Sat Jun 20 04:44:19 PDT 2009,rockingchairs,0,NO_QUERY,0,0,0.86868817,1,negative,negative
and the video games even though nobody wants to play with him,Wed Jun 17 01:59:37 PDT 2009,jjongie,0,NO_QUERY,0,0,0.7032442,1,negative,negative
coffee yay girl talk until baby gets off,Wed Jun 03 04:59:56 PDT 2009,Chad_n_me,2,NO_QUERY,2,2,0.8746737,1,positive,positive
guten morgen,Mon Jun 01 00:06:05 PDT 2009,socke249,2,NO_QUERY,2,2,0.66796976,1,positive,positive
you can have a vcg baby,Sat Jun 06 20:54:58 PDT 2009,spahkleprincess,2,NO_QUERY,2,2,0.86598724,1,positive,positive
listening to michael w smith is making me miss mtcs the old private school i went to we always performed his songs in choir,Sat May 30 22:44:46 PDT 2009,JBMareMareJB,0,NO_QUERY,0,0,0.76965076,1,negative,negative
prayin for dad in wellington fl via i too live in welly may i pray f,Fri May 29 16:26:45 PDT 2009,Prayter,0,NO_QUERY,0,0,0.6410022,1,negative,negative
yes im reunited with the kitten lt lt my moms a bitch but im soooo happy tonight lt,Sun Jun 14 23:07:59 PDT 2009,kelcakes,2,NO_QUERY,2,2,0.8981452,1,positive,positive
a little light lunchtime digesting im having pasta meself,Mon Jun 15 05:36:36 PDT 2009,improbulus,2,NO_QUERY,2,2,0.85850734,1,positive,positive
where is my strawberry cake,Sun May 31 06:28:10 PDT 2009,kay94,0,NO_QUERY,0,0,0.8719649,1,negative,negative
if theyre important enough i dont write on their wall i call,Tue Jun 02 01:24:38 PDT 2009,gabyrosario,2,NO_QUERY,2,2,0.6528916,1,positive,positive
totally gutted kels hope you are ok still in shock,Sat May 30 09:32:25 PDT 2009,LouJordan,0,NO_QUERY,0,0,0.8004368,1,negative,negative
im bored and tired i can go home,Sun Jun 21 00:34:49 PDT 2009,atkailash,0,NO_QUERY,0,0,0.8261286,1,negative,negative
i hang my head in shame i was right clicking everything dragging it out the window never thought about editgtdelete or del key,Fri May 22 04:30:48 PDT 2009,baddesigner,0,NO_QUERY,0,0,0.85245436,1,negative,negative
wow well done stephthats more than i do in half a year lol,Wed Jun 03 01:50:11 PDT 2009,johnburton1977,2,NO_QUERY,2,2,0.8213996,1,positive,positive
relax mama u kno we got ubreathe easyneed some piff is all,Sat May 09 23:56:29 PDT 2009,YoungTurbo5,2,NO_QUERY,2,2,0.8493871,1,positive,positive
brothers graduation,Fri Jun 05 16:20:29 PDT 2009,KBartz,2,NO_QUERY,2,2,0.75917256,1,positive,positive
this story was definitely not ridiculous,Sat Jun 06 13:12:57 PDT 2009,PrettyPrats,2,NO_QUERY,2,2,0.6338676,1,positive,positive
going down the party at the harbour day my husband and i r going out and granny will look after esther,Mon Jun 01 01:38:15 PDT 2009,MutterFit,2,NO_QUERY,2,2,0.8777684,1,positive,positive
true well doesnt seem so bad now and i have access to fb amp twitter im getting harry potter tonightexcitement,Thu Jun 04 08:59:15 PDT 2009,kreativemess,2,NO_QUERY,2,2,0.70971835,1,positive,positive
lets not tread to that territory now most things i would say here would be stuff i learnt from you,Tue Jun 16 00:40:19 PDT 2009,ChetnaKhanna,2,NO_QUERY,2,2,0.7803115,1,positive,positive
might not be showin at all,Sat Apr 18 15:03:35 PDT 2009,DMcDade7,0,NO_QUERY,0,0,0.7871263,1,negative,negative
its damn hot in our classroom,Thu Jun 18 00:48:54 PDT 2009,EESHOQ,0,NO_QUERY,0,0,0.8823601,1,negative,negative
has an extended vacation yipee,Sat Jun 06 12:44:24 PDT 2009,patitjocson,2,NO_QUERY,2,2,0.893776,1,positive,positive
free hat ill take you up on that so i hope youre seriousi sent it to you,Sat May 30 10:58:39 PDT 2009,FollowUPSuccess,2,NO_QUERY,2,2,0.83818805,1,positive,positive
its really weird how everyone is busy on a saturday anyhoo im really excited abt tmrw,Sat Jun 06 01:59:37 PDT 2009,pekypek,2,NO_QUERY,2,2,0.85623753,1,positive,positive
sarahxsmiles and the amazing people at the end of them,Sat Apr 18 13:29:25 PDT 2009,wechangexwewait,2,NO_QUERY,2,2,0.7899362,1,positive,positive
hopes the cases of ahn would decline,Wed Jun 17 03:30:50 PDT 2009,bboyron,0,NO_QUERY,0,0,0.8848161,1,negative,negative
thanks i wish u were near,Fri May 29 23:03:56 PDT 2009,JunieB28,0,NO_QUERY,0,0,0.628781,1,negative,negative
wings won we to represent the original six,Sat May 30 20:29:02 PDT 2009,CB_0192,2,NO_QUERY,2,2,0.8896446,1,positive,positive
i feel like working out becuz im so effin horny,Sun May 17 01:23:10 PDT 2009,simply_brandon,0,NO_QUERY,0,0,0.80707425,1,negative,negative
crossing my fingers i have even built a blog which i am not sure if ill ever use,Sun Jun 07 09:45:12 PDT 2009,gallarotti,2,NO_QUERY,2,2,0.6135515,1,positive,positive
is thinkinglast time i did this to my back i was flat on my back for a couple of days welcome to the late s this sucks,Sat Jun 06 05:43:00 PDT 2009,CoachJenRulon,0,NO_QUERY,0,0,0.8812622,1,negative,negative
yep maybe hell change his mind tmrw,Sat May 30 14:21:35 PDT 2009,miztrhollywood,2,NO_QUERY,2,2,0.6567171,1,positive,positive
i love ugly betty ajajajaja the original serie was quotbetty la feaquot from colombiait was awesome gampg miley,Tue May 26 22:45:09 PDT 2009,marufumega,2,NO_QUERY,2,2,0.8988798,1,positive,positive
aww this guy is holding on to the truck as they drive it away,Tue Jun 02 19:25:40 PDT 2009,sunkistcami,0,NO_QUERY,0,0,0.7600242,1,negative,negative
gmorning bagrut today off to school wish me luck,Sat Jun 06 20:46:37 PDT 2009,shiraz16,2,NO_QUERY,2,2,0.7024989,1,positive,positive
i cant wait to see you this weekend i do not see you enough,Thu Jun 18 08:36:39 PDT 2009,alexandruh,0,NO_QUERY,0,0,0.7474698,1,negative,negative
ps totally looks like i can make it up wednesday at least to hang out,Sun May 31 14:07:10 PDT 2009,zofiaphoto,2,NO_QUERY,2,2,0.7701435,1,positive,positive
whatcha doing in the bed again lol,Tue Jun 02 04:49:52 PDT 2009,missbeenj,2,NO_QUERY,2,2,0.73989934,1,positive,positive
tmrs the launch party of sims and i really wanna be there,Mon Jun 01 07:30:02 PDT 2009,3hirdteenthirty,0,NO_QUERY,0,0,0.6544208,1,negative,negative
no one beleives i got a mess from u they think its a reply message from the computer ohh well thanx again tonya from ny,Tue Jun 16 19:22:47 PDT 2009,tonyaAM,0,NO_QUERY,0,0,0.71442175,1,negative,negative
thanksif anybody commented on my interview is asleep i believe in aus but she will approve them soon,Sat Jun 06 11:15:29 PDT 2009,gassho,2,NO_QUERY,2,2,0.8182226,1,positive,positive
yeah sadly well the movie was in our cinemas in january and yours earlier i guess its because of all the synchronization,Sat Jun 06 12:13:20 PDT 2009,dannybanany,0,NO_QUERY,0,0,0.7866724,1,negative,negative
is such a shit age u cant smoke u cant drink all u can do is drive but thats gunna take me till im to pass life is so shit,Wed Jun 03 04:25:08 PDT 2009,Steviiexo,0,NO_QUERY,0,0,0.83264774,1,negative,negative
add us to myspace i tried adding you but i dont know your emai,Sat Jun 06 13:32:48 PDT 2009,HASKET,0,NO_QUERY,0,0,0.7225493,1,negative,negative
ginger tony spunky and gigantocat were all on the back deck gt and gigantocat decided not to play nice,Wed Jun 17 18:14:36 PDT 2009,drjonboyg,0,NO_QUERY,0,0,0.6907339,1,negative,negative
ooooooo that sounds sneaky,Sun Jun 07 13:25:30 PDT 2009,mattdavey2,2,NO_QUERY,2,2,0.86098963,1,positive,positive
i voted hope you win,Wed Jun 03 03:57:28 PDT 2009,daysparkle,2,NO_QUERY,2,2,0.8479541,1,positive,positive
this week was awsomegot an interview at toysrus on mondaymoving up in life getting a grown up job in a kids store oh well,Fri May 29 22:52:04 PDT 2009,lowlah,2,NO_QUERY,2,2,0.6919213,1,positive,positive
my cell phone is possessed it has been randomly calling people and connecting to the internet cant wait to see that bill,Sun May 31 16:22:39 PDT 2009,nitoob,0,NO_QUERY,0,0,0.50379145,1,negative,negative
just got back from soccer fanatic and waiting for my daddy to get home so we can go to lunch,Sat May 02 11:28:26 PDT 2009,ShannonBoler,2,NO_QUERY,2,2,0.85264546,1,positive,positive
as long as ive got you my life is complete,Tue Jun 02 21:02:19 PDT 2009,jaybabyrich,2,NO_QUERY,2,2,0.8556028,1,positive,positive
waiting on oil change why do they always tell me minutes and it ends up being hours,Mon Jun 15 11:13:48 PDT 2009,SonicOfBCS,0,NO_QUERY,0,0,0.8744335,1,negative,negative
looks like the victim of a failed suicide attempt last time i dont wetshave my neck ouch,Sat Jun 06 14:58:41 PDT 2009,marxnengels,0,NO_QUERY,0,0,0.88919985,1,negative,negative
oh yeah just spotted it next to one friend hmm not a clue why haha,Sun May 03 06:34:19 PDT 2009,DLDAVID,2,NO_QUERY,2,2,0.76259214,1,positive,positive
a disappointingly tepid review sympathy,Sun May 17 01:19:07 PDT 2009,Stardragonca,0,NO_QUERY,0,0,0.88641435,1,negative,negative
still amazed they named a drink after me,Thu May 14 09:00:15 PDT 2009,deucehartley,2,NO_QUERY,2,2,0.7487088,1,positive,positive
tweetdock doesnt let me to send any new tweets each time i press send its crashing it needs update guys sent from twitterific,Thu Jun 18 16:18:07 PDT 2009,iOllivier,0,NO_QUERY,0,0,0.82669866,1,negative,negative
too early im afraid op to take screw out week tuesday the family will going off ill me looking fir that guinness,Fri May 29 01:21:49 PDT 2009,3Easy,0,NO_QUERY,0,0,0.780759,1,negative,negative
back in the uk at st pancras min tube to ickenham to pick up the car then h drive home tired already,Thu Jun 18 11:42:27 PDT 2009,IanMonst,0,NO_QUERY,0,0,0.7396465,1,negative,negative
i will try bored at workim sure your busy but im excited about the baby cant wait till hes finally here,Sat May 30 08:29:27 PDT 2009,RachLopez03,2,NO_QUERY,2,2,0.72284,1,positive,positive
changed pic to normal amp from wg the green overlay was really bothering me sorry iran i still support you but im too shallow,Fri Jun 19 17:51:12 PDT 2009,paolasp,0,NO_QUERY,0,0,0.8426118,1,negative,negative
all soree,Tue Jun 16 10:40:54 PDT 2009,zoeysummer,0,NO_QUERY,0,0,0.859087,1,negative,negative
car problems off to the garage soon not before coffee and sum tunes,Tue Jun 02 01:11:00 PDT 2009,CraigRyRy,0,NO_QUERY,0,0,0.5254402,1,negative,negative
sigh how i miss summer glad c ure still enjoying it though,Sun Jun 21 02:24:06 PDT 2009,KellybeanFowler,0,NO_QUERY,0,0,0.6184212,1,negative,negative
still trying to figure twitter out this is the rd account ive started obviously challenged,Sun May 31 09:23:35 PDT 2009,_elizabethjfry_,2,NO_QUERY,2,2,0.6646914,1,positive,positive
cant remember the last time my dad was in town for fathers day,Sat Jun 20 13:45:33 PDT 2009,Crack_Morris,0,NO_QUERY,0,0,0.86578625,1,negative,negative
born and raised in a burb of detroit,Sun May 31 18:46:55 PDT 2009,QueenofSpain,2,NO_QUERY,2,2,0.71465796,1,positive,positive
ahaha maybe they would at that im afraid to blow my nose this morning,Sun Jun 07 06:03:56 PDT 2009,afistfulofsky,0,NO_QUERY,0,0,0.76296985,1,negative,negative
thinking about watching the phillies tonight hopefully watching them beat the dogers again staying up late again to i love summer,Fri Jun 05 14:09:04 PDT 2009,Jb_Phillies_Fan,2,NO_QUERY,2,2,0.8507421,1,positive,positive
sony presscon lbp update quotdressing up your sack boyquot sounds like a rude euphemism haha disney character costumes for lbp,Tue Jun 02 12:43:25 PDT 2009,dustinanglin,2,NO_QUERY,2,2,0.7473277,1,positive,positive
now off to the spa open till am tonight lucky me,Fri May 29 13:56:31 PDT 2009,Talietskie,2,NO_QUERY,2,2,0.771459,1,positive,positive
have fun man shred it up during last for me my turn tomorrow,Fri Jun 05 15:19:22 PDT 2009,lifecried,2,NO_QUERY,2,2,0.69504046,1,positive,positive
thinks that church will be spectacular tonight fb,Sun Jun 07 13:42:07 PDT 2009,kerrymwood,2,NO_QUERY,2,2,0.8341623,1,positive,positive
i love you lt,Tue Jun 02 17:37:50 PDT 2009,DesireRenee,2,NO_QUERY,2,2,0.8457675,1,positive,positive
lol hoping you can still include our stuff in there somewhere,Wed Jun 03 10:04:32 PDT 2009,gabysslave,2,NO_QUERY,2,2,0.8676637,1,positive,positive
done now to decide which party both oo,Sat Jun 06 14:53:37 PDT 2009,HoyNikko,2,NO_QUERY,2,2,0.88961333,1,positive,positive
on my way to convert garden flower market how dedicated am i even though its my day off,Tue Jun 02 23:39:35 PDT 2009,x_Mazzle_x,2,NO_QUERY,2,2,0.6171597,1,positive,positive
has gone all jaunty jackalope this morning its been a while since i used a linux install and im impressed tweetdeck already running,Sat Jun 06 04:16:42 PDT 2009,curns,2,NO_QUERY,2,2,0.75628626,1,positive,positive
now i have to sit out n look for a park,Sun May 31 00:32:29 PDT 2009,psychmaster10,0,NO_QUERY,0,0,0.68783665,1,negative,negative
i wanted to see cavs vs nuggets if the cavs lose i hope the lakers beat the crap out of the magic,Fri May 29 22:09:54 PDT 2009,Dotseoem,0,NO_QUERY,0,0,0.63903135,1,negative,negative
haha well have to come over drop her off with you guys for the night whilst we go stay in a nice hotel and get some sleep,Tue Jun 02 02:53:24 PDT 2009,samradford,2,NO_QUERY,2,2,0.87148005,1,positive,positive
hey yeah its raining,Wed Jun 17 09:24:33 PDT 2009,dmarie_stayfly,0,NO_QUERY,0,0,0.8000949,1,negative,negative
hello nice me to too im cant speek english but learning english hh,Tue Jun 02 23:01:28 PDT 2009,assryl,2,NO_QUERY,2,2,0.8081425,1,positive,positive
where are yall im bout to start walking lol and it aint funny,Thu Jun 18 13:03:36 PDT 2009,ashjanae,0,NO_QUERY,0,0,0.5002703,1,negative,negative
my rooms cleaned the beats rollin i need some inspiration,Tue Jun 16 11:27:16 PDT 2009,PelpMorrie,0,NO_QUERY,0,0,0.53717023,1,negative,negative
yea i kno,Tue Jun 16 02:03:32 PDT 2009,iadoreisha,0,NO_QUERY,0,0,0.66892284,1,negative,negative
wow crawling under my bed to get my phone charger was the most painful thing ever i nearly fainted and died cant wait to be home,Tue Jun 02 01:33:32 PDT 2009,celesssste,0,NO_QUERY,0,0,0.85876554,1,negative,negative
im sure it will,Sat May 02 10:13:17 PDT 2009,jacoblovie,2,NO_QUERY,2,2,0.89923036,1,positive,positive
ya it is watched more quotinsiderquot commentary yesterday radio transcripts and makes zero sense i dunno raining,Sat Apr 18 23:30:53 PDT 2009,F_1Chat_com,0,NO_QUERY,0,0,0.7910966,1,negative,negative
why,Sun May 31 03:28:59 PDT 2009,Jcay,0,NO_QUERY,0,0,0.89206624,1,negative,negative
lets pretend its gonna be sunny lol is there an antirain dance im back,Mon Jun 15 20:30:58 PDT 2009,JenLovesJoey,2,NO_QUERY,2,2,0.8057883,1,positive,positive
i love your music you really need to come to buffalo ny soon or this fall,Mon Jun 15 17:23:27 PDT 2009,WeTheKIERSTEN,2,NO_QUERY,2,2,0.87999547,1,positive,positive
i get offended wen ppl call me a pig lol,Fri Jun 05 09:05:23 PDT 2009,Lzsantana,0,NO_QUERY,0,0,0.64852697,1,negative,negative
i know its annoying,Sat Jun 20 13:39:42 PDT 2009,amieecollier,0,NO_QUERY,0,0,0.8608877,1,negative,negative
when you meet tonight please tell him my story how laker fans made me miss his show,Sun Jun 14 23:07:34 PDT 2009,stevegchavez,0,NO_QUERY,0,0,0.8306461,1,negative,negative
had a fun day at the beach now gotta study tomorrow,Sat May 02 23:04:41 PDT 2009,snowboarder13,0,NO_QUERY,0,0,0.58267444,1,negative,negative
time for work,Wed Jun 17 11:27:49 PDT 2009,amandavanvels,0,NO_QUERY,0,0,0.8519102,1,negative,negative
waiting for work meeting to start i am so bored i should find something to do during these meetings other than update my calendar xd,Thu May 14 07:58:33 PDT 2009,_AIS,0,NO_QUERY,0,0,0.84127647,1,negative,negative
why im i on the internet when i should be studying good to see i have my priorities in order lol,Sat May 30 07:45:22 PDT 2009,kittie_noir,2,NO_QUERY,2,2,0.7005677,1,positive,positive
yumjust ate a big salad and am working on dannys birthday gift i rele hope he likes it ill tell you what it is tomorrow nite,Mon Jun 01 16:19:36 PDT 2009,annamariebowers,2,NO_QUERY,2,2,0.8764848,1,positive,positive
lol noim so exited to c my friends after a long long time,Fri Jun 05 22:10:52 PDT 2009,IdolFanatic,2,NO_QUERY,2,2,0.5223603,1,positive,positive
i just waved in your direction you didnt see me,Tue Jun 23 13:38:58 PDT 2009,kevincleary,0,NO_QUERY,0,0,0.89540344,1,negative,negative
yeah thats what made him and no offense i just have an thing about making sure people understand how badass the band is,Thu May 28 22:00:30 PDT 2009,justonejess,2,NO_QUERY,2,2,0.8044798,1,positive,positive
lol yep currently imagining my toast to be a full english,Sat Jun 06 04:18:37 PDT 2009,pastamaster39,2,NO_QUERY,2,2,0.88454705,1,positive,positive
not enjoying beowulf now will be quotteh sadquot nah im sure he appreciates and respects your honesty,Thu May 28 21:56:33 PDT 2009,brianjshoopman,0,NO_QUERY,0,0,0.5158565,1,negative,negative
a sobering thoughtlets turn the trend around,Sun Apr 19 10:05:24 PDT 2009,jamesjdd,2,NO_QUERY,2,2,0.89384764,1,positive,positive
if thats true im super sane im a fangirl or so many many many many things,Wed Jun 03 06:12:48 PDT 2009,Annie1978,2,NO_QUERY,2,2,0.7352225,1,positive,positive
traffic ew in the car way to new york,Sat Jun 20 09:05:08 PDT 2009,mereexhenne,0,NO_QUERY,0,0,0.816003,1,negative,negative
huh ill have to try that for no other reason then just to try it,Sat May 09 21:31:27 PDT 2009,mobilemike,2,NO_QUERY,2,2,0.7716798,1,positive,positive
hahaha made a dork out of myself with but its just all in a nights work sweet dreams to my fav boys from hawaii,Sat May 02 00:35:57 PDT 2009,courtSchenkl,2,NO_QUERY,2,2,0.75595486,1,positive,positive
need earplugs,Sat Jun 06 04:21:58 PDT 2009,vavavoomhoe,0,NO_QUERY,0,0,0.8745882,1,negative,negative
so i didnt get a call from and thats pretty sad but i still love you gabe youll know me when im famous wait amp see,Fri Jun 19 20:02:50 PDT 2009,cpikeville,0,NO_QUERY,0,0,0.8213977,1,negative,negative
finals week not going out this weekend to study,Fri Jun 19 19:34:32 PDT 2009,manniefresh408,0,NO_QUERY,0,0,0.87084574,1,negative,negative
sadly was last one on planenofree ticket sitting next to hipster who has apparently never flown before and finds faa bag rules confusing,Mon May 18 03:56:02 PDT 2009,jephilip,0,NO_QUERY,0,0,0.8620559,1,negative,negative
manchester the city of dreams,Wed Jun 03 07:15:27 PDT 2009,towen5,2,NO_QUERY,2,2,0.8694755,1,positive,positive
why have people stopped following me is it something i said,Fri May 29 01:18:47 PDT 2009,LydiaLovesU,0,NO_QUERY,0,0,0.854775,1,negative,negative
when theee clouds of joy meet the satsumathey colour in the sky with colours that have no intent to end,Mon Jun 15 13:50:18 PDT 2009,juliosmerano,2,NO_QUERY,2,2,0.70326567,1,positive,positive
miss pixel amp i are headed to the office for our last day,Wed Jun 17 09:18:05 PDT 2009,katetheshark,0,NO_QUERY,0,0,0.7656529,1,negative,negative
i thought you would its bones though,Mon Jun 15 14:24:57 PDT 2009,orenmazor,0,NO_QUERY,0,0,0.6834917,1,negative,negative
a have no idea what to do i see youve put water therei guess maybe i would call the vet im not really sure,Fri Jun 05 14:13:07 PDT 2009,Whimsy__Girl,0,NO_QUERY,0,0,0.67581064,1,negative,negative
from a distance,Thu May 28 23:55:09 PDT 2009,carlacharisse,2,NO_QUERY,2,2,0.844484,1,positive,positive
yeah i know and emma its so quiet without themxx,Sun Jun 07 13:04:33 PDT 2009,DubarryMcfly,0,NO_QUERY,0,0,0.875875,1,negative,negative
nooooothere is a th episode for season theyre putting it straight on dvd not released,Wed Jun 17 00:34:25 PDT 2009,AngieTTT,0,NO_QUERY,0,0,0.89596474,1,negative,negative
workk soon,Sun Jun 07 03:20:41 PDT 2009,aassshhhh,0,NO_QUERY,0,0,0.86591226,1,negative,negative
ashlee simpsons old cd on repeat forgottttt how much i love her,Fri May 29 12:31:32 PDT 2009,dancinntherain,2,NO_QUERY,2,2,0.5088496,1,positive,positive
packing up my room at uni moving out soon end of an era,Thu Jun 25 02:06:06 PDT 2009,stephanypollard,0,NO_QUERY,0,0,0.60919666,1,negative,negative
aww heath ledger,Sun Apr 19 11:40:01 PDT 2009,lilygoatgruff,0,NO_QUERY,0,0,0.8601201,1,negative,negative
vacuuming time yes i love vacuuming more than laundry,Sat Jun 06 12:15:56 PDT 2009,peqs,2,NO_QUERY,2,2,0.80040866,1,positive,positive
hot off the preive got nothing,Sat May 16 20:13:47 PDT 2009,HMXAlakaiser,0,NO_QUERY,0,0,0.7231107,1,negative,negative
working at its gunna be wet,Sun Jun 21 05:00:00 PDT 2009,hendo13,0,NO_QUERY,0,0,0.88358223,1,negative,negative
