text,date,user,sentiment,query,uncertainty_baseline,uncertainty_sngp
wheres the sunshine gone,Sun May 17 00:45:18 PDT 2009,vathenaEU,0,NO_QUERY,0.03693089,0.10151282
yay thanks for sharing are you feeling better than last night,Sun May 31 01:02:14 PDT 2009,subslavesteve,2,NO_QUERY,0.05608549,0.11200613
mmmm not looking forward to tomorrow and not enjoying everything being brought back this sucks,Sun Jun 07 12:58:26 PDT 2009,lizclark88,0,NO_QUERY,0.09124741,0.13734153
like your blog post on amsterdam too my place of birth,Sun May 17 10:14:51 PDT 2009,tuminds,2,NO_QUERY,0.07916331,0.32054958
well today was amazing i adore you babe lt,Sat May 30 21:09:21 PDT 2009,RancesorusRex,2,NO_QUERY,0.087176844,0.205993
howz things girlsglad to see ur getting on with things ur gunna be amaze woteva u do xx,Tue Jun 02 03:27:23 PDT 2009,jennyfizz,2,NO_QUERY,0.07792335,0.34018788
pretty cool huh the beginnings of quottweetcastingquot,Sun May 31 07:51:05 PDT 2009,DarkPiano,2,NO_QUERY,0.05343798,0.17919984
just finished my pancake of burger king the syrup is superb,Sun May 31 00:37:39 PDT 2009,jamestyler01,2,NO_QUERY,0.026795844,0.102628686
whoops that last tweet was meant for thank you,Sat May 02 03:16:02 PDT 2009,fddlgrl,2,NO_QUERY,0.028948905,0.10715594
setting up accountsits official noble ones bully breed rescue is now on tweeter now other things will start falling into place,Sun May 17 11:34:58 PDT 2009,nobleonesbbr,2,NO_QUERY,0.09728874,0.42210537
hey a loja agora tem twitter,Tue Jun 16 06:46:51 PDT 2009,mns_store,2,NO_QUERY,0.05463908,0.12292485
finally home playing with the little brothers,Sat May 30 19:30:54 PDT 2009,duhleesha,2,NO_QUERY,0.032314308,0.14228195
so i heard the fcjc national gathering is coming up oooh fun,Tue Jun 16 01:14:26 PDT 2009,KristineOisKOed,2,NO_QUERY,0.099064186,0.39836043
omg just found out i gotta walk miles for hours threw woods with suitcases gutted x,Sat Jun 06 15:48:25 PDT 2009,Aisha25,0,NO_QUERY,0.09375715,0.2380985
i can see my desk again yay tania will be happy,Sun May 31 00:11:48 PDT 2009,Sailfish1976,2,NO_QUERY,0.09208656,0.19394758
excited for chassitys graduation,Wed Jun 03 04:15:41 PDT 2009,sarabrem321,2,NO_QUERY,0.026564106,0.103022724
single again i miss him areseros,Sun May 31 12:09:25 PDT 2009,Aries_J,0,NO_QUERY,0.09553616,0.17201656
so glad twilight won the mtv movie awards,Mon Jun 01 01:31:59 PDT 2009,xGLR,2,NO_QUERY,0.030476302,0.10764167
finally en twitter man crazy night last nightafter the minor accident my neck hurts so bad,Mon Jun 01 06:17:22 PDT 2009,teamoferforever,0,NO_QUERY,0.078248665,0.1828262
livechat with the jonas boys,Sat May 30 18:22:47 PDT 2009,almmma,2,NO_QUERY,0.050341006,0.11324907
naa thanks so much,Mon Jun 15 07:01:34 PDT 2009,yolie81,2,NO_QUERY,0.09352799,0.21174827
trying to get used to twitter i have a cold,Fri May 29 01:25:50 PDT 2009,Luke_Simpson666,0,NO_QUERY,0.05990088,0.14670342
the video is streaming again now there is no audio,Fri Jun 19 18:35:27 PDT 2009,ElementsOfJazz,0,NO_QUERY,0.07066616,0.12506972
cant believe im up amp awake at am not even working today,Wed Jun 24 22:30:10 PDT 2009,ssteph24,0,NO_QUERY,0.06803115,0.18451393
lollipops and rainbows whoo hoo,Sat May 02 13:18:10 PDT 2009,katherinehass13,2,NO_QUERY,0.056875177,0.17480463
lalalala ahlalala hv u evr heard this song itz so cool song i like it i feel so untouched,Sat May 30 18:26:09 PDT 2009,FallaRohmah,2,NO_QUERY,0.06353341,0.3429258
i still havent found the coffee machine,Sat Apr 18 14:14:07 PDT 2009,iGustavo,0,NO_QUERY,0.041641258,0.14126413
haha tan bella y a that sounds cute,Sun May 17 18:44:46 PDT 2009,xelac00kie,2,NO_QUERY,0.06637972,0.17592074
have to get an ultrasound tomorrow very nervous,Wed Jun 24 22:14:03 PDT 2009,roguesnoopy,0,NO_QUERY,0.0878791,0.15328808
i wanna go on packing but i dont want to ugh im so complicated,Sat Jun 20 21:41:38 PDT 2009,beehannah,0,NO_QUERY,0.07960702,0.11232637
lt thts me cryin lol,Fri May 29 18:33:40 PDT 2009,MrzSp0ng3b0b,0,NO_QUERY,0.09985838,0.25728887
the weather changed headache,Thu Jun 25 08:20:18 PDT 2009,Tallis33,0,NO_QUERY,0.09953469,0.10578682
is coming up with new ways to make the moolah,Tue Jun 02 21:26:21 PDT 2009,BarkBoutique,2,NO_QUERY,0.058419544,0.16047198
amp dont take too much of what im saying very seriously right now i lost our team the lacrosse game and im very tired,Fri Jun 19 21:27:07 PDT 2009,mydilemma27,0,NO_QUERY,0.07927838,0.22714114
oh haha thanks how sweet of you,Sat Jun 06 17:21:33 PDT 2009,ERINisBEASTLY,2,NO_QUERY,0.07185445,0.1388874
after you buy me a new foot pedal mine broke,Thu Jun 18 11:06:27 PDT 2009,sajeh,0,NO_QUERY,0.07141775,0.32842112
get followers a day using once you add everyone you are on the train or pay vip,Sun Jun 07 01:08:09 PDT 2009,tweeteradder13,2,NO_QUERY,0.043460153,0.10570659
i just love this picture,Mon Jun 01 13:09:46 PDT 2009,roleeta,2,NO_QUERY,0.07719525,0.18631323
daydreaming about our house so excited to have moved in this weekend,Mon Jun 01 08:35:03 PDT 2009,jaclynyoung5,2,NO_QUERY,0.083495,0.19319037
diversity won yayyyyyyy,Sun May 31 03:00:24 PDT 2009,Sammyjo27,2,NO_QUERY,0.06813279,0.2420049
yay more friends on twitter,Mon Jun 01 22:39:44 PDT 2009,tuan3789,2,NO_QUERY,0.05230464,0.12161246
im the hungry one and she doesnt share very well,Mon Jun 15 15:36:25 PDT 2009,flirtygreekgirl,0,NO_QUERY,0.075754315,0.21958196
getting ready to go to the bowling alley with my besties,Fri Jun 05 16:30:49 PDT 2009,sarahhcyanide,2,NO_QUERY,0.042499673,0.11745237
new member hehe,Sun Jun 07 01:16:13 PDT 2009,xartreuse,2,NO_QUERY,0.02787126,0.15304811
hello to all the apfellows vancouver is soooo nice,Sun Jun 07 20:37:37 PDT 2009,Farzmeister,2,NO_QUERY,0.02785612,0.11758998
heard tees interview on radio nz time flew,Sat Jun 06 15:05:50 PDT 2009,jeanettemarsh,2,NO_QUERY,0.07780646,0.33799475
good luck friend if i found something so will u too,Sun Jun 14 22:59:51 PDT 2009,Madgelova,2,NO_QUERY,0.08269495,0.22939998
hahaha thats one of my favorite quotes,Mon Jun 15 18:34:06 PDT 2009,laurenbrynn,2,NO_QUERY,0.07213448,0.14447525
thanks to for the props and reblip,Wed Jun 03 10:21:13 PDT 2009,SongoftheOss,2,NO_QUERY,0.053390615,0.11706163
tapping my foot to the beat of some funky tunes while out at de young the alcohol is flowing the music is jumping and im smiling,Fri Apr 17 21:16:56 PDT 2009,cristinalynn,2,NO_QUERY,0.057777178,0.14138725
so tired dreading waking up at am,Sun May 17 23:39:18 PDT 2009,kelsy77,0,NO_QUERY,0.069458224,0.13943923
keep an eye out for their new bengal ipa as well as the golden dragon strong celtic ale,Tue Jun 16 04:36:04 PDT 2009,Slowbeer,2,NO_QUERY,0.043342277,0.11544138
very excited about the volunteer work im getting myself into i can say i have big dreams and im very excited for my future finally,Sun Jun 07 13:31:24 PDT 2009,cestlavie1234,2,NO_QUERY,0.053151235,0.19263712
that link wasnt working for me,Sun May 31 03:50:50 PDT 2009,Ingenue_Em,0,NO_QUERY,0.07113929,0.28355873
oooh what a purty day,Sat May 02 06:42:55 PDT 2009,toniriales,2,NO_QUERY,0.08098705,0.46611795
at chilis nom nom nom,Sun Jun 07 14:50:56 PDT 2009,CourtneyAnnCoCo,2,NO_QUERY,0.06352634,0.25204659
waiting for my beautiful appointment,Fri May 22 04:36:35 PDT 2009,julienhenzelin,2,NO_QUERY,0.039480545,0.12750986
medication for your eye i sorry,Mon May 18 06:31:43 PDT 2009,vieshnavi,0,NO_QUERY,0.08897731,0.11529198
thanks ive made the person looking aware that they need to get in touch with those who are using the iphonefreelance hashtag,Wed Jun 03 04:11:47 PDT 2009,girlygeekdom,2,NO_QUERY,0.09243371,0.18817237
tweets about davids concert promo makes me sad too argh fearless more promos please they should hire us,Sun May 03 06:59:05 PDT 2009,feeshda,0,NO_QUERY,0.08873237,0.18544684
am leaving today,Fri Jun 05 16:42:52 PDT 2009,ge21,0,NO_QUERY,0.08724216,0.21418479
happy polish childs day everyobody,Mon Jun 01 07:56:45 PDT 2009,pokkuru,2,NO_QUERY,0.06207036,0.16105041
el enlace a cnn me dio page not found,Tue Jun 02 09:12:20 PDT 2009,boxsociety,0,NO_QUERY,0.09736374,0.19730875
finally home and with my friends and especially steph p,Sat May 30 16:54:02 PDT 2009,Jessm531,2,NO_QUERY,0.043302216,0.1438987
haha be careful what you tweet as somebody with follow you for the oddest things you say,Sun May 31 05:53:19 PDT 2009,piginthepoke,2,NO_QUERY,0.047282085,0.18525676
its true if u watch if u can plz commentrate it tell me what u think of it its appreciated,Sat Jun 06 17:01:08 PDT 2009,LiveLaughDream8,2,NO_QUERY,0.06367329,0.16510238
thailand jykthemuse has added a photo to the pool mmm me love currrrrrry nikon fe nikkor,Mon Jun 01 05:23:43 PDT 2009,vladowskyrecipe,2,NO_QUERY,0.083179794,0.22680289
mouth full of mini mint ice cream mouthfuls hope you are enjoying your friday night,Fri May 29 21:21:37 PDT 2009,LetMeEatCake,2,NO_QUERY,0.06932719,0.1459831
why thank u very kind of you to suggest me am just having a break but will do mine soon followfriday,Fri May 22 02:51:37 PDT 2009,felicityfuller,2,NO_QUERY,0.07770261,0.21826878
so what are you up to,Sun May 17 10:32:25 PDT 2009,themandycat,2,NO_QUERY,0.08698487,0.26059544
i wanna sleep some more i dont want to go to work today,Thu Jun 18 05:44:34 PDT 2009,hotzb22,0,NO_QUERY,0.06722421,0.10222809
dont challenge me after coronas amp shots of grey goose im confident as ever sir,Mon Jun 01 18:00:23 PDT 2009,S_Wash,2,NO_QUERY,0.050229434,0.23384973
watching tv with the best people in the whole world my mum and my sis agus love you all twitter you later ha,Sat May 09 20:31:04 PDT 2009,MelinaPlaza,2,NO_QUERY,0.050319478,0.12059229
is this really the best use of my time must make the action list for monday bye tweeps have fun,Sun May 31 18:06:23 PDT 2009,sueyoungmedia,2,NO_QUERY,0.040093247,0.13115951
xbox live is now down for maintenance also ghostbusters is apparently out tonight i wont be getting it for a while unfortunately,Tue Jun 16 00:15:07 PDT 2009,Superman64,0,NO_QUERY,0.09961019,0.222889
happy birthday i hope youre doing something special,Mon Jun 15 10:59:30 PDT 2009,llamadrama,2,NO_QUERY,0.05586219,0.11112588
is twitteringloves my twitter world,Fri Jun 05 22:56:40 PDT 2009,Wulandariw,2,NO_QUERY,0.09511872,0.29810083
hahaha its stones like turquoise amp onyx ive had this bracelet for forever im sad its looking toothless right now,Fri Jun 19 08:30:00 PDT 2009,theaofa,0,NO_QUERY,0.04853739,0.12997732
hi guys is now at has been posting there since having probs with his account peace,Mon Jun 01 16:09:26 PDT 2009,dogzero,2,NO_QUERY,0.071431115,0.23320246
dancing taking pics etc all sorts of fun,Sat Jun 06 23:45:24 PDT 2009,Az1568,2,NO_QUERY,0.028794229,0.15615344
am i the only persons in the uk that upgraded to os and didnt get some of the features no mms etc,Thu Jun 18 05:12:10 PDT 2009,DanRogueMumford,0,NO_QUERY,0.09889163,0.1754525
watching zoey is so cool,Sun May 17 01:45:49 PDT 2009,carmensmiles,2,NO_QUERY,0.029834867,0.10576664
everyone follow gt hes a nice chocolate brotha,Fri May 29 10:00:46 PDT 2009,DNiCESEOUL,2,NO_QUERY,0.046340615,0.14399387
i just saw the trailer for new mooni am counting down the dayyyyyyys i love it when jacob phases into the wolf,Mon Jun 01 16:33:28 PDT 2009,BritPen10,2,NO_QUERY,0.050566267,0.22572678
scared for cammi because she will be lonely without another dog and that wont be good for her health,Tue Jun 02 05:59:38 PDT 2009,slurringrhythms,0,NO_QUERY,0.09770552,0.12090746
infographics can be cool ad this one is one of my favs if you need more,Sat Jun 06 19:06:30 PDT 2009,moses,2,NO_QUERY,0.04054374,0.13263716
swimming was fun today i love my new suit,Mon Jun 15 14:29:39 PDT 2009,secretagentmama,2,NO_QUERY,0.04163085,0.13375655
get followers a day using once you add everyone you are on the train or pay vip,Mon Jun 15 14:04:42 PDT 2009,tweeteradder15,2,NO_QUERY,0.043460153,0.10570659
my hair is so big n sexy today love it lunch time,Tue Jun 02 13:35:15 PDT 2009,theeeHBIC,2,NO_QUERY,0.06876087,0.23442808
have a great nite,Mon Apr 20 00:13:08 PDT 2009,sosweetambie,2,NO_QUERY,0.045169536,0.12920167
ok thanks,Fri May 29 21:25:27 PDT 2009,xjkradicoolx,2,NO_QUERY,0.054500706,0.11428931
happy moms day my mommy friends im spending the day w my mom shoppingeating amp just being girls,Sun May 10 10:04:30 PDT 2009,ghostlover26,2,NO_QUERY,0.031341564,0.16795543
i dont want to go to camp this year,Sun Jun 07 05:48:29 PDT 2009,digophelia817,0,NO_QUERY,0.057274286,0.13804816
had a damn fine weekend working at wychwood and made some lovely new friends and had a nice long leer at gruff rhys,Tue Jun 02 04:41:42 PDT 2009,OhOkapia,2,NO_QUERY,0.0841512,0.37898666
perfecto thanks so much,Fri May 29 01:17:45 PDT 2009,limeice,2,NO_QUERY,0.064774185,0.14482678
sorry to hear that toots my bf has been fired for awhile always sucks,Mon Jun 15 16:01:49 PDT 2009,alice_malice,0,NO_QUERY,0.078031346,0.122174114
redev of euston sq outside station looks good lots nice eateries but seems starbucks is gone,Tue Jun 02 01:32:34 PDT 2009,EGNadiaElghamry,0,NO_QUERY,0.08348275,0.3205338
not super important but still wahinducing where are my akira and my neighbor totoro dvds i cant find them anywhere upstairs,Sun May 10 18:55:16 PDT 2009,MercuryZelda,0,NO_QUERY,0.08360076,0.1500252
new phone so happy on my way to my bros house to eat dindin and watch the laker game,Fri May 29 19:02:16 PDT 2009,lalissielove,2,NO_QUERY,0.03173166,0.10023009
thank you so much yes you can tweet or they usually check twitter more often,Tue Jun 02 20:53:54 PDT 2009,forensicmama,2,NO_QUERY,0.08343031,0.1102129
omgosh davids in the trending topics now,Wed May 13 23:21:23 PDT 2009,CandiceKei,2,NO_QUERY,0.085642494,0.42132378
is off to play wow,Wed Jun 03 09:02:02 PDT 2009,DinaAIE,2,NO_QUERY,0.046563175,0.14095354
lots of huge server cabinets full of hotswappable drives have arrived in the warehouse this week all very modern thanks mr c,Fri May 22 02:20:50 PDT 2009,JamiesComputers,2,NO_QUERY,0.094215244,0.29019833
gossip girl tonight,Mon Jun 01 23:38:34 PDT 2009,Staceeeeey,2,NO_QUERY,0.0879299,0.36579937
morrow is my big daymy birthday,Fri May 01 22:51:12 PDT 2009,Fashion_Ruhae,2,NO_QUERY,0.067455314,0.21753812
well im off to cleanyep it never ends tweet soon,Sun May 31 17:44:22 PDT 2009,Gemleo25,2,NO_QUERY,0.09559069,0.51534927
so bummed i am actually in chicago this weekend but cant go to your show tonight sorry,Fri Jun 19 13:48:22 PDT 2009,scottheisel,0,NO_QUERY,0.07446108,0.14090939
eating chefboyardeethis reminds me of,Sun May 31 15:59:56 PDT 2009,JoJo_sheGOTit,2,NO_QUERY,0.06662582,0.2510924
dang rocks i had one chance to see him with my wife years ago and the show was cancelled cuz he was sickhad nd row,Thu Jun 18 16:55:47 PDT 2009,billpetrin,0,NO_QUERY,0.06849729,0.15311833
great idea i have just bought some credits,Mon Jun 15 08:29:02 PDT 2009,icklemedia,2,NO_QUERY,0.029718706,0.11275246
hanging out listening to s cd kidding me this kid is amazing you impress me more and more each day,Sat Jun 06 15:40:22 PDT 2009,AlBCraze,2,NO_QUERY,0.037477203,0.13288382
i am dancing to music and relaxing after a great party last night looking forward to goin watch stoke today come on you mighty potters,Sat May 02 04:47:16 PDT 2009,Djdayo44,2,NO_QUERY,0.034634646,0.10194512
hey thank you so much not many kids like me so that means a lot,Fri May 29 23:16:20 PDT 2009,RadioStarGirl,2,NO_QUERY,0.08307614,0.29643768
i love st ives the barbara hepworth sculpture garden is one of my fave places in the world,Mon Jun 01 05:25:44 PDT 2009,FoodStories,2,NO_QUERY,0.058028188,0.20448521
does anyone know where i can watch the prison break tv movie its not on itunes,Fri May 29 11:42:45 PDT 2009,Lottylou,0,NO_QUERY,0.07372622,0.19718148
four words ive been dreading quotbreaking badquot season finale its a sad night for all of us who love this amc show,Sun May 31 19:02:05 PDT 2009,bonbar,0,NO_QUERY,0.06777687,0.20360567
haha thank you kina lt made my day,Sat Jun 06 05:39:08 PDT 2009,sarahlouisemcm,2,NO_QUERY,0.04943211,0.120846525
at the post office still no g on my lx,Sat Jun 06 07:17:15 PDT 2009,pkid777,0,NO_QUERY,0.056904938,0.19823395
now im looking at various options for new mailboxes,Tue Jun 02 07:04:30 PDT 2009,dragonjaze,2,NO_QUERY,0.093298346,0.18690193
the pleasure is all mine hope you did get some traffic from my pointers ill be translating it for in june,Mon May 18 04:59:19 PDT 2009,dingstweets,2,NO_QUERY,0.057087615,0.24554765
there is something quite zen about lacing up box fresh sneakers,Tue Jun 16 04:03:46 PDT 2009,geetz26,2,NO_QUERY,0.07361808,0.30045757
welcome anyway,Fri May 22 05:18:38 PDT 2009,Eruyome,2,NO_QUERY,0.03924825,0.10446561
the people invited amp will be there is just these amp im happy,Tue Jun 16 02:44:35 PDT 2009,SoAkemi,2,NO_QUERY,0.036365047,0.109033614
dance was good but i feel broken,Fri May 29 18:46:35 PDT 2009,dancerbabe133,0,NO_QUERY,0.042318076,0.115966685
playing xbox demos w bobby i dont want to study lr,Mon Jun 22 11:14:05 PDT 2009,NFkids,0,NO_QUERY,0.07454549,0.29517606
out for a run then more fun by the lake,Mon Jun 01 06:24:16 PDT 2009,kutlessgirl,2,NO_QUERY,0.048755668,0.20216027
listening to the spice girls greatest hits ontd ontd,Sat May 30 23:13:45 PDT 2009,jameswhitaker,2,NO_QUERY,0.058006525,0.1001755
see it wayyyy worth the money,Sun Jun 07 15:44:09 PDT 2009,CSSVT,2,NO_QUERY,0.05963358,0.18184206
rain all week,Mon Jun 15 05:56:18 PDT 2009,syncing_gfx,0,NO_QUERY,0.09861996,0.13429755
hehe give me a hintwho are you,Tue Jun 02 23:03:26 PDT 2009,BritanyMay,2,NO_QUERY,0.049406357,0.19231367
i miss holidays tests this week,Tue Jun 16 05:21:52 PDT 2009,lovelynicola,0,NO_QUERY,0.06956151,0.1059808
the air france thing is freaky did it fly over the bermuda triangle big plane just gone sad,Mon Jun 01 09:59:47 PDT 2009,jessicasharrah,0,NO_QUERY,0.04608796,0.12269775
damn im watchin man vs food and theyre in my hometown chicago showin an italian beef sandwich damn i miss home dallas food sucks,Wed Jun 17 18:35:21 PDT 2009,evelinamonroe,0,NO_QUERY,0.057221353,0.15938605
hello monday amp the start to another busy beaut of a week im ready to take you on here we gooooo,Mon May 18 05:13:14 PDT 2009,ksenija,2,NO_QUERY,0.033235338,0.14777535
im at rangi yup im good weekend time yeah,Fri May 22 03:55:58 PDT 2009,tessa_f,2,NO_QUERY,0.083544895,0.27333587
her tweets are just tweetness followfriday please follow she has a twitter cruise coming up too,Fri May 29 09:14:26 PDT 2009,Lenaistewart,2,NO_QUERY,0.040910736,0.22844715
has to work on mothers day,Sun May 10 06:48:01 PDT 2009,leeleebangs,0,NO_QUERY,0.071455814,0.16747534
is watching the game on bet still pissed it was cancelled,Sat May 30 12:59:56 PDT 2009,simplebutterfly,0,NO_QUERY,0.09773411,0.21774955
thank you my soul is smiling,Sun Jun 07 01:49:44 PDT 2009,belikemikee,2,NO_QUERY,0.049575042,0.10102014
europe according to estonians well hehe,Tue Jun 02 04:31:41 PDT 2009,tajur,2,NO_QUERY,0.06681085,0.30821082
looks like i dont qualify for iphone gs upgrade pricing until,Wed Jun 17 12:53:05 PDT 2009,neonzebra,0,NO_QUERY,0.06625842,0.19949521
when i say im really sad about the puppet commercialsi really amthose commercials are gonna leave a void in me like lil penny,Sat May 30 20:04:01 PDT 2009,eleven8,0,NO_QUERY,0.097962014,0.15372717
im sorry they did not show the pack in the nm trailer i was looking ward to seeing all of u nov is so far away,Sat Jun 20 13:22:53 PDT 2009,avanzyl29,0,NO_QUERY,0.05266236,0.15269288
ben amp jerrys americone dream ftw lt eat it and allow it to rock your world,Fri May 29 20:03:20 PDT 2009,HollandKitty,2,NO_QUERY,0.053894855,0.15344411
excellent and i shall haul out the coffee machine,Mon Jun 15 03:28:01 PDT 2009,cow_grrrl,2,NO_QUERY,0.0932418,0.20974937
am hot kitchen all day until pm i miss freckles argh day,Mon Jun 15 03:48:22 PDT 2009,thrashinstein,0,NO_QUERY,0.052690458,0.14403999
atta boy stick it to em install itunes and quicktime while your at it nice slooow take over,Wed Jun 03 04:54:02 PDT 2009,JCTurner,2,NO_QUERY,0.09474913,0.1914647
i went to your house yesterday before my flute lesson but no one answered the door then i couldnt get the letter box open,Thu Jun 25 03:35:58 PDT 2009,Nainx,0,NO_QUERY,0.052450724,0.11807696
nothing to do with the night out unfortunately had a headache for days now,Sun May 31 02:01:16 PDT 2009,hannahpoulton,0,NO_QUERY,0.067582294,0.18475273
running a gcd of a sample and twittering,Tue Jun 16 08:14:33 PDT 2009,viktoriameadowz,2,NO_QUERY,0.03604542,0.12708706
getting a lot of rest bc i dont want to get sick,Sun May 03 20:25:51 PDT 2009,mich28,0,NO_QUERY,0.09453748,0.1777688
mmm going to a meeting at a wine farm tomorrow in stellenbosch yum,Tue Apr 07 02:33:48 PDT 2009,swingtag,2,NO_QUERY,0.08330759,0.247406
thanks shes super awesome,Sun May 31 18:30:43 PDT 2009,VNessa22,2,NO_QUERY,0.031846616,0.100229084
mmmmmm youre speaking my language,Sat May 30 10:29:57 PDT 2009,publius772000,2,NO_QUERY,0.08190607,0.2695076
robotpickuplines is that a trojan in your pc or are you just happy to see me,Fri Jun 05 17:33:20 PDT 2009,arlyn613,2,NO_QUERY,0.04177692,0.1482541
yes charismatic indeed he puts on quite a show,Sat May 16 21:40:09 PDT 2009,anomalist,2,NO_QUERY,0.057265416,0.20509878
congratulations on passing your test we should go out and celebrate,Tue Apr 21 03:41:33 PDT 2009,4SeasonsCreate,2,NO_QUERY,0.07248879,0.10109155
just bought michael caine narrating quotifquot by kipling on itunes,Mon Jun 15 20:53:22 PDT 2009,j_wolf,2,NO_QUERY,0.03046757,0.13405968
stayin over at dustins tonight my car hates me,Fri May 29 01:05:52 PDT 2009,mieeeek,0,NO_QUERY,0.06804117,0.13178252
presentation finally done yay now hitting the showers and off to find a bday cake,Sun Jun 07 00:58:03 PDT 2009,snookie,2,NO_QUERY,0.05635795,0.19657233
yes will see you there,Sat May 30 13:35:24 PDT 2009,BengoliBeauty,2,NO_QUERY,0.059980802,0.13529411
a i miss saturday morning kids tv xx,Fri May 22 04:27:22 PDT 2009,lovelylaura1982,0,NO_QUERY,0.05531388,0.15509626
hugs whats wrong hun,Mon Jun 15 19:01:32 PDT 2009,oinkd,0,NO_QUERY,0.07241357,0.20760712
quotthe new german single from the jonas brthers lavattquot jb live chat,Sat May 30 11:54:35 PDT 2009,woahhpheobee,2,NO_QUERY,0.052805014,0.14087033
lol a bit of a dark humor heh,Fri May 29 20:29:38 PDT 2009,selvinortiz,2,NO_QUERY,0.07438605,0.39838666
eww i really dont like driving in the rain,Wed Jun 17 07:36:09 PDT 2009,kenyalove17,0,NO_QUERY,0.054880075,0.14572304
happy birthday nong pear love u hope ur having a beautiful day lt,Mon Jun 15 10:08:53 PDT 2009,grumali,2,NO_QUERY,0.08049504,0.1645127
happy mothers day i love you,Sun May 10 05:53:18 PDT 2009,jimkirk,2,NO_QUERY,0.09547372,0.183435
the silva fight was not what i expected over all ufc a let down,Sat Apr 18 21:52:32 PDT 2009,cndycream,0,NO_QUERY,0.04254078,0.18947887
had a good workout now chillin,Tue Apr 21 02:21:46 PDT 2009,Prettynpink314,2,NO_QUERY,0.0458246,0.16236605
dad has been gone about years and i still miss him,Sat Jun 20 21:50:05 PDT 2009,Ms_DH,0,NO_QUERY,0.053651832,0.10550842
hearing about an open source project where i could be cool and finally use libevent,Thu Jun 04 10:53:59 PDT 2009,cowsandmilk,2,NO_QUERY,0.04597071,0.15755895
honestly i really love it ive always been a fl girlbut i am loving the nature the people and the good food,Mon Jun 15 08:48:29 PDT 2009,Cacity87,2,NO_QUERY,0.05959886,0.21905872
aww thats awesome are the boys nice,Sat May 30 02:21:06 PDT 2009,pressrecordmag,2,NO_QUERY,0.04422576,0.16167547
watching obsessed with my girlfriends haha,Fri May 01 22:20:55 PDT 2009,le0nard,2,NO_QUERY,0.07391422,0.13610162
setting up for kick a cure,Sat May 02 07:53:08 PDT 2009,BClaflin,2,NO_QUERY,0.08066591,0.2622623
cat lounge is on voltaire and catalina great dive i miss obpl,Sun Jun 14 22:53:45 PDT 2009,smfisher,0,NO_QUERY,0.09298791,0.34095293
is happy chuck got renewed whohoooo gooooood morning campers btw p,Mon May 18 02:17:18 PDT 2009,Dine7184,2,NO_QUERY,0.04421728,0.14185089
i wish i didnt eat my icccecream soo fast,Sat May 30 19:46:16 PDT 2009,RayleneRobinson,0,NO_QUERY,0.07001387,0.119213186
ah that toasted cheese sandwich really hit the spot,Sun Jun 07 05:20:46 PDT 2009,Heyitsmeh,2,NO_QUERY,0.08080366,0.24716848
get followers a day using once you add everyone you are on the train or pay vip,Fri Jun 05 22:54:59 PDT 2009,tweeteradder6,2,NO_QUERY,0.043460153,0.10570659
the crowd was very energetic n friendly i was runnin all over the stage it was fun wud luv to have concert here,Thu May 28 20:50:23 PDT 2009,cocolee117,2,NO_QUERY,0.09044846,0.37098113
ouch,Sun May 31 18:41:46 PDT 2009,callunax,0,NO_QUERY,0.037419863,0.1605902
cheers to that,Mon Jun 01 23:28:40 PDT 2009,Kangarookiller,2,NO_QUERY,0.022671714,0.10358912
at charles with the power out lol damn savemart lost power and we could not buy beer,Thu May 28 23:25:01 PDT 2009,Craz_Monkay21,0,NO_QUERY,0.084883265,0.14094529
using tweetie and omfg i love it,Mon Apr 20 04:03:39 PDT 2009,hyprnova,2,NO_QUERY,0.060085624,0.13555655
did you ask jacky yet yayayaya im stoked,Sat May 30 21:53:34 PDT 2009,aznJaime,2,NO_QUERY,0.07618113,0.30488282
those moments are great things to treasure,Fri May 29 08:38:26 PDT 2009,Eyglo,2,NO_QUERY,0.03502777,0.11826843
is determined to beat every mission in goldeneye on agent and unlock settings,Fri Jun 05 14:53:17 PDT 2009,corneliusrose,2,NO_QUERY,0.07072621,0.13526992
excellent photoshop installed successfully now for dinner x,Sun May 17 11:48:39 PDT 2009,tobyw7,2,NO_QUERY,0.041226216,0.10332249
yep let us know when your photo shoot comes out,Fri May 29 19:34:44 PDT 2009,AnitaSimons,2,NO_QUERY,0.055001557,0.12712668
ive got a bruise on the middleback of my left thigh i have no idea how i got it but it makes sitting on hard chairs hurt,Mon Jun 15 09:02:21 PDT 2009,Daisydust,0,NO_QUERY,0.07329056,0.12334542
party tonight wine is the name of the game a lot of game,Sat Jun 06 16:27:00 PDT 2009,MandyBu,2,NO_QUERY,0.091738336,0.26510254
so farming low level herbs is boring,Sat May 16 20:59:36 PDT 2009,_anea,0,NO_QUERY,0.08048816,0.17774189
one of my friends just called me out she asked me why i was home on a friday night and i told her im old and cant hang anymore,Fri May 29 21:57:14 PDT 2009,iaagustin,0,NO_QUERY,0.06974333,0.2680092
loving having my lie in today thank god for long weekends,Fri May 22 04:03:56 PDT 2009,dublinblondie,2,NO_QUERY,0.08133554,0.2081838
i am here to make friends real life internet what ever level people are comfortable with,Sat May 09 18:15:47 PDT 2009,Djalfy,2,NO_QUERY,0.054528844,0.20167428
i am lost please help me find a good home,Sun May 17 10:29:11 PDT 2009,lost_dog,0,NO_QUERY,0.06377038,0.17487693
haha its going to be awesomeeee,Mon Jun 01 05:35:49 PDT 2009,catty_,2,NO_QUERY,0.0734552,0.15047282
gmornin friends the sun is shinin and life is sweet enjoy your day,Tue Apr 07 06:35:15 PDT 2009,malia111,2,NO_QUERY,0.052081905,0.12910324
clapclaphappy for lindsay,Tue Jun 16 01:14:22 PDT 2009,imChildish,2,NO_QUERY,0.09341023,0.45016074
knocking is an amazing song and the singer is cute,Sun Jun 07 03:29:51 PDT 2009,vimtogirl,2,NO_QUERY,0.026186261,0.10750222
having car trouble in torrance,Sat Jun 06 15:20:34 PDT 2009,lani218,0,NO_QUERY,0.083203554,0.29117998
ughhh i need an umbrella,Sat May 02 10:17:20 PDT 2009,StarlettWolf,0,NO_QUERY,0.08377027,0.1002112
he says hey,Sun May 03 01:15:50 PDT 2009,Stefachino,2,NO_QUERY,0.057446435,0.18412359
green day tour here we come,Fri Jun 05 23:27:16 PDT 2009,chynnasaur,2,NO_QUERY,0.042975765,0.19998907
awww thats so cute,Thu Jun 04 09:27:41 PDT 2009,lovey83,2,NO_QUERY,0.09898741,0.34247667
oh my god left dead yay no more zoey or francis makes me sad though,Mon Jun 01 12:49:22 PDT 2009,octopuscandy,0,NO_QUERY,0.053573888,0.11717168
idk why its not working,Sat Jun 20 11:58:30 PDT 2009,AshleyTyan,0,NO_QUERY,0.052716576,0.10462609
im sitting at home waiting to go out it sux cuz i dont feel good,Mon Jun 15 19:36:38 PDT 2009,824462,0,NO_QUERY,0.075289205,0.14862719
i like people to reply to my tweets,Mon Jun 15 09:46:25 PDT 2009,altonkeh,2,NO_QUERY,0.08158472,0.3440395
just finished watchin the hills now mtv awards,Sun May 31 18:06:35 PDT 2009,karolinacieslak,2,NO_QUERY,0.037744366,0.2369711
i have spent the day in the sun the stable and with friends an amazing day,Sun May 31 10:55:36 PDT 2009,xxsara,2,NO_QUERY,0.044323396,0.16349003
how important is ritual in your tarot readings how much is just a dramatic flourish,Tue Apr 21 00:46:31 PDT 2009,TABItarot,2,NO_QUERY,0.08509247,0.33833146
you moved to the oc and you make dinner that is sweet,Mon Jun 15 20:59:09 PDT 2009,chiropractic,2,NO_QUERY,0.0925733,0.21866152
i have mtv but they dont even air it here untill thursday which totally sucks,Sun May 31 05:03:52 PDT 2009,jools_dk,0,NO_QUERY,0.09481512,0.1525012
mwah ha haim seeing you this evening,Sat May 02 01:57:05 PDT 2009,star_girlsophie,2,NO_QUERY,0.065600336,0.18829957
quotdont speak liarquot is my favorite of your songs im looking forward to hearing it in orlando get well soon hugs,Mon Apr 06 22:53:49 PDT 2009,NOELAINE,2,NO_QUERY,0.045186874,0.14561614
chillen wit andie havin a blast as usual,Sun May 31 17:22:02 PDT 2009,derricksgirl,2,NO_QUERY,0.038007285,0.17733987
almost fell out of bed this morning not a nice way to wake up,Wed Jun 03 04:23:36 PDT 2009,Bee90,0,NO_QUERY,0.07045316,0.24998373
hi lol i figured out how to do it,Fri Jun 05 22:12:40 PDT 2009,Alexaxxanne,2,NO_QUERY,0.07263017,0.20949756
if you love what you do its fun and games everyday the way it should be thanks for the shout jimi,Thu May 14 06:27:55 PDT 2009,gacconsultants,2,NO_QUERY,0.06008002,0.14445567
has a lesbian crush on megan fox and cant wait for the second transformers movie,Sun May 31 11:18:02 PDT 2009,SaraBeara23,2,NO_QUERY,0.09181471,0.18970671
well hey there u having an awesome day too,Mon Jun 01 09:49:44 PDT 2009,melody,2,NO_QUERY,0.03330324,0.10443117
first time driving into waterloo had a great hearttoheart with parents,Sun May 10 18:51:15 PDT 2009,traaai,2,NO_QUERY,0.05127898,0.18481109
watching movies and eating candy,Fri Jun 05 15:15:30 PDT 2009,emilymariebrown,2,NO_QUERY,0.037293408,0.11898635
have fun wish your mums a happy mothers day for us,Sun May 10 01:31:56 PDT 2009,thestar_rage,2,NO_QUERY,0.086558625,0.41357818
i miss you,Thu May 28 21:23:58 PDT 2009,hdeck,0,NO_QUERY,0.08466305,0.11017673
alex hottie marshall flipped that cub makes him more adorable,Sat May 30 15:27:53 PDT 2009,samdagame2,2,NO_QUERY,0.05185231,0.24346313
peace arcoiris easy oops over and out felicidades para ti,Mon Jun 15 09:42:14 PDT 2009,ruivo,2,NO_QUERY,0.046703447,0.26599708
woah that sharing stuff sounds awesome and ack i missed the halo preview,Mon Jun 01 12:21:11 PDT 2009,durangodawg13,0,NO_QUERY,0.071726836,0.44891894
thank you ate,Sun Jun 07 04:26:50 PDT 2009,Bounce12,2,NO_QUERY,0.0744766,0.12205193
it is funny,Sun May 17 03:30:52 PDT 2009,HelloLizzi,2,NO_QUERY,0.037068605,0.1506452
thank you,Fri May 29 19:34:51 PDT 2009,dauche,2,NO_QUERY,0.06834935,0.122505136
the yummy kind,Sat May 30 04:35:26 PDT 2009,Redjotter,2,NO_QUERY,0.06014873,0.21641256
my fishy died,Mon Jun 01 16:12:24 PDT 2009,animefan13,0,NO_QUERY,0.06873965,0.11983539
sunday morning its sunny im gonna go for a run,Sat May 16 23:55:46 PDT 2009,luc4982,2,NO_QUERY,0.09925538,0.34437606
well no sushi date tonight with tyson he had to leave this morning damn inconsistent job,Tue Jun 23 10:48:44 PDT 2009,Jeweliyah,0,NO_QUERY,0.08146373,0.19102061
happy made necklaces in hours lol happy mothers day to all the mothers out there,Sat May 09 23:22:05 PDT 2009,LisaAndSean,2,NO_QUERY,0.042034842,0.20404935
cant watch missys play tomorrow,Sat May 30 07:33:25 PDT 2009,ieadelprado,0,NO_QUERY,0.07219914,0.163396
starting to feel sick again uhoh,Mon Jun 01 05:32:27 PDT 2009,bussobabe88,0,NO_QUERY,0.08792709,0.13376467
i had a great newscast this morning,Mon Apr 20 05:49:22 PDT 2009,farussell,2,NO_QUERY,0.04124163,0.14521348
happy cheery lt pass it on everyone deserves a lil happy cheeriness in their life xo kathie,Thu May 14 00:01:26 PDT 2009,kasperzwhisperz,2,NO_QUERY,0.03365785,0.13232219
absolutely loved that quote its so true and humorous at the same time make it a fabulous day,Sat May 02 08:12:56 PDT 2009,KetelboeterPR,2,NO_QUERY,0.029197883,0.10825987
is off to clearwater to meet my uk friends john amp angeline for the first time in real life be back late nite peeps,Fri Jun 05 09:00:23 PDT 2009,davidspresley,2,NO_QUERY,0.045568857,0.2784816
a im so sorry i totally owe you booze or food or something i feel so bad,Sat May 30 07:46:13 PDT 2009,twilightjumper,0,NO_QUERY,0.076506816,0.13890606
at bjs in cerritos with some of my favorite people oh and dans here too,Sat May 30 21:37:29 PDT 2009,megantatum,2,NO_QUERY,0.04972553,0.23881447
ugh wtf,Sat Jun 20 22:21:58 PDT 2009,juztinxcore,0,NO_QUERY,0.061722342,0.13112067
what happened to the ea trax feature some really good toons on the game but no playlist,Sun May 17 05:04:53 PDT 2009,jevison,0,NO_QUERY,0.05421011,0.1790996
i think this would all be much easier if someone would just give me a car but oprah hasnt returned any of my calls,Mon Jun 22 12:07:13 PDT 2009,meredithcc,0,NO_QUERY,0.07920213,0.4085934
i follow you sincw two weeks but im sad that you nevr write back thats not cool,Tue Jun 02 14:26:26 PDT 2009,Kuhnibert,0,NO_QUERY,0.0814218,0.11374047
just finished talking with the people in vegas,Fri May 01 23:46:30 PDT 2009,bearlovesfuffo,2,NO_QUERY,0.043885678,0.27351984
i love your blog thank you so much for sharing know i ask myself what i will do to transform the world,Tue Jun 16 00:08:15 PDT 2009,DahliaCassandra,2,NO_QUERY,0.0484356,0.100730896
is going to the pub with her boys,Fri May 22 04:07:42 PDT 2009,jmh89,2,NO_QUERY,0.046357505,0.19664648
keep up the good work been watching the ultimate fighter every week team uk is going to win,Sun May 31 14:29:03 PDT 2009,Mark_Mk,2,NO_QUERY,0.06961309,0.2693268
the woman on the right is a friend of mine,Sat May 02 03:46:49 PDT 2009,DanBrusca,2,NO_QUERY,0.06057421,0.22000633
more week july th flolloping just perfectly describes the way she moves my belly hehe,Mon May 04 06:23:56 PDT 2009,stace8383,2,NO_QUERY,0.047989573,0.38506752
bike dropped chain over speedbump no ride and no bike for a little bit,Fri May 29 19:54:16 PDT 2009,jtth,0,NO_QUERY,0.096009634,0.17717415
still no sign of brent looks like dinner alone again,Mon Jun 22 18:44:40 PDT 2009,argamando,0,NO_QUERY,0.046764083,0.20958993
it is with penguin you want to review it,Tue Apr 07 03:14:37 PDT 2009,rgoodchild,2,NO_QUERY,0.03865941,0.18336466
why mc chris why sold out at the show and online tear,Mon Jun 15 18:37:43 PDT 2009,elleeldritch,0,NO_QUERY,0.043331746,0.108938925
cant im in class,Sat Jun 06 15:33:19 PDT 2009,hot2definc,0,NO_QUERY,0.07598509,0.21042806
just found out our artist alley table location for anime expo b for anyone thats attending feel free to stop by,Tue Jun 16 00:32:13 PDT 2009,catnapcaps,2,NO_QUERY,0.051489823,0.12869163
selling back some booksjustins back soon cant wait days left till i can relax,Sat May 02 08:28:07 PDT 2009,live2lovethesox,2,NO_QUERY,0.04556393,0.29211864
watching x lol oh and i finally watche dthe alist awardsi love kathy griffin,Sat Apr 18 23:27:15 PDT 2009,mwizz13,2,NO_QUERY,0.039972086,0.1511566
just watched stepbrothersreally good movie,Sat May 30 08:17:04 PDT 2009,TheDaniater,2,NO_QUERY,0.02862723,0.10995964
just got a call from my wnec friends i miss them,Fri Jun 19 09:58:44 PDT 2009,Kaitohkay,0,NO_QUERY,0.09698144,0.16575998
is struggling to find a jobcurrently overdrawn where the hell am i supposed to find that kind of money this is depressing,Mon Jun 15 02:42:32 PDT 2009,squeekycheese,0,NO_QUERY,0.090619385,0.18169144
not awesome,Sun Jun 14 22:39:34 PDT 2009,fromthestars,0,NO_QUERY,0.09701291,0.20954926
very cute background hun,Sun May 31 23:23:32 PDT 2009,MaryGoonGirl,2,NO_QUERY,0.086281925,0.2520181
well lol just in time i wanted to say thanks for responding it amazes me that i am talking to one of my icons mommys,Wed Jun 03 01:20:05 PDT 2009,oldskool90,2,NO_QUERY,0.081642866,0.22288598
testing some automated mail notifications but mail server seems to be pretty slow,Mon May 04 03:31:10 PDT 2009,marcusbrose,0,NO_QUERY,0.06405081,0.14314677
tko baby go pac man chillin w fams in markham always funnn,Sat May 02 23:09:56 PDT 2009,Lil_JXO,2,NO_QUERY,0.08534634,0.45334703
forget paris on hbowhich just makes me miss paris and the nba,Mon Jun 15 22:03:33 PDT 2009,courtside,0,NO_QUERY,0.08881381,0.21065982
any suggestions for inear noise cancelling headphones i broke mine,Wed Jun 17 03:53:03 PDT 2009,brianppprs,0,NO_QUERY,0.08970345,0.3156041
havent tweeted in forever im so sorry,Mon Jun 01 12:18:54 PDT 2009,lveydvey,0,NO_QUERY,0.050435614,0.1354097
mcdonald breakfast hit the spot,Wed Jun 03 06:55:00 PDT 2009,miajess03,2,NO_QUERY,0.03980058,0.12730688
eeeeee i have spring fever sooooo bad i want to get out there and play in the dirt but theres nothing to plant yet,Mon May 04 07:19:24 PDT 2009,devilsplay,0,NO_QUERY,0.06937057,0.12813273
yah feeling better and had a beaut day sophie razzing it at the skateboard park at all of yrs and charli happy at school,Mon May 04 01:43:06 PDT 2009,sarahlee74,2,NO_QUERY,0.035205215,0.21842912
heres the link,Sun May 31 03:21:54 PDT 2009,fryfan20,2,NO_QUERY,0.075089544,0.15180108
wolverine mmmmm,Sun May 03 00:15:00 PDT 2009,char_maine,2,NO_QUERY,0.09151216,0.34517917
far julianne isnt performing anymore,Sat Jun 06 12:50:42 PDT 2009,TheVictoriaRdgz,0,NO_QUERY,0.048455134,0.16708988
greek is like the best show ever to bad it is gone until aug,Mon Jun 15 22:02:20 PDT 2009,bignik31,0,NO_QUERY,0.074921206,0.34306735
sitting here drinking a screwdriver and watching season of gossip girl i love summer,Sat May 30 22:03:11 PDT 2009,sony0715,2,NO_QUERY,0.071537025,0.15348706
watching it right now and then ill take off thanks and talk to you and tomorrow,Sun May 31 07:23:51 PDT 2009,drops_of_dmb,2,NO_QUERY,0.08347684,0.16885816
wtf i hate public transportation,Sun Jun 07 08:57:19 PDT 2009,emily82891,0,NO_QUERY,0.08465653,0.11653023
what was wrong,Sun May 03 16:28:53 PDT 2009,my_black_heart,0,NO_QUERY,0.07587636,0.1324678
congrats on finishing packing,Sun May 31 08:49:10 PDT 2009,bluereadergal,2,NO_QUERY,0.037860047,0.16445634
sad that smallville is over and mindblown over the fact that jimmy wasnt in fact jimmy,Fri May 22 00:17:58 PDT 2009,Jigga3,0,NO_QUERY,0.06886982,0.13494942
i have my new computer hp,Mon Jun 15 00:16:02 PDT 2009,Grettaviv,2,NO_QUERY,0.053558636,0.19588456
happy days its the weekend,Fri Jun 05 09:53:59 PDT 2009,winnerkids,2,NO_QUERY,0.025658958,0.11783529
finally watching my tape of sundays race day,Tue Jun 02 05:16:02 PDT 2009,kazoojones,2,NO_QUERY,0.05991146,0.11870052
we are missing our little emilys party,Sat Apr 18 14:13:49 PDT 2009,crystalina,0,NO_QUERY,0.086748786,0.19561413
it does im sorry,Sun Jun 07 13:45:01 PDT 2009,crankydragon,0,NO_QUERY,0.048750956,0.13043125
trashcan frisbee having manicures and going to the barr w my lesbiansss loveeee ittttt,Mon Jun 15 18:05:41 PDT 2009,aspad43,2,NO_QUERY,0.072594106,0.3712561
at the mall w ampamp,Mon Jun 15 14:06:54 PDT 2009,mihsmoogah,2,NO_QUERY,0.051937304,0.22299315
home now make sure to watch anand chandrasekhers keynote at next weeks computex im the one who set up and tested the demo machines,Tue May 26 22:55:27 PDT 2009,bismark,2,NO_QUERY,0.069149055,0.18167013
you on jimmy fallon show last night i cant watch you coz im in indonesiaso sadbut im still looking on youtube,Thu Jun 18 00:12:04 PDT 2009,IrineFerlian,0,NO_QUERY,0.07944313,0.16097605
floozied up sounds good,Fri May 29 17:55:32 PDT 2009,EclipseGFX,2,NO_QUERY,0.063373774,0.15859124
new phone,Sat May 02 23:39:58 PDT 2009,jujubeanx,2,NO_QUERY,0.09740715,0.15483037
good morning lady bright as always i see grin hows the sunday,Sun May 31 02:38:01 PDT 2009,3CB,2,NO_QUERY,0.056906555,0.15051441
thanking my momm for all that she does,Sun May 10 09:34:38 PDT 2009,MeganAMcc,2,NO_QUERY,0.077743724,0.29267368
so within three hours of getting my laptop it wont boot what is wrong with me,Thu Jun 18 07:36:01 PDT 2009,phrkonaleash,0,NO_QUERY,0.07812825,0.12657085
get followers a day using once you add everyone you are on the train or pay vip,Mon Jun 15 12:08:45 PDT 2009,tweeteradder20,2,NO_QUERY,0.043460153,0.10570659
awesomeill let u kno when im goinall i here is great reviews def gonna watch,Sun Jun 07 00:41:22 PDT 2009,MSUgirl3,2,NO_QUERY,0.0757304,0.16567269
is sick damnit y does my body hate me tt,Sun Jun 07 10:35:41 PDT 2009,stephhsia,0,NO_QUERY,0.078752786,0.112930305
homework,Sat Apr 18 23:10:04 PDT 2009,briannatruong,0,NO_QUERY,0.08746438,0.19196668
summer sucks sometimes no good tv all repeats,Thu Jun 18 17:15:08 PDT 2009,mmk102576,0,NO_QUERY,0.0666984,0.18317777
why does everyone fall asleep before me its not fair,Mon Jun 15 02:30:26 PDT 2009,PrettyMuchSham,0,NO_QUERY,0.051491585,0.10506264
just got back from a decent lunch with an old friend,Sun May 17 11:23:43 PDT 2009,faithe113001,2,NO_QUERY,0.07675678,0.17985232
jk u can come over lunch arrachera arroz frijoles sound good,Sun May 31 08:53:01 PDT 2009,GreenEyes1278,2,NO_QUERY,0.08397909,0.26613733
angels and demons was incredible a worth while viewing,Sun Jun 07 15:52:27 PDT 2009,SimonH1991,2,NO_QUERY,0.052292347,0.19304031
playing with lip stup drinkin soy milk,Mon Jun 15 07:07:43 PDT 2009,Joel_State,2,NO_QUERY,0.050627902,0.17141852
woot woot thats my time cant wait,Sat May 30 14:37:46 PDT 2009,ImTribute,2,NO_QUERY,0.05246584,0.28608555
ahhhh eff my phone number got deleted off the device thingy and now its not letting me verify my number so no tweets to my phone,Sat May 02 22:47:16 PDT 2009,karenthecrasian,0,NO_QUERY,0.09806192,0.13606581
aw thats sweet kinda made me smile,Mon Jun 15 07:33:57 PDT 2009,lilacgirl,2,NO_QUERY,0.07440051,0.19078887
hockey was fun today,Tue Jun 16 01:16:28 PDT 2009,nataliekiddo,2,NO_QUERY,0.09034747,0.29883602
my sadness of the weekend was that the brothers bloom was only a limited release,Sun May 17 03:58:20 PDT 2009,hollygolightlee,0,NO_QUERY,0.06838065,0.29914144
awesome an old lady drove into our new car while it was parked only miles on it and a smashed fender,Sat May 16 21:19:08 PDT 2009,zenwheel,0,NO_QUERY,0.076698646,0.5201242
goodnight sweet dreams have a good night tomorrow night if i dont tweet you earlier,Sat Jun 06 06:21:07 PDT 2009,MichaelMcNeill,2,NO_QUERY,0.07027637,0.17201743
cool photo is that outside your place,Mon May 04 05:23:41 PDT 2009,Boko22,2,NO_QUERY,0.046398282,0.12802334
sunburnt really really badly dont seem to wanna stop peeling,Fri Jun 05 16:21:55 PDT 2009,ljhopper,0,NO_QUERY,0.07479586,0.16035637
no mountainbike world cup in southafrica in,Fri Jun 19 10:41:56 PDT 2009,ross_bateman,0,NO_QUERY,0.07580669,0.2596703
have just submitted to the twitter app directory,Sat Jun 06 05:26:49 PDT 2009,Whatleydude,2,NO_QUERY,0.064071305,0.113501236
sure thing girl,Sat May 30 09:03:28 PDT 2009,unitechy,2,NO_QUERY,0.057953052,0.25744605
youre in the clear for now p,Mon Jun 15 13:48:21 PDT 2009,gabboucla,2,NO_QUERY,0.09553632,0.33426446
facking blocked nose,Fri Jun 19 09:56:04 PDT 2009,edenisrandom,0,NO_QUERY,0.0836139,0.1620714
broke my french blackberry,Mon May 18 07:42:16 PDT 2009,lovinglifeyann,0,NO_QUERY,0.0765454,0.19722539
dchelseaparadiso the video doesnt show up on yahoo i wanna see it already,Mon Jun 15 21:49:03 PDT 2009,Julien_Cassidy,0,NO_QUERY,0.093232945,0.25357065
i lovee progressive commercials flos grrreatt lt,Sat Jun 06 19:12:31 PDT 2009,bamitsalexis,2,NO_QUERY,0.06168714,0.38404056
eating mcdonalds waiting for nichoooooolas and count d this was an amazing night just what i need im sad about snack size though,Fri May 22 01:11:49 PDT 2009,jessbecauseiam,0,NO_QUERY,0.073764816,0.22233407
please look at this remember funny,Mon Jun 15 10:14:56 PDT 2009,malumello16,2,NO_QUERY,0.089788124,0.17019828
looks like i wont be going to the wedding after all damnnn transportation,Sat May 30 10:23:41 PDT 2009,OlaOlie,0,NO_QUERY,0.09661445,0.19582708
wahliowmicheal is so heartlessi am so hungry and hes not willing to help me buy food,Sat May 16 23:03:56 PDT 2009,FeeDidy,0,NO_QUERY,0.06839211,0.10503638
morning vacation in italy at home playing with quothot wheelsquot with the kids a tiger eats the car randomly during the race cool,Tue Jun 02 01:18:38 PDT 2009,filos,2,NO_QUERY,0.039033104,0.1742368
out at my friends quotungraduation partyquot bbl sexy people,Sat Jun 06 12:12:13 PDT 2009,keridabum,2,NO_QUERY,0.039839372,0.13462718
watched the speidi special missin already were left w kristens annoying voice amp speidi gag most annoying couple ever,Tue Jun 02 22:02:20 PDT 2009,jrae_dotcom,0,NO_QUERY,0.069067754,0.32656914
thats a wonderful feeling to wake up with,Fri May 22 06:51:41 PDT 2009,roseofdusk,2,NO_QUERY,0.048465665,0.13838653
your even more amazing the new cd sounds savage savage is a good word used in ireland l love you xxx,Fri Jun 05 09:22:52 PDT 2009,sorcha_d,2,NO_QUERY,0.071693115,0.15527302
lol i have no problems with matching skirts or outfits,Fri May 29 00:50:05 PDT 2009,Mona26,2,NO_QUERY,0.04051401,0.36545455
doing a new clean instal on my comps ganna get a new start,Wed Jun 03 02:44:10 PDT 2009,Im_Mannyb,2,NO_QUERY,0.052662708,0.1969794
dm me for a bit more info,Mon Jun 15 23:27:54 PDT 2009,daveking,2,NO_QUERY,0.058505304,0.26608592
cant wait to finally see hannah ah,Sun May 03 16:28:51 PDT 2009,Jesssiiicaaaa,2,NO_QUERY,0.082272686,0.12627257
well turns out there were no good walls not in the whole house everywhere is so dark,Tue Jun 02 03:41:40 PDT 2009,owlonthesill,0,NO_QUERY,0.09113493,0.17014857
hope you have a really good time over there,Tue Jun 02 03:25:16 PDT 2009,siriuslyhazzap,2,NO_QUERY,0.06617021,0.14871469
fearne so good to see you here ive been following your work since ages,Tue Apr 07 05:04:54 PDT 2009,fashioncheater,2,NO_QUERY,0.084842205,0.21327926
ooooh now i see it thats hilarious u were so adorable werent you,Sat Jun 06 21:53:09 PDT 2009,RayleneOrnelas,2,NO_QUERY,0.08876633,0.24301857
just woke up from one of her best sleeps in a looooong time i love the weather,Fri Jun 05 21:08:37 PDT 2009,reeyowjowrowlan,2,NO_QUERY,0.03764642,0.21615475
home sick tooth ach,Mon Jun 15 06:43:13 PDT 2009,ZiaHussain,0,NO_QUERY,0.03388347,0.10170992
i miss you jill things wont be the same without my defender,Sat May 30 21:26:14 PDT 2009,Jordanpk2,0,NO_QUERY,0.08706606,0.17809953
its so sunny here today love it,Fri May 29 01:17:38 PDT 2009,lcooke83,2,NO_QUERY,0.04620145,0.16050102
my broken leg has forced me to catch up on my paperwork thats the good news the bad news my leg hurts,Fri Jun 19 18:15:22 PDT 2009,christinamon,0,NO_QUERY,0.05410009,0.114426225
im feeling ecstatic i met james matthews and josh wilkinson and got james towel xd maan my ears are still ringing and my throat hurts,Tue Apr 07 04:18:15 PDT 2009,LoopyLauraa,0,NO_QUERY,0.06393025,0.10977911
lmao awesome,Fri May 29 13:26:08 PDT 2009,RainbowConverse,2,NO_QUERY,0.046394806,0.14061764
thinking of coming along so it may be a fun time for all,Thu May 28 23:34:50 PDT 2009,SCENARMobile,2,NO_QUERY,0.08485544,0.27553278
i wish i could but i dont think its worth the hour drive,Fri Jun 05 14:32:46 PDT 2009,mojane2,0,NO_QUERY,0.08482264,0.15306437
i cant wait to see my loves in cleveland tomorrow the mtv movie awards are gonna rock,Sat May 30 20:16:41 PDT 2009,twinkles86,2,NO_QUERY,0.088732935,0.1993461
george we missed you so much btw happy belated birthday hope you had a blast on your birthday,Sun May 03 17:29:10 PDT 2009,clu3l3ss_x,2,NO_QUERY,0.095622234,0.17107339
yeah that sucks will miss the friday show but i have rehearsals that are going to run too late for me to be there,Tue Jun 02 23:14:13 PDT 2009,davebasaraba,0,NO_QUERY,0.08804106,0.18991134
thank you god for making it friday so fast,Fri May 22 05:02:31 PDT 2009,WeRespectMiley,2,NO_QUERY,0.093149945,0.15464745
hi guys i feel so alone here on twitter world,Sat May 30 16:52:26 PDT 2009,Kemiskye,0,NO_QUERY,0.09513695,0.28461286
stay your behind a very nice one at that inside ill enjoy it enough for us both since im such a great friend,Sat Apr 18 08:01:30 PDT 2009,MrRyanDee,2,NO_QUERY,0.07116432,0.17741647
good u home safe get well c u sunday thanx sharing awesome knight,Mon Jun 15 04:34:01 PDT 2009,EnglishGirlinNY,2,NO_QUERY,0.039075717,0.16509613
how nice that you hung out with charles shaughnessy yesterday did it remind you about good times,Sun May 03 09:46:55 PDT 2009,annie_swe,2,NO_QUERY,0.041828047,0.10671403
bought many many candies to eat at movies today ill watch star trek and up,Fri Jun 05 10:33:26 PDT 2009,Hitzuji,2,NO_QUERY,0.067182116,0.19967932
they were delicious burp,Mon Jun 01 21:06:58 PDT 2009,NicolePeeler,2,NO_QUERY,0.07826794,0.22856852
yo momma so stupid she got stabbed in a shoot out,Sat May 30 09:27:22 PDT 2009,lovelyone80,0,NO_QUERY,0.08347894,0.14611831
thats what my hangover called for strange peach juice how are you this saturday morning,Sat May 30 08:01:02 PDT 2009,TuNicaMami,2,NO_QUERY,0.09121139,0.28978175
ouchie pulled something,Sat Jun 06 20:02:31 PDT 2009,kkiimberrllyy,0,NO_QUERY,0.06721901,0.6731802
new moon,Wed Jun 03 06:14:46 PDT 2009,IngridElise94,2,NO_QUERY,0.03223936,0.13694409
the sun is calling my name,Sun May 31 10:23:27 PDT 2009,kfox24,2,NO_QUERY,0.09031734,0.3624545
awww thank you making you smile huh lol so happy to have you back xxx,Mon Jun 01 11:59:09 PDT 2009,riiaa,2,NO_QUERY,0.052583583,0.107529156
so watz new,Thu May 14 06:43:18 PDT 2009,Love_Magic7194,2,NO_QUERY,0.06592282,0.4156432
wheres all the work gone god this bloody recession is biting now,Wed Jun 03 01:53:08 PDT 2009,KevinsDay,0,NO_QUERY,0.096188135,0.12053593
its a great feeling to be connected to a network of over techies god bless twitter,Mon Jun 15 10:11:07 PDT 2009,justinvincent,2,NO_QUERY,0.042079393,0.15184717
blog site have u or chris ever been on it i only have followers,Mon Jun 15 16:04:33 PDT 2009,wezzbox,0,NO_QUERY,0.08958939,0.4335558
it was fun send me a message on zivity,Wed Jun 03 07:53:56 PDT 2009,KessM,2,NO_QUERY,0.061603647,0.14628902
wow all my friends are leaving,Wed Jun 17 06:14:26 PDT 2009,_luninha,0,NO_QUERY,0.05269691,0.18185589
im pissed my stupid tv doesnt have cmt on it now i cant watch the cma awards fml,Tue Jun 16 16:58:59 PDT 2009,marisatangorra,0,NO_QUERY,0.082602605,0.11424734
your polish is excelent,Sat May 30 15:27:40 PDT 2009,skobalczyk,2,NO_QUERY,0.03870239,0.14872468
standing at south bank looking at brisbane city and it looks really beautiful i may be a pom but im proud to call this place home,Mon Jun 15 01:04:58 PDT 2009,EliaTours,2,NO_QUERY,0.08864003,0.2226463
sorry i cant post another video on youtube right now webcam isnt working right it has too much noise in background,Mon Jun 15 17:20:56 PDT 2009,rockinchick1985,0,NO_QUERY,0.07169264,0.1554871
im going out to look for a purse with my mommy i miss that purse im gonna find it,Mon Jun 15 10:05:53 PDT 2009,LisaHovdelien,0,NO_QUERY,0.09365752,0.17671192
yeah the bracelet you gave john omg i miss them too so much i need to see them again now haha too bad i cant go to warped,Sun May 03 22:00:08 PDT 2009,hillaryxcore,0,NO_QUERY,0.09324882,0.10155201
i dont have dress shoes,Tue Jun 16 12:15:05 PDT 2009,erikflowchild,0,NO_QUERY,0.054990243,0.120351076
ooh me too its awesome,Sun Jun 07 06:27:33 PDT 2009,EvilAlterEgo,2,NO_QUERY,0.055000886,0.14497885
i need a second monitor i cant handle managing the windows with only one,Sun Apr 19 11:45:17 PDT 2009,rebezuniga,0,NO_QUERY,0.08980748,0.118579224
i woke up in a really good mood,Tue Apr 07 05:04:36 PDT 2009,RachelNeff,2,NO_QUERY,0.0582424,0.26167518
chi for the weekend,Fri May 29 12:25:41 PDT 2009,courtbolin,2,NO_QUERY,0.09446874,0.31015402
it makes me sad that i cant have it maybe just one thing after the first exam o,Mon May 18 06:21:24 PDT 2009,Pip2407,0,NO_QUERY,0.074685276,0.12662117
lol i was just listening to that song i wanna kiss u underneath the stars love it cant wait to hear your new track,Sat Jun 06 02:05:31 PDT 2009,AudreyLizeth,2,NO_QUERY,0.09228097,0.17750344
have fun have a drink or for me im sadly not drinking tonight,Sat May 30 15:13:37 PDT 2009,tricey_weesey,0,NO_QUERY,0.06420953,0.30194557
kathy griffin my life on the d list seems so scripted this season so far not feeling it,Mon Jun 15 19:47:36 PDT 2009,jarod1180,0,NO_QUERY,0.09651947,0.4534055
you know you love the hard work and we love your work in return keep up tha good stuff meid fanzzzz lol,Wed Jun 03 02:30:08 PDT 2009,JWmil,2,NO_QUERY,0.08297169,0.28558686
dad will tell me not to use it for like a month again character limit sucks,Sat May 30 01:49:07 PDT 2009,stephannie_x3,0,NO_QUERY,0.08960387,0.16018492
sleepthen hoedown with david and madison,Sat May 16 21:35:03 PDT 2009,Jjwsoftball,2,NO_QUERY,0.0935141,0.26892072
i love bb tweets there so spoilage,Sun Jun 07 12:52:32 PDT 2009,buffdavamp,2,NO_QUERY,0.08999571,0.6177491
im too sore for all that mclane,Tue Jun 02 01:57:29 PDT 2009,SydMonk,0,NO_QUERY,0.08676955,0.14516531
hi back from us,Sun May 31 04:14:58 PDT 2009,Floris,2,NO_QUERY,0.06076169,0.12137142
id almost forgotten about her,Sat May 30 11:10:47 PDT 2009,urbanfly,0,NO_QUERY,0.09750192,0.27381337
cant find his phone and might have left it at the movies last night,Mon Jun 01 08:34:10 PDT 2009,jpbroyles,0,NO_QUERY,0.06148597,0.17738524
woo the punching bag is up now i cn work my arms at home legs in gym at skewl hehehe that amp skippin daily amp dance trainin me busy,Sat May 30 19:40:51 PDT 2009,dirtyrockdiva,2,NO_QUERY,0.07439166,0.44025654
still have to unpack bummer,Sun May 31 09:03:06 PDT 2009,KLMaher,0,NO_QUERY,0.08786166,0.15924695
everyday i forget more and more of the nyc subway map the loss damages my spirit,Mon Jun 01 08:31:54 PDT 2009,aneeshaaa,0,NO_QUERY,0.06533383,0.1461134
haha nice of course im bringing it maybe ill get a few cool shots,Tue May 26 23:03:31 PDT 2009,VTuttoilmondo,2,NO_QUERY,0.0640115,0.1187228
going to the bookstore to pick up some books and readdd,Sat Jun 06 07:33:27 PDT 2009,loveya1896,2,NO_QUERY,0.09500177,0.21638376
laying on my floor crying not really sure whats going on right now,Tue Jun 23 14:53:37 PDT 2009,shani_boo,0,NO_QUERY,0.050947238,0.14472099
morning im going to play lots of music today have a good monday everyone xx,Mon Jun 01 03:27:08 PDT 2009,ElsicalMcGinger,2,NO_QUERY,0.030181363,0.12823503
i was a little surprised but i was really happy for kris i know theyre both deserving you sang great cook,Sat May 30 06:10:49 PDT 2009,nisarigets,2,NO_QUERY,0.0814023,0.24650002
i would share mine but i have no hair,Fri May 29 08:00:27 PDT 2009,normalguyguide,0,NO_QUERY,0.09194433,0.23643354
loving the names on the henchmens shirts played by louis lombardi pathos ethos logos dildos huevos rancheros,Tue Apr 21 01:26:06 PDT 2009,stevemassart,2,NO_QUERY,0.059229415,0.18669458
was meant to be working but they cancelled i really needed the money as well arghhhh,Sat Jun 06 03:07:27 PDT 2009,poppyeliza,0,NO_QUERY,0.072480306,0.18113688
sorry i missed ur prty,Tue Jun 16 19:52:56 PDT 2009,ConcepMakeLove,0,NO_QUERY,0.06370222,0.12451737
talkin on myspace,Sat May 30 22:39:21 PDT 2009,iamsarahL,2,NO_QUERY,0.04971477,0.10800218
kj is sick as hell what a morning,Mon May 04 06:54:06 PDT 2009,dnhughes,0,NO_QUERY,0.09763144,0.1510911
try it again lolskkkkkeeeeeeettt night twitter boppersyoim a wierdo give me my happinessim blessed,Tue May 26 21:55:07 PDT 2009,PrettyE,2,NO_QUERY,0.039348997,0.1946373
watching now as you were introducedasking about adam,Fri Apr 17 21:27:37 PDT 2009,ReggaeGirl_Yve,2,NO_QUERY,0.0742497,0.18113549
a skiibop amp i saw the hangover it was entertainingyo im wheelin and dealin lmbo love you,Fri Jun 05 21:56:40 PDT 2009,theminibob,2,NO_QUERY,0.049750607,0.19959007
yes im a twitterholic lol,Sun Jun 07 10:34:03 PDT 2009,yarelic,2,NO_QUERY,0.09508317,0.29094887
yes that was pretty cool i cant wait for the saga to be complete with all movies,Mon Jun 01 04:33:23 PDT 2009,fran81,2,NO_QUERY,0.055992667,0.15579085
i love xbox i also play ps and pci have my pc setup to play all the old nes sega n and snes games,Fri May 29 12:51:46 PDT 2009,halfass,2,NO_QUERY,0.099509895,0.2879892
hm the basement just feels lonely now,Mon Jun 15 00:29:59 PDT 2009,lexx_ington,0,NO_QUERY,0.03929536,0.113911405
probably better than not waking in the long run heyo from k,Mon Jun 15 00:52:14 PDT 2009,proviso,2,NO_QUERY,0.06418444,0.3343107
sprained my wrist at work makes it hard to type or do just about anything,Mon Jun 01 21:02:53 PDT 2009,Parabolaa,0,NO_QUERY,0.044246923,0.1460861
im on my way home for days of holiday yay,Sat Jun 06 03:14:11 PDT 2009,Alz23,2,NO_QUERY,0.089882776,0.19644721
aw poor sam i hope hell feel better soon must be so difficult to see him unwell hugs,Tue Jun 23 13:25:49 PDT 2009,the_owlcat,0,NO_QUERY,0.08746007,0.11298876
glad u liked the doors raymond one of my favs,Sun Apr 19 11:40:42 PDT 2009,redrobinrockn,2,NO_QUERY,0.03583377,0.13666715
just got back from ffa convention so fun,Sat Jun 06 16:00:32 PDT 2009,lainagrace,2,NO_QUERY,0.043330897,0.22121581
is now awake hello world,Sat Jun 06 02:51:45 PDT 2009,jessicanoone,2,NO_QUERY,0.04406743,0.12030201
oh ill be following along on your blog i like it,Thu May 14 07:07:44 PDT 2009,GirlTornado,2,NO_QUERY,0.065010965,0.13532326
what a nice night,Fri May 22 00:18:30 PDT 2009,claudiatweets,2,NO_QUERY,0.043645415,0.101057306
i dropped my black berry,Sat May 30 15:22:42 PDT 2009,muSicFienDkiCks,0,NO_QUERY,0.08455491,0.24536347
yeah its awful,Mon Jun 15 15:32:31 PDT 2009,mandycp,0,NO_QUERY,0.09044728,0.20307678
way cute curt hope the school raised tons of money lovely sunset,Sun May 17 20:43:28 PDT 2009,KarynBakoCA,2,NO_QUERY,0.07730387,0.21849191
had fun today swam at zyanyas then ate tacos with carrie then walked w carrie ashley frankie kassie and zyanya to the store,Sat May 16 23:55:25 PDT 2009,william1up,2,NO_QUERY,0.060556974,0.21095103
today was greeeeat i love being with him all day he keeps a smile on my face all day,Mon Jun 01 23:52:43 PDT 2009,veesoccer23,2,NO_QUERY,0.06824957,0.2878834
we have all the good movies on vhs likein the army now days of thunder jumanjieven spiderman i am so bored no good dvds,Sat May 30 12:49:08 PDT 2009,DoubleRfilms,0,NO_QUERY,0.09724471,0.293984
i have lost a lot of followers why people,Sun May 31 12:06:59 PDT 2009,LooBu,0,NO_QUERY,0.07174528,0.14662583
buttermilk belgian waffle with fresh strawberries baked in topped with a scoop of vanilla bean ice cream and nutella drizzle,Sun Jun 07 10:40:23 PDT 2009,aliciac,2,NO_QUERY,0.026979586,0.11231283
a animal crossingi missed kk slider last night,Sun May 31 15:56:36 PDT 2009,CHOCOLATEthief,0,NO_QUERY,0.06809221,0.28013074
the sun is shining again but im stuck at work all day,Mon Jun 01 01:25:08 PDT 2009,Beckiiiiiiii,0,NO_QUERY,0.07479933,0.19490829
dont feel too good today,Sun Jun 07 11:10:14 PDT 2009,Chantgirl26,0,NO_QUERY,0.05476991,0.109645024
photo no questions asked well maybe other than thank you sirmay i have another,Mon Jun 15 19:18:21 PDT 2009,anniebales,2,NO_QUERY,0.088186756,0.22669153
on the boat and ready to go to elliot key,Sun May 10 06:58:29 PDT 2009,dangaaajoli,2,NO_QUERY,0.041947387,0.17679316
wait make that that was a horrible story some people make me so sick,Sat Jun 06 23:30:14 PDT 2009,Danni41,0,NO_QUERY,0.08370094,0.15535296
trying hard not to fall sick too,Sat Jun 20 08:37:53 PDT 2009,jewelparlour,0,NO_QUERY,0.09475213,0.13005877
yay smoke break my tummy hurts,Tue Jun 02 21:28:43 PDT 2009,NekoHWhuT,0,NO_QUERY,0.04364848,0.10528096
gosh you guys are almost convincing me that i can write in english thank you sherrillthank you robert,Sun Jun 07 14:33:23 PDT 2009,mgmyself,2,NO_QUERY,0.055246353,0.17857239
grapes are good for you they help grow your grape bones,Tue Jun 16 00:24:30 PDT 2009,valenzuelajames,2,NO_QUERY,0.07002719,0.21466523
i totally replied to your post the other day but it doesnt seem to be there anymore,Tue Jun 02 06:33:36 PDT 2009,chaneletmoet,0,NO_QUERY,0.076097704,0.19549295
ah gotcha that makes so much more sense than anything i was coming up with haha thanks for the clarification squarespace,Mon Jun 15 21:55:30 PDT 2009,AichaKouyate,2,NO_QUERY,0.07491966,0.18777475
just relax hookah or something that comforts you its a nice sunday,Sun May 31 13:26:37 PDT 2009,tommyleesaid,2,NO_QUERY,0.045200504,0.124287985
happy goobers are the best kind of goobers there are,Sun May 17 10:36:23 PDT 2009,lalaLiiindsey,2,NO_QUERY,0.039853863,0.14252448
hello garry have a nice day when u woke up,Sun May 03 00:00:24 PDT 2009,monyepenny,2,NO_QUERY,0.068725154,0.13639736
it was wonderful i had the opportunity for major advancement and took it,Sat Apr 18 09:16:26 PDT 2009,absolutelytrue,2,NO_QUERY,0.060212277,0.20474678
im wondering why hasnt texted me back all day i miss him,Sat Jun 06 19:46:07 PDT 2009,nataliepatton,0,NO_QUERY,0.06700431,0.10879326
continued negotiations may work for custodians but no news yet of help for womens center or swim team not looking good for them,Sat Jun 06 18:09:47 PDT 2009,Padvorac,0,NO_QUERY,0.08429778,0.17345273
the drinks,Sun May 03 22:02:03 PDT 2009,sexymercedes,2,NO_QUERY,0.07638852,0.2725289
is loving the hot weather,Sun May 31 05:27:43 PDT 2009,Lisawoopp,2,NO_QUERY,0.06595488,0.14637464
i dont want to go to school tomorrow for an exam after having one and a half weeks off,Tue Apr 07 00:13:08 PDT 2009,Dannny91,0,NO_QUERY,0.08196224,0.17419103
earache,Sun Jun 07 21:05:46 PDT 2009,my_randa,0,NO_QUERY,0.08401142,0.6236712
mahalo love dusk and dawn,Sat Jun 06 22:55:20 PDT 2009,poohsuke,2,NO_QUERY,0.044074446,0.23516864
i have pretty much lost my voice i hope work isnt busy today,Mon Jun 15 08:02:25 PDT 2009,outsidethiscity,0,NO_QUERY,0.03912322,0.1345612
filled out the form thanks mucho you rock,Fri May 01 20:35:16 PDT 2009,valerie2350,2,NO_QUERY,0.02573061,0.10205294
ruukki group rug or rautaruukki either way welcome to the nestegang,Mon May 18 01:37:01 PDT 2009,hagnas,2,NO_QUERY,0.05513119,0.174291
i have been shopping with my sister so im happy anyways peace,Sun May 31 01:45:46 PDT 2009,CharlieForever,2,NO_QUERY,0.06645997,0.19746739
if you bring a book youll get a lot of reading done while waiting for the punctualitychallenged,Fri May 29 16:42:46 PDT 2009,Scheopner,2,NO_QUERY,0.059572395,0.22350158
coolio ii will check it out shortly in that case i likes your singing xx,Tue Jun 16 01:30:42 PDT 2009,nik_kee_dee,2,NO_QUERY,0.032418452,0.10061859
audi r mmmmmm beautiful car,Sat Jun 06 06:57:41 PDT 2009,Abbiegriffin,2,NO_QUERY,0.04151823,0.1724968
hej stop by the forest gardens of camelot,Sat Apr 18 13:19:28 PDT 2009,LShalottCamelot,2,NO_QUERY,0.081582844,0.29338628
cant wait till i get sims those games are just so addictive,Sun Jun 07 06:23:03 PDT 2009,MelissaButton,2,NO_QUERY,0.07060597,0.2648581
that is the funniest thing i seen all day beer anyone roo is much better now thanks u all good,Mon Jun 01 08:45:10 PDT 2009,richardmhowell,2,NO_QUERY,0.074551195,0.22912104
oh and my friend luiza says happy birthday too,Fri Jun 05 19:14:01 PDT 2009,HyperSmo,2,NO_QUERY,0.050366975,0.14419882
sitting in the gardens soaking up the sun and eating chips,Sun May 31 06:05:30 PDT 2009,HayleyBee1,2,NO_QUERY,0.030340469,0.10699892
trey had a great time at the lori foster event you have to come to this next year,Sat Jun 06 19:10:24 PDT 2009,LianeGentrySkye,2,NO_QUERY,0.08425099,0.26339734
have fun on vacation demi you deserve it,Sat May 30 06:06:40 PDT 2009,brittttanylee,2,NO_QUERY,0.085658886,0.1804314
yeh im feeling alot better now thank goodness,Mon May 18 01:29:02 PDT 2009,Sazinwonderland,2,NO_QUERY,0.09118633,0.3579833
my heart is broken to go along with yaos foot,Sat May 09 20:01:01 PDT 2009,specktacular,0,NO_QUERY,0.06407695,0.13746782
hey ppl,Sun May 31 03:40:11 PDT 2009,paulabdulfan,2,NO_QUERY,0.046576805,0.124579184
she did awesome hr mini was her sherpa for the day,Sun May 31 17:44:22 PDT 2009,Dirtdawg50k,2,NO_QUERY,0.05297702,0.21824723
lol scott that is a real hard one to crack thanks for your response,Fri Jun 05 23:06:41 PDT 2009,AmiAhuja,2,NO_QUERY,0.056701243,0.1385149
watching enews,Sun May 17 23:42:13 PDT 2009,yukino412,2,NO_QUERY,0.057843972,0.1998569
figured out how to voteclicked on the box went to their twitter pg saw the little iconso ready voting mins,Sat May 30 22:29:32 PDT 2009,SerenaJ,2,NO_QUERY,0.038008552,0.16020927
i really wish i could get over the time difference woke up at again get to see my bestie tonight but no derek today,Mon Jun 01 04:49:12 PDT 2009,Julietr89,0,NO_QUERY,0.08329699,0.15245654
calc homework,Tue Jun 16 17:58:21 PDT 2009,chetti,0,NO_QUERY,0.08337127,0.20964201
yummy soup sunday,Sun May 17 11:25:58 PDT 2009,Ianth,2,NO_QUERY,0.07146825,0.18976542
hangin with carole and my sister so fun miss my friends though,Sat May 16 21:08:10 PDT 2009,Lionel909,0,NO_QUERY,0.043149542,0.1804866
marion has gone home,Tue Jun 16 23:52:11 PDT 2009,lilyy_loves_you,0,NO_QUERY,0.066884965,0.37646046
drinking on monday hangover tuesday is awesome,Tue Jun 16 01:12:08 PDT 2009,Captainklein,2,NO_QUERY,0.03338168,0.12878147
no worries i was planning on watching the replay great blogging info from what i heard thanks for reaching out imu,Mon Jun 15 11:36:37 PDT 2009,janetcap,2,NO_QUERY,0.042914953,0.10312508
lol they are the best,Mon Jun 15 17:01:25 PDT 2009,cassie2good,2,NO_QUERY,0.059811644,0.16746534
follow friday awesome girls that makes it even more fun to be on twitter d lt,Fri Jun 05 12:32:30 PDT 2009,yaseminx3,2,NO_QUERY,0.040238228,0.12097728
still no boston dates yet,Tue Jun 16 16:47:13 PDT 2009,portman65,0,NO_QUERY,0.09119772,0.20540515
no thank you for such an awsome show watching bn is actually my boyfriend and is thursday night ritual,Fri Jun 05 17:29:21 PDT 2009,Wozzie71,2,NO_QUERY,0.09242619,0.31725332
tore a ligament in my pinky then at a pedicure discovered i bruised a toebody falling apart,Mon Jun 15 19:39:43 PDT 2009,mickerX,0,NO_QUERY,0.09888936,0.19836614
i love going to hyde park for happy hour,Fri Jun 05 14:45:24 PDT 2009,ElizabethAnn24,2,NO_QUERY,0.054910425,0.15401998
hes definately a strong lil guy,Tue Jun 16 04:54:10 PDT 2009,CrazeeKeri,2,NO_QUERY,0.08756302,0.23347305
thats what im thinking knock her out of the water very satisfying,Tue Jun 16 08:38:38 PDT 2009,RockComplacency,2,NO_QUERY,0.06928385,0.2865215
thank u ashley that was sooo sweet u made my night,Tue May 26 22:45:37 PDT 2009,nursejennifer,2,NO_QUERY,0.03529848,0.12550016
isplayer has died sorry,Thu May 21 23:34:42 PDT 2009,wowlew,0,NO_QUERY,0.05747106,0.1351659
im sorry if i missed ur tweet,Thu May 28 20:59:50 PDT 2009,coreyskort,0,NO_QUERY,0.06560813,0.17015564
really good movie i saw it it was kind of sad tho,Fri Jun 05 11:47:50 PDT 2009,patriciajimenez,0,NO_QUERY,0.039122377,0.16207464
you toand dreams with matthew,Sat May 30 22:13:10 PDT 2009,ByMarinaFarias,2,NO_QUERY,0.075056955,0.3270661
has to work at woke up bright and early at once i have my hours i cant sleep anymore,Sun May 10 07:57:23 PDT 2009,tanya_sharon,0,NO_QUERY,0.09582575,0.18834907
dont worry i didnt hurt him and his bro who joined in but i had them stopped sadly i realise theres nowhere to play,Sat Jun 06 00:00:24 PDT 2009,louizah,0,NO_QUERY,0.06977688,0.22011214
happy mothers day mommy,Sun May 10 03:12:34 PDT 2009,genea1430,2,NO_QUERY,0.06478782,0.119330846
rebaby can i hold you u might like this cover from my fav michael johns,Sun May 17 05:11:44 PDT 2009,janine_j9,2,NO_QUERY,0.054311495,0.20236617
its not in my app store,Tue Jun 16 19:10:28 PDT 2009,jwalsh,0,NO_QUERY,0.07979203,0.19756928
i hate being awake early my day feels so boring when im not hyper,Thu Jun 25 08:40:07 PDT 2009,trawryo,0,NO_QUERY,0.09513957,0.18182777
in alexandria playing monopoly with my age group friends,Sat May 30 04:39:53 PDT 2009,Dollash,2,NO_QUERY,0.04329448,0.22267222
we have two small dogs good to hear that center parcs wd take them cruising to new york on the queen mary real treat,Sun May 10 03:28:09 PDT 2009,MandyBookLover,2,NO_QUERY,0.08809677,0.17757455
i just checked and it looks we are sold out already i think they are perennials just not very hardy,Sun May 17 22:15:50 PDT 2009,zettlerhardware,0,NO_QUERY,0.08175077,0.20256725
a im sorry,Sat Jun 06 00:27:30 PDT 2009,PriscillaPerc,0,NO_QUERY,0.042612493,0.13089927
my beb left jz an hour ago and i already miss him to pieces,Thu Jun 18 21:46:00 PDT 2009,xFrAnc1n3x,0,NO_QUERY,0.04292627,0.106315225
im home alone again tonight,Sat Jun 20 17:16:27 PDT 2009,LuvToSparkLe,0,NO_QUERY,0.054333072,0.29762858
writing autovisor v for psion workabout pro listening to gnr the sun is shining,Mon Jun 01 01:58:02 PDT 2009,iaind2k,2,NO_QUERY,0.086384624,0.344293
is cold still has a headache and now has no hot water sigh,Fri May 22 02:54:22 PDT 2009,meeveebee,0,NO_QUERY,0.05978648,0.13207915
woke up without the sun beaming through my blinds but to the sound of rain i miss the sun already,Sat Jun 06 01:46:11 PDT 2009,katieetudge,0,NO_QUERY,0.055072624,0.11379117
good,Wed Jun 03 05:18:08 PDT 2009,KirstiTappenden,2,NO_QUERY,0.094506964,0.16754855
hope u have a great day tay,Sat May 02 07:47:51 PDT 2009,camelgal,2,NO_QUERY,0.068102255,0.17791167
you are online and not answering any of my choices that makes me sad,Sat Jun 06 21:12:14 PDT 2009,vanity_kills,0,NO_QUERY,0.062712185,0.12247366
just starting a new week,Mon Jun 01 03:35:09 PDT 2009,ceubgirl,2,NO_QUERY,0.07172704,0.1710672
i called you via skype but no answer,Tue Jun 23 08:30:19 PDT 2009,silenceisntgold,0,NO_QUERY,0.06753215,0.16168927
im eating chocolate,Fri Jun 05 17:49:25 PDT 2009,Morenah08,2,NO_QUERY,0.08882058,0.24125451
i love you kevin jonas you are the sweetest guys in the world,Fri Jun 05 16:40:54 PDT 2009,LucianaJonas,2,NO_QUERY,0.045486737,0.1489051
i loved the show today it was so great to see her so happy,Fri Jun 05 17:53:37 PDT 2009,Sk898,2,NO_QUERY,0.04238328,0.15473354
misses his girl,Sat Jun 06 21:41:01 PDT 2009,tyler_born4this,0,NO_QUERY,0.058373194,0.13839012
wants van heusen shirtdresses in every color of the rainbow happy mum happy mums day mum,Sun May 10 06:13:41 PDT 2009,nissyoh,2,NO_QUERY,0.08848689,0.23403352
rd ave in astoria is an amazing place restaurants shops amp the jb come for a visit its right by the park and bring fido too,Sun Jun 07 05:27:08 PDT 2009,JumpingBulldog,2,NO_QUERY,0.03400751,0.18990341
with ale i love her l,Sat Jun 06 11:35:31 PDT 2009,VEmiko,2,NO_QUERY,0.0990247,0.26915064
is happy that tyler lost a tooth yesterday sadly the tooth fairy forgot to make a visit to our house last night,Tue Jun 02 05:03:46 PDT 2009,kelleymassey,0,NO_QUERY,0.068711184,0.41214246
thanks for including my print jen what a great post i especially love the last grouping,Thu May 14 06:17:44 PDT 2009,jessgonacha,2,NO_QUERY,0.052652054,0.10638079
forgot to add you on my list of happy moms day ladies hope you have a good one,Sun May 10 09:04:21 PDT 2009,amberportercox,2,NO_QUERY,0.057539135,0.14404534
thank you,Sun May 03 07:19:51 PDT 2009,sprinkles_,2,NO_QUERY,0.06834935,0.122505136
yep that and being able to play at being a hairdresser and dressups,Mon Jun 01 20:04:29 PDT 2009,stephmcg,2,NO_QUERY,0.0845459,0.24915501
just do a twitter search for byomkesh and ull stumble upon the answer,Tue Jun 02 05:46:22 PDT 2009,kg86,2,NO_QUERY,0.08735191,0.15786877
heyyy bbqjus tell me wat time u guys cum online for chat,Tue Jun 02 11:26:53 PDT 2009,vatz92,2,NO_QUERY,0.086473495,0.2548579
my legs hurrt,Sun May 03 20:15:28 PDT 2009,alecNguyen,0,NO_QUERY,0.06488732,0.22154883
dont wanna play netball,Mon May 04 00:59:48 PDT 2009,saabreenah,0,NO_QUERY,0.095481806,0.20321438
hmmi guess i have a cold,Sat Jun 06 09:26:39 PDT 2009,spdesigns1,0,NO_QUERY,0.06709966,0.16398819
is sitting in bed with a well sore throat,Mon May 04 06:32:48 PDT 2009,whoatethecookie,0,NO_QUERY,0.09086318,0.16173168
youre so rightsometimes that extra quietness during the week is the best enjoy your saturday,Sat May 30 09:29:30 PDT 2009,Nachhi,2,NO_QUERY,0.065411784,0.20917727
i put on my happy face tonitealthough i couldnt help but feel my heart break,Tue Jun 02 00:42:32 PDT 2009,SHRMYWRLD,0,NO_QUERY,0.07030056,0.39788184
its friday the sun is shining and i have the day off life is good,Fri May 22 02:23:38 PDT 2009,Barkingjenn,2,NO_QUERY,0.067512184,0.28139302
mmmm that icecreams looks lovely,Sun May 03 06:54:29 PDT 2009,kim_halliday,2,NO_QUERY,0.057619184,0.18159203
oh shit air france jet disappears midflight,Mon Jun 01 03:37:35 PDT 2009,spotrick,0,NO_QUERY,0.059093308,0.102616616
yeah i saw that awful,Mon Jun 15 10:48:49 PDT 2009,abba_ks,0,NO_QUERY,0.084068626,0.27167082
off to see the movie up yay d,Sun Jun 07 15:01:28 PDT 2009,brynndolyn,2,NO_QUERY,0.034405243,0.11408692
so boreddd wish i could leave lol,Fri Jun 19 18:29:25 PDT 2009,_NikiHall,0,NO_QUERY,0.07631311,0.13089617
you are the best maraji,Mon Jun 01 16:47:02 PDT 2009,Adamfyre,2,NO_QUERY,0.082760245,0.15061863
im in blackpool and theres no fish and chips in sight,Sat Jun 20 12:37:15 PDT 2009,natalielealand,0,NO_QUERY,0.076925404,0.121535115
laying down tired as hell thanks to bestie for keeping me up all night i miss my bestie already,Sun Jun 07 09:19:44 PDT 2009,candygurl65,0,NO_QUERY,0.080297284,0.25722748
rofl hey get into it stretch those muscles,Sun May 31 10:57:44 PDT 2009,LeentjeD,2,NO_QUERY,0.0897443,0.2048093
omg none of my txt messages are going up,Tue Jun 16 02:08:42 PDT 2009,MashyMashMash,0,NO_QUERY,0.070657834,0.27151147
randomly pulled books off shelf tonight to read cicero and marcus aurelius two favorite roman philosophers maybe will tweet cicero,Mon Jun 01 22:01:46 PDT 2009,DCrais,2,NO_QUERY,0.07018964,0.2149377
i love my beautiful niece jen,Fri Jun 05 17:49:20 PDT 2009,mccrn98,2,NO_QUERY,0.06994452,0.17636026
nighty night sleep tight twitterville quoti love u mommyquot princess panya,Mon Jun 15 00:44:32 PDT 2009,princesspanya,2,NO_QUERY,0.061507042,0.23043124
lol i explorin chale hehe,Fri Apr 17 21:47:16 PDT 2009,ChunxHarris,2,NO_QUERY,0.046627272,0.32227993
no trouble even after the late comming good start having good times with my friends,Mon Apr 20 00:53:01 PDT 2009,nvidianat,2,NO_QUERY,0.045508552,0.15683249
there was a spider on the outside of my door i dont know where it went though and its not there anymore,Sat May 02 06:56:49 PDT 2009,JulieDelineated,0,NO_QUERY,0.036136027,0.11820298
ellen amp kats sounded great last nights practice looking forward to their show on june wuzzup cafe,Sat May 30 07:11:13 PDT 2009,dsy140,2,NO_QUERY,0.051396023,0.22555144
youre amazing lt im going to try my best to see yall on the th,Sat Jun 06 23:06:55 PDT 2009,TCBallew,2,NO_QUERY,0.04687806,0.11530566
oh ok you can vent to me jp whats on your mind im a great listener,Tue Jun 02 21:26:17 PDT 2009,ShiledaM,2,NO_QUERY,0.078405306,0.14432915
oh noes was the window open or is it seriously leaking that is no good,Fri Jun 19 06:52:50 PDT 2009,jkhalek,0,NO_QUERY,0.05858079,0.1179093
love it just from mufasssa dd now nick whas on our official twitter get buy him d,Sat May 02 07:38:09 PDT 2009,xJoeJonasx,2,NO_QUERY,0.06543912,0.18349245
nyc here we come,Tue Jun 02 19:51:46 PDT 2009,Vicki_McGuire,2,NO_QUERY,0.09289868,0.3902281
wishes her dad was here to accompany her to the doctor,Tue Jun 16 20:32:48 PDT 2009,gelzie,0,NO_QUERY,0.07426398,0.101226136
omg u r not im soooo sad dude im gonna have to watch it all by myself now,Fri May 29 23:28:21 PDT 2009,annekagrace,0,NO_QUERY,0.058296822,0.11537478
im not feeling so good day missed of the last real week of school,Mon Jun 01 13:35:53 PDT 2009,turquoisepencil,0,NO_QUERY,0.060981736,0.11212618
arghhhhh danny gokey was eliminated,Wed May 13 23:08:03 PDT 2009,bebemoochie08,0,NO_QUERY,0.055066418,0.1515536
shower time good night sweet dreams everybody x,Sat May 30 06:32:54 PDT 2009,AnitaLucker,2,NO_QUERY,0.045547757,0.12071193
really wants that job waiting sucks,Tue Jun 16 01:09:25 PDT 2009,pinkteddybear,0,NO_QUERY,0.09700109,0.11821589
blah started feeling wretchedly ill after work for some reason,Fri Jun 05 19:58:22 PDT 2009,Kajivar,0,NO_QUERY,0.05860391,0.13203251
musicmonday robo tech hyper crush wish me luck glacier hiking take me to la weekend warriors love music mondays,Mon Jun 15 16:13:01 PDT 2009,Johnofah,2,NO_QUERY,0.042298306,0.23068434
getting excited about business again,Sun Jun 07 09:41:27 PDT 2009,FileNerds,2,NO_QUERY,0.0515891,0.14201993
i like the blog wallpaper its groovy,Mon May 18 05:21:24 PDT 2009,karunaseo,2,NO_QUERY,0.06286751,0.27866167
if u decide to share ur story i send u my email,Sat May 30 01:04:46 PDT 2009,Monica2112,2,NO_QUERY,0.07814418,0.1007627
not doing such a good job with cloth diapers grew out of bummis diaper kit and havent gotten next size clothdiapers,Mon Jun 01 19:22:13 PDT 2009,BloomMaternity,0,NO_QUERY,0.08801183,0.28083646
hes adorable and hes superrr sweet,Sun Jun 07 07:07:24 PDT 2009,VivaLaAthena,2,NO_QUERY,0.054254085,0.15672724
got back from a quick run sadly no sun,Sat May 30 10:14:22 PDT 2009,dareisay,0,NO_QUERY,0.08953465,0.15294437
subway seats were obviously not made with bony people sitting for long in mind ouch,Sat May 30 06:20:19 PDT 2009,angelalouison,0,NO_QUERY,0.08912469,0.3715806
woo for clean closet snoopy dance,Mon Jun 15 09:24:02 PDT 2009,s0l_uk,2,NO_QUERY,0.060193855,0.14991847
we are the ocean silverstein the blackout perfection pinpoint live gt,Sun May 17 11:35:05 PDT 2009,punkndisorderly,2,NO_QUERY,0.043307923,0.14091557
i listened it on atlspain its amazing guys,Mon Jun 15 16:37:02 PDT 2009,jujuhorizon,2,NO_QUERY,0.051935364,0.15143916
no shipwrecked to watch today gutted,Sun May 17 01:36:14 PDT 2009,kdawg19,0,NO_QUERY,0.0523223,0.14917494
losing my voice,Mon Jun 01 05:05:27 PDT 2009,gold13,0,NO_QUERY,0.06979064,0.1010154
eating fried chikkn mashed potatoes corn n green beans yummy im stayin home tonight the nightlife really isnt for me anymore,Sat May 30 19:22:21 PDT 2009,youulovemee,0,NO_QUERY,0.09209955,0.45418137
mms support from atampt coming in late summer mms is not supported on firstgeneration iphone apple this dissapoints me,Tue Jun 16 21:26:34 PDT 2009,alexwest0n,0,NO_QUERY,0.058430694,0.11242229
wanted to go to the vegan fest in bristol this weekend but im way too poor,Thu May 28 22:23:04 PDT 2009,Matryoshkavegan,0,NO_QUERY,0.0441941,0.109905474
weeee wiiill weeee wiiill rock u buenos diaz amigos,Mon Jun 15 09:15:50 PDT 2009,Charaah,2,NO_QUERY,0.07126313,0.27983236
has a bug cant even keep water down,Fri May 22 08:35:01 PDT 2009,shanemarsden,0,NO_QUERY,0.054953255,0.14355211
spinal tap has a new album coming anvil has a movie steel panther is happening more proof metal is alive amp well,Mon Jun 01 23:00:32 PDT 2009,muncman,2,NO_QUERY,0.052614544,0.26514226
school cc meeting soccer meeting handing everything in close to the saddest day of my life,Mon Jun 01 04:44:52 PDT 2009,katiepants14,0,NO_QUERY,0.076010115,0.16246514
heyy u rock aly ur an awesome actress and singer,Sun May 10 21:06:46 PDT 2009,Pearlwhite27,2,NO_QUERY,0.022277558,0.102750465
i keep losing all my followers grrr,Sun Jun 07 06:00:51 PDT 2009,__mandy__,0,NO_QUERY,0.07788336,0.16042784
interesting we were just on sesames site no issues time for cable modem,Sun May 17 05:37:03 PDT 2009,danmiller3,2,NO_QUERY,0.0734803,0.32109702
had champagne and vanilla wafers with o and a couple of dapper violin playing expats and walked over the charles bridge at dawn,Thu May 28 23:02:56 PDT 2009,adrialang,2,NO_QUERY,0.04307824,0.17258412
my fault,Thu Jun 18 13:25:58 PDT 2009,arizonaobvious,0,NO_QUERY,0.045946497,0.13146554
im sooo excited oz here i come xxx,Fri May 29 13:45:18 PDT 2009,ScottishLinda,2,NO_QUERY,0.05205713,0.19252585
my french is the most basic food money greetings no doubt if i tried it on ms hala gorani shed blanch grin,Wed Jun 03 09:05:46 PDT 2009,Starshadow,2,NO_QUERY,0.075825684,0.33222076
welcome back good luck with the job search assuming youre looking,Sat Jun 06 18:23:51 PDT 2009,imrananwar,2,NO_QUERY,0.05476673,0.14585294
i miss you,Wed Jun 17 18:57:26 PDT 2009,RAIN3S,0,NO_QUERY,0.08466305,0.11017673
thanks to the kind folks on my adium list for giving me the brush set,Sun May 31 05:04:53 PDT 2009,harrylindemann,2,NO_QUERY,0.04255083,0.1234796
healthy kids day at touchdown in otay ranch go,Sat Apr 18 08:41:30 PDT 2009,cbuenavista,2,NO_QUERY,0.08536575,0.21929124
today is s birfday i suggest you wish her a happy one hehe,Sat May 30 06:50:45 PDT 2009,smileitsbubbles,2,NO_QUERY,0.051784657,0.25899482
it was fun good to see you too,Sun May 31 05:33:10 PDT 2009,LouiseCampbell,2,NO_QUERY,0.037233993,0.10548829
btw gg is a great piece of software you should really feel proud,Sat May 30 20:38:45 PDT 2009,Jeremythegeek,2,NO_QUERY,0.053260162,0.1291769
gah fell on my arm,Sun May 17 12:00:36 PDT 2009,nosammai,0,NO_QUERY,0.09508451,0.17304306
if u get over followers every will think you are a celebrity,Wed Jun 03 01:41:50 PDT 2009,joeorgill,2,NO_QUERY,0.09691841,0.13789019
yummmm foood is just great,Sun Jun 07 15:10:03 PDT 2009,skrobertson,2,NO_QUERY,0.032772284,0.132889
lol thats cool u can enjoy the show together tell him i said hi,Sat May 09 20:51:10 PDT 2009,cupcake_nyc,2,NO_QUERY,0.055548888,0.106848836
beautiful thats it,Fri May 29 20:59:32 PDT 2009,JoaoMendonca,2,NO_QUERY,0.048307482,0.19339204
i hateee rainy days,Mon Apr 20 06:23:30 PDT 2009,LittleCybs,0,NO_QUERY,0.07955047,0.10251016
grr i hate this never ending cold i seem to have just cant get rid of it at all,Sun May 17 05:29:48 PDT 2009,NaomiJJones,0,NO_QUERY,0.078981005,0.124455556
yeah your olive is so cute amp sacha loves u u r a happiness mother amp woman,Sun May 10 05:27:58 PDT 2009,jenny050085,2,NO_QUERY,0.031824745,0.13766602
pissed im missing black star tomorrow in the city,Fri May 29 18:01:06 PDT 2009,SunshineDBaby,0,NO_QUERY,0.054786563,0.18008539
thanks im a newbie at the webdesign thing but it kind of fun,Sun May 31 08:43:02 PDT 2009,Angestruesoul,2,NO_QUERY,0.089714274,0.2406944
just heard that an album i played drums on with quotten sheckle shirtquot hit number in canada check out,Mon Jun 01 19:30:01 PDT 2009,ChristianElliot,2,NO_QUERY,0.050458014,0.18266721
homework,Mon May 04 05:58:23 PDT 2009,SY94,0,NO_QUERY,0.08746438,0.19196668
home and clean and loved up,Tue Apr 07 01:23:34 PDT 2009,laurafaymarie,2,NO_QUERY,0.06432492,0.31304473
ull be fine kick back chill out and enjoy,Sun Jun 07 12:11:42 PDT 2009,ikki_oo,2,NO_QUERY,0.039267838,0.115269765
discussing the importance of ed westwick amp chace crawford with mia,Sun Apr 19 12:06:07 PDT 2009,abbixnicole,2,NO_QUERY,0.04331892,0.1433085
down with the iranian regime they kill there own people it is unbelievable and sad,Mon Jun 15 11:02:49 PDT 2009,keepthefaith999,0,NO_QUERY,0.06623137,0.12808527
lol hey gorgeous i have got to get out and have a groove with you angel glad your gig went swimmingly the other nite,Tue Jun 02 04:51:58 PDT 2009,ABabyBlueEyes,2,NO_QUERY,0.05567468,0.16405736
just want to go home have been gone for like an hour and already want to leave,Mon Jun 15 10:48:42 PDT 2009,Smalls1123,0,NO_QUERY,0.07609563,0.15567744
reading inspirational quotes from my pocket pal theyre really good,Fri May 22 08:24:20 PDT 2009,xcreativexsoulx,2,NO_QUERY,0.034462333,0.10463459
lol i heard it was hot thanks again for recording brothers and a million sisters love it,Sat Jun 06 21:27:07 PDT 2009,debbier93,2,NO_QUERY,0.042833436,0.14620984
i can feel that everybody playes sims excepting me so frustrating,Sun Jun 07 07:24:51 PDT 2009,benileini,0,NO_QUERY,0.0958979,0.1988128
lmao in honor of my mile time of today woo hoo,Mon Jun 01 16:25:38 PDT 2009,tabithanation,2,NO_QUERY,0.09480035,0.25062907
its from tca summer splash party,Mon Jun 15 12:51:16 PDT 2009,imcfdean,2,NO_QUERY,0.06745382,0.21890116
bbq at ashleys,Sun May 31 15:03:25 PDT 2009,stephayyxann,2,NO_QUERY,0.041155156,0.2057649
i think im going to fail first aid just cause i couldnt get up this morning,Tue Jun 16 00:22:14 PDT 2009,jesss_xx,0,NO_QUERY,0.053385213,0.11675505
damn no internet connection in our rooms and no open wlan access point in the near neighborhood and my netbook has no umts card,Thu Jun 25 01:26:18 PDT 2009,holger2311,0,NO_QUERY,0.047611453,0.10411279
did u get my text i cant go i wont make it on time someone is coming in,Wed Jun 17 13:42:36 PDT 2009,JaSIstheSHYT,0,NO_QUERY,0.09782801,0.11313351
hey hey pete thank you so much for that and i have no idea what kipple means just liked the word,Fri Jun 05 13:34:54 PDT 2009,MelissaJohnsen,2,NO_QUERY,0.06641014,0.13468328
rice crispies and coffee school then cheerleading meet and greet,Thu May 14 03:56:44 PDT 2009,caitlyn1323,2,NO_QUERY,0.050418,0.16798258
had a great last dinner homecooked btw with the friends this quarter what a good quarter with good friends,Fri Jun 05 23:43:15 PDT 2009,mafel,2,NO_QUERY,0.061587866,0.13348538
following and s twitter war hilarious,Fri May 22 08:50:32 PDT 2009,designsbyprater,2,NO_QUERY,0.080743,0.3353287
well darn let me know when the next tweetup is id love to come,Wed Jun 03 07:54:43 PDT 2009,KimPossible40,2,NO_QUERY,0.091754735,0.26063547
btw nice pic of the sky did you paint it yourself,Mon Apr 20 00:57:37 PDT 2009,jed142,2,NO_QUERY,0.043186575,0.1496518
iphone not good for taking concert pixno gwen,Sun May 03 00:59:02 PDT 2009,SweetPear,0,NO_QUERY,0.07268707,0.124142006
when i woke up it was very sunny noww its raining very hard s on a saturday too bad,Sat Jun 20 11:28:47 PDT 2009,jenmcnab,0,NO_QUERY,0.09314463,0.18568912
beautiful solomons island in maryland,Sun May 31 13:39:07 PDT 2009,ayakobing,2,NO_QUERY,0.055344705,0.13820699
a route sprite from sonic and a twix bar is a pretty tasty dessert,Sat Jun 06 19:48:50 PDT 2009,yeahdanniyeah,2,NO_QUERY,0.025131335,0.10030062
is listening to both of her loves snoring softly,Sun Jun 07 00:47:36 PDT 2009,keepitraw,2,NO_QUERY,0.06344426,0.18288414
im going to try and cook s asparagus and potato tart with filo pastry this weekend yum yum,Thu May 14 02:32:12 PDT 2009,Beth_Walker,2,NO_QUERY,0.033857275,0.13968042
the least you could do is care the things you do for you friends to get treated like shit back ugh im soooo mad im over bein sad,Mon Jun 15 23:51:26 PDT 2009,Jazziewaazie,0,NO_QUERY,0.069794476,0.1462477
btw loving your dp,Sat Jun 06 05:36:37 PDT 2009,BonesCrazy24,2,NO_QUERY,0.04751442,0.13247223
outz wif the big big big happy family for mommys day meal and happy mommy day to all mommys out there,Sun May 10 01:41:46 PDT 2009,ainchan,2,NO_QUERY,0.05090418,0.1706926
is at home and is very sad had to say bye to my homie again,Sun Jun 07 05:58:44 PDT 2009,Sof24,0,NO_QUERY,0.059905604,0.107924
why are you making things so difficult for me,Wed Jun 03 00:31:18 PDT 2009,robynnxrevolver,0,NO_QUERY,0.09813374,0.18996634
such a shame we didnt get to meet sorry i was so busy,Sat May 02 03:34:17 PDT 2009,eigenliebe,0,NO_QUERY,0.08167204,0.14822768
tanning time hopekeepsus,Sat May 30 08:41:07 PDT 2009,mrstalkativeska,2,NO_QUERY,0.07104577,0.34324184
at falcon celebrating phils birthday he just did his birthday shot on his knees come party people broad,Sun Jun 07 15:54:33 PDT 2009,DanielDiNicola,2,NO_QUERY,0.053811908,0.2071782
alicias for the night,Sat May 30 15:43:52 PDT 2009,haiilee,2,NO_QUERY,0.05422693,0.25771466
still riding high from graduation what an amazing years,Sun May 17 11:33:06 PDT 2009,harriganthatsme,2,NO_QUERY,0.07260255,0.23566744
i have seen and this a great entertained value movie nothing less nothing more go see your self,Mon Jun 01 09:55:59 PDT 2009,kriswierzbicki,2,NO_QUERY,0.05314339,0.12344951
really annoyed that i cant use my new toy until at least monday,Sat Jun 06 15:34:34 PDT 2009,voyagerd79,0,NO_QUERY,0.08888891,0.16843142
things are starting to get a bit more interesting even fun,Mon Jun 15 04:01:52 PDT 2009,PrincessPlanet,2,NO_QUERY,0.063001856,0.29291725
at the tfc game tfc is down,Sat Jun 06 13:24:17 PDT 2009,kevinhickey,0,NO_QUERY,0.053020313,0.1976943
juss woke up morning everyone,Sun May 17 11:16:30 PDT 2009,SuaveWreck,2,NO_QUERY,0.067997135,0.35222316
was spinning herself really fast in her chair earlier today and her tummy still feels sick,Tue Jun 02 13:34:29 PDT 2009,p03t355,0,NO_QUERY,0.09371029,0.10453384
taking belle for a walk,Sun May 31 15:39:57 PDT 2009,courtneyzahn,2,NO_QUERY,0.04707978,0.13096984
is the newmoon trailer good then lol,Mon Jun 01 03:23:21 PDT 2009,secretwishes,2,NO_QUERY,0.07510399,0.23948911
im sorry you had such a crappy day,Thu Jun 18 22:52:47 PDT 2009,thatpianogirl,0,NO_QUERY,0.07426077,0.2056472
thats depressing,Sun Jun 07 11:46:50 PDT 2009,dannisaywhat,0,NO_QUERY,0.06880175,0.13903892
off to get my hair done still feeling poorly,Sat Apr 18 08:26:47 PDT 2009,glbriggs,0,NO_QUERY,0.08687663,0.14805362
today is andy hurleys birthday,Sun May 31 08:02:56 PDT 2009,TaylorJune,2,NO_QUERY,0.05519536,0.16242029
i have selected my new camera lens,Mon Jun 15 16:06:48 PDT 2009,XanaduJulie,2,NO_QUERY,0.065389305,0.11305381
well done ben superb interview pats on backs maternalhealth,Mon May 18 00:18:33 PDT 2009,PembsDave,2,NO_QUERY,0.044343174,0.15322967
my friendroommate from college is engaged peers getting engagedmarried came about faster than i thought congrats mary,Mon Jun 15 19:04:09 PDT 2009,conniejlee,2,NO_QUERY,0.08130361,0.28897023
what are you woo hooing about,Thu May 14 04:57:19 PDT 2009,VirtualLee,2,NO_QUERY,0.035630196,0.16406195
going to marshall illinois and i forgot my camera,Sun Jun 07 04:38:03 PDT 2009,ellipser,0,NO_QUERY,0.040815026,0.19066522
all my music doesnt fit on my ipod hmm which album should i delete the academy is or honor society x,Thu Jun 18 07:02:47 PDT 2009,sandrablom,0,NO_QUERY,0.09799613,0.32087424
is makeing his first tweet,Tue Apr 21 01:10:26 PDT 2009,Rockenrob,2,NO_QUERY,0.047032245,0.1259516
good morning should be a lovely day,Sat May 30 08:13:08 PDT 2009,rachelmacc,2,NO_QUERY,0.034879886,0.108701594
my first formal ballet class yay wish me luck,Mon Jun 01 16:23:44 PDT 2009,Teothefunkid,2,NO_QUERY,0.08650744,0.25599134
oh fuck the rain is over,Sat Jun 06 18:11:02 PDT 2009,FlowPattz,0,NO_QUERY,0.07747383,0.14757048
is preparing for receive the great miracle on this day,Mon Jun 01 18:00:17 PDT 2009,andyono2000,2,NO_QUERY,0.0775598,0.18158501
heartbroken again wtf,Sat Jun 20 20:18:58 PDT 2009,UnaiGomez,0,NO_QUERY,0.04492548,0.10615567
cliff blezinski just said i had the coolest hair,Tue Jun 02 15:04:22 PDT 2009,Mooooose,2,NO_QUERY,0.059043676,0.2607701
oh that would be great best luck,Fri May 22 02:23:21 PDT 2009,shadez,2,NO_QUERY,0.058346666,0.15616734
barbeque on the balcony,Sun Apr 19 08:05:10 PDT 2009,lizzie_pie,2,NO_QUERY,0.06668218,0.16459027
party was soo much fun,Sat Apr 18 21:16:58 PDT 2009,Lola303,2,NO_QUERY,0.051682547,0.3361746
as much as i know were broke i still wish i was there,Sat Jun 06 19:18:11 PDT 2009,MegLovesHouse,0,NO_QUERY,0.06934121,0.10825628
going out to eat with crystal g,Fri May 29 17:00:42 PDT 2009,crystalisrad,2,NO_QUERY,0.05066088,0.10514571
lol wanting to stalk famous people its ok look who im following,Sun May 03 03:56:46 PDT 2009,Shaboe,2,NO_QUERY,0.052653875,0.3113509
how sweet of you,Sun May 17 00:50:13 PDT 2009,fozzyfan,2,NO_QUERY,0.078813985,0.17929997
just got my tattoo love it,Sat May 02 00:15:59 PDT 2009,JustifiedGirlyy,2,NO_QUERY,0.07673316,0.15004398
it looks like its gonna rain outside,Tue Jun 02 14:25:53 PDT 2009,swimmermag,0,NO_QUERY,0.079404876,0.14286244
never mind the awesome raybans its boys like girls i lovelovelove you guys,Fri Jun 05 08:37:32 PDT 2009,EllieStar,2,NO_QUERY,0.0390683,0.16734901
sweet hehe is there going to be a bloodrayne video game dscctc,Mon Jun 01 17:34:12 PDT 2009,cnc137,2,NO_QUERY,0.05218505,0.264206
thats cool i love when my friends connect,Sun Jun 07 19:48:19 PDT 2009,nessos,2,NO_QUERY,0.039303154,0.12862957
why thank you,Fri May 22 06:23:00 PDT 2009,ditty1013,2,NO_QUERY,0.06527032,0.14852872
super tired manjust took a nice long showerlayin down and ready go to sleep so ya god bless and lets dream of jessica alba,Sun May 03 22:21:49 PDT 2009,JustJesse2,2,NO_QUERY,0.088519804,0.41866654
somethings been stuck in my chimney since am and its not santa,Sat Jun 20 07:58:55 PDT 2009,francegem,0,NO_QUERY,0.058305692,0.20083576
we built our own laptop quotholderquot so nice being married to a master carpenter,Sat Jun 06 15:20:22 PDT 2009,BanjoDoje,2,NO_QUERY,0.0957578,0.26874322
the tormented premiere was a fantastic event loved it well done guys especially liked the school uniform theme,Fri May 22 03:20:01 PDT 2009,supercoolkp,2,NO_QUERY,0.062642224,0.21808888
goodnight everyone,Fri May 29 00:39:55 PDT 2009,ianmuli,2,NO_QUERY,0.091566876,0.15132545
the den of thieves workshop was amazing thanks ill plan a day with you i can spend the afternoon working on my lamp,Sun Apr 19 09:25:03 PDT 2009,Geekdom,2,NO_QUERY,0.08130301,0.23872286
sometimes i feel alone,Sat Jun 20 23:04:46 PDT 2009,Monse_PS,0,NO_QUERY,0.061947457,0.17305723
had a great time at parliament today fun drinking coffee in the house of commons dining hall loveeee it,Mon Jun 01 14:25:02 PDT 2009,kellylk12,2,NO_QUERY,0.03832623,0.13403852
imogen heap is great check her out,Sat Jun 06 08:06:12 PDT 2009,coakay123,2,NO_QUERY,0.05341943,0.10133064
heyyy jazz wats up check out my music page and tell me wat ya think,Sat Jun 06 18:54:13 PDT 2009,Starasia24,2,NO_QUERY,0.054792106,0.13284753
saw it in london she is incredible,Sun May 31 03:57:00 PDT 2009,danidelle23,2,NO_QUERY,0.04315865,0.17138007
im glad youre having a good time i have the house to myself,Sat Jun 06 23:59:15 PDT 2009,Reptar01,2,NO_QUERY,0.078397565,0.18796743
nothing like a good cup of coffee to get a morning started,Fri May 22 05:22:55 PDT 2009,Lisa_80,2,NO_QUERY,0.09144756,0.33560425
anytime hon mwah i have i actually have a copy from my cousin but thank you how did you find it,Sun May 17 04:11:50 PDT 2009,rose_janice,2,NO_QUERY,0.060578335,0.13632423
gotta hugggggggggge headache,Sat Jun 06 03:40:46 PDT 2009,SimpliiEx0tic,0,NO_QUERY,0.068263486,0.11299017
hate my sis,Fri May 22 00:07:18 PDT 2009,NaNaSa,0,NO_QUERY,0.090862066,0.18564932
got to watch chaser because hubby was watching qld thrash nsw live in melbourne so were both happy,Wed Jun 03 05:16:34 PDT 2009,anniesorganics,2,NO_QUERY,0.07015501,0.23975141
taylor york is official dude congrats,Mon Jun 15 23:48:26 PDT 2009,valdyharnandy,2,NO_QUERY,0.024083065,0.10447654
met the veronicassweetest chicks,Fri May 01 23:16:02 PDT 2009,NikkiBadass,2,NO_QUERY,0.022597931,0.11466597
pub crawl was a success yay drinking for charity,Sun May 17 06:41:56 PDT 2009,angela6461,2,NO_QUERY,0.04379231,0.17843075
is gonna miss tweet deck while im at work,Mon Jun 15 10:52:35 PDT 2009,BOOGIEANDERSON,0,NO_QUERY,0.06780571,0.19805568
i love amp truly enjoy your writingthxs for sharing your gifts wthe world,Fri Jun 05 21:22:50 PDT 2009,Dreamm,2,NO_QUERY,0.04050227,0.1086961
i look like a pretty goth princess loving it,Thu Jun 04 23:01:12 PDT 2009,serenadenise,2,NO_QUERY,0.047178384,0.16723624
is really sad to hear about jon amp kate gosshlieni was really hoping they could work things out,Tue Jun 23 07:36:53 PDT 2009,kjoshlin,0,NO_QUERY,0.042972147,0.104016855
is worried maci may have a broken left arm darn trampolines and dads that bounce little kids too high,Tue Jun 02 21:30:01 PDT 2009,camblair,0,NO_QUERY,0.082512364,0.25563177
can you even get that station in baltimore baltimore sucks,Fri May 29 20:12:40 PDT 2009,stephenluver13,0,NO_QUERY,0.068001926,0.1577235
wth no ellen on today so confused,Fri Jun 05 10:16:28 PDT 2009,isul,0,NO_QUERY,0.060314216,0.20465067
i think i should go outdoors more often i miss sunlight,Thu May 14 05:23:42 PDT 2009,zubinsaxena,0,NO_QUERY,0.07946178,0.24622768
wow that sucks sorry to hear that,Tue Jun 23 13:33:44 PDT 2009,Christyxcore,0,NO_QUERY,0.071610436,0.13653156
found theee most magical spot to run ever ps je taime maman,Sun May 10 09:29:37 PDT 2009,joeltotherescue,2,NO_QUERY,0.047222644,0.22195932
i cant believe i missed an important session of jzone didnt see gary v didnt see ate margos brotha,Sun May 31 06:39:23 PDT 2009,sophiacadiz,0,NO_QUERY,0.061758198,0.21764606
tonight recording the piano track for my song on a steinway weee,Mon Jun 15 14:39:28 PDT 2009,cassielassy,2,NO_QUERY,0.032437935,0.1505692
our status newsblast hehehe,Tue Jun 16 04:31:25 PDT 2009,viherrera,2,NO_QUERY,0.030202726,0.1738439
on the way to ayudhya homeit seems to get lost,Fri Jun 05 21:15:44 PDT 2009,pannarita,0,NO_QUERY,0.066197515,0.17960067
i love the rehearsal with my choir,Sat May 02 02:01:24 PDT 2009,raniaioannou,2,NO_QUERY,0.05450459,0.19041526
thats what i try to do as well but work has ruined my ability to sleep in any more,Sat May 16 20:07:56 PDT 2009,mswonka,0,NO_QUERY,0.096038595,0.15078825
this guy is gooood,Fri May 29 13:13:52 PDT 2009,stephmccall,2,NO_QUERY,0.050148327,0.34140545
my sister got sims today so stoked to steal it from her,Sat Jun 06 14:17:22 PDT 2009,samterror,2,NO_QUERY,0.05382872,0.30550858
yeah congratulations nothing more satisfying than home made muffins,Fri May 22 04:38:00 PDT 2009,okesanne,2,NO_QUERY,0.060138676,0.31331325
i love the cubs go cubs,Sun May 10 18:51:06 PDT 2009,GoCubs919,2,NO_QUERY,0.073696755,0.28097567
i have a few similar photos im sure what a wonderful time that decade was that and the early s,Sun Jun 07 18:55:50 PDT 2009,jt1225,2,NO_QUERY,0.086884424,0.25837952
is awake videogames then finishing my chem project feels a good day coming on yayy jca in a fewww,Sat Apr 18 07:36:36 PDT 2009,thekalebkouture,2,NO_QUERY,0.041585162,0.2321373
preparing the next weeks interview with and the voice community vdp while listening rhythms del mundosunshine music,Sat May 30 06:54:59 PDT 2009,ice8878,2,NO_QUERY,0.033722892,0.21669622
a thanks cutie you should comment sometime amp let me know youre out there,Sun Jun 07 07:56:08 PDT 2009,sprinkleton,2,NO_QUERY,0.06034388,0.11632331
i love my camera ill have a hugeoh post come monday flickr will be pleased,Sat Apr 18 13:59:30 PDT 2009,abeex00,2,NO_QUERY,0.039581053,0.12019385
hooters with juaneeeeezy and friends,Fri Jun 05 21:00:06 PDT 2009,ChantelleSherie,2,NO_QUERY,0.037910037,0.13347599
hahha i love twitter all of a sudden you should reply to my tweets or we and put something random and funnyyy,Sat May 30 23:01:17 PDT 2009,justerzz,2,NO_QUERY,0.037796907,0.1533654
says good eve,Wed Jun 03 03:14:53 PDT 2009,siWALPay,2,NO_QUERY,0.09425233,0.18510263
oh am beginning to love the scottish weather for once x,Mon Jun 01 10:46:37 PDT 2009,weebabylou,2,NO_QUERY,0.092291206,0.27133852
i hate hicups why is there no cure for the common hicups,Fri May 29 23:00:37 PDT 2009,FaceOfBoo,0,NO_QUERY,0.0935841,0.1489124
so cute lovely eyes,Tue Jun 02 02:57:00 PDT 2009,miraclekoh,2,NO_QUERY,0.039574012,0.16997887
is going to learn about the blast furnace and slag yay,Mon Jun 15 12:26:53 PDT 2009,zoepearman,2,NO_QUERY,0.094684705,0.21902406
baked black bottom cupcakes,Sat Jun 06 05:57:15 PDT 2009,azwana,2,NO_QUERY,0.036664747,0.1915486
i miss my mommy but i cant go homei dont like greenville wish shed just move to cola but she got leave her other kids at home,Sun Jun 07 19:14:15 PDT 2009,DevaSTating34,0,NO_QUERY,0.07282603,0.103817016
cute,Sun Jun 07 01:29:56 PDT 2009,CrysAnGeL77,2,NO_QUERY,0.047983337,0.16248333
diet cherry limeade and ben lee it is officially summer,Mon Jun 15 10:57:29 PDT 2009,haley0425,2,NO_QUERY,0.035955437,0.11429515
happy to be home wmy lil gorgeousmommy and daughter day tomorrowwhere well gowho knows,Sat May 30 21:41:35 PDT 2009,KnockEmDead23,2,NO_QUERY,0.058782965,0.20802431
lol i can imagine that is funny,Mon Jun 01 14:59:16 PDT 2009,fitprosarah,2,NO_QUERY,0.05597593,0.15996127
this looks fun,Mon Jun 01 08:02:54 PDT 2009,doeeyes8,2,NO_QUERY,0.052525856,0.15948528
ive got hidden depths of awesomeness im starting with the justice league,Sun May 03 00:15:41 PDT 2009,androidtomato,2,NO_QUERY,0.07249886,0.27202195
im so worried about degree results days left,Mon Jun 15 11:30:20 PDT 2009,Lawyerlyme,0,NO_QUERY,0.0467383,0.112607084
day of ashleys softball in bartowgo gainesville gold,Sun May 31 06:21:30 PDT 2009,hopepdavis,2,NO_QUERY,0.056059014,0.25437728
the show was excellent,Mon Jun 01 14:57:09 PDT 2009,SARAHyeah,2,NO_QUERY,0.072693676,0.17690411
mmmm billecart absolutely delicious big thanks to and yummo,Sun Jun 07 00:33:17 PDT 2009,mech4bg,2,NO_QUERY,0.03435125,0.102227606
that makes me sad that people would be mean to their puppy cause it was acting like a puppy,Thu Jun 18 20:00:45 PDT 2009,LuvToSparkLe,0,NO_QUERY,0.06341444,0.15566094
if you like laughhave a good timefollow meits just that simple,Fri May 29 19:22:24 PDT 2009,KevinEdwardsJr,2,NO_QUERY,0.058480524,0.16296397
ughhhh lame not cool at all,Mon Jun 15 10:36:52 PDT 2009,MarisaLee32,0,NO_QUERY,0.077918686,0.143921
i added you too you should so buy my album on itunes,Tue Jun 02 23:59:20 PDT 2009,smoothvega,2,NO_QUERY,0.066189334,0.15567762
get followers a day using once you add everyone you are on the train or pay vip,Sun Jun 07 00:07:28 PDT 2009,tweeteradder3,2,NO_QUERY,0.043460153,0.10570659
just got back from disney and king taco i really liked the finding nemo sub st time riding it,Fri Jun 05 23:36:49 PDT 2009,greensuburbs,2,NO_QUERY,0.062342327,0.26962978
awww thank you you too,Sat May 30 18:42:30 PDT 2009,missrara,2,NO_QUERY,0.08604311,0.182474
i love andy chhi at irv dance recital,Fri May 29 18:55:57 PDT 2009,__STACE,2,NO_QUERY,0.08195483,0.2758374
eating cupcakes,Tue Apr 07 08:40:56 PDT 2009,fueledbytara,2,NO_QUERY,0.03444292,0.10826756
robert got hit by a taxi oh no,Fri Jun 19 16:16:25 PDT 2009,zoeyseitz,0,NO_QUERY,0.041001823,0.15739116
homework,Mon Apr 20 03:18:49 PDT 2009,Cambourneskater,0,NO_QUERY,0.08746438,0.19196668
ive just realised followers yay xx,Mon May 04 04:02:42 PDT 2009,saragarth,2,NO_QUERY,0.06912189,0.32205847
woooo sonny with a chance hahah i love sterling knight,Sun Jun 07 16:02:38 PDT 2009,OMS_itsjessica,2,NO_QUERY,0.038435407,0.13972688
take that nite exited still kinda lonely tho i miss the tanoy i want to build in my house lol xox,Sat Jun 20 05:22:26 PDT 2009,sarahxmcfly,0,NO_QUERY,0.08081192,0.2361255
omigosh i miss all the old cn shows,Sat May 30 05:08:51 PDT 2009,Amandaxox52,0,NO_QUERY,0.0665176,0.17231339
holla back,Mon Jun 15 15:22:30 PDT 2009,jerahmeel,2,NO_QUERY,0.06931241,0.40087444
i filled the rsvp for the global summit yesterday cant wait,Thu Jun 04 22:37:17 PDT 2009,SarahBouchon,2,NO_QUERY,0.08647997,0.28902963
what are you going to do for your birthday,Fri Jun 05 09:29:10 PDT 2009,Viciousbaby,2,NO_QUERY,0.06981182,0.10846679
off to visit my aunty and her beautiful widdle bubbys back later peeps x,Fri May 01 20:30:34 PDT 2009,DazzleMeThis,2,NO_QUERY,0.041103132,0.19832328
very cool we have a lot in common,Thu May 14 04:17:25 PDT 2009,kesjam,2,NO_QUERY,0.044741716,0.15580069
flying back to san diego from seattle great meetings and great time on john k s boat bainbridge island is beautiful,Sun May 03 06:34:30 PDT 2009,agakman,2,NO_QUERY,0.039368395,0.13062866
huge good luck to the other authors with books releasing tomorrow oddly enough i actually mean that,Mon Jun 01 19:00:33 PDT 2009,alyssa_day,2,NO_QUERY,0.03704729,0.20260336
hello fellow coffee hater how are you,Sun May 03 08:15:53 PDT 2009,_Alectrona_,2,NO_QUERY,0.09188599,0.14340433
no problem d,Wed Jun 03 04:05:51 PDT 2009,EviLovesMcFly,2,NO_QUERY,0.060847078,0.17390415
excited over my st invite to a frens wed,Tue Jun 16 03:01:02 PDT 2009,WeiWay,2,NO_QUERY,0.051432423,0.21657456
i cant see you in your picture,Thu Jun 18 19:57:43 PDT 2009,ashnash,0,NO_QUERY,0.07436852,0.10348326
didnt make it to facebook before bones,Sun Jun 07 02:30:56 PDT 2009,BSnapZ,0,NO_QUERY,0.04182599,0.11909652
oh hes too cute love the ears,Thu Jun 04 13:00:07 PDT 2009,Jenty,2,NO_QUERY,0.08122402,0.19669992
wow twilight is a trending topic how good is that,Sun Jun 07 06:15:20 PDT 2009,MaanElizabeth,2,NO_QUERY,0.03253475,0.13575841
im so sorry that is heartbreaking i can relate,Thu Jun 18 18:44:57 PDT 2009,Shelley_Rae,0,NO_QUERY,0.04568623,0.13923267
for who is quotliving life out loudquot,Mon Jun 01 21:57:53 PDT 2009,RabbiShaiSpecht,2,NO_QUERY,0.09812776,0.34608227
drss appt got a horrible fever blister after converting to a nigger in cancun,Mon Jun 15 06:50:50 PDT 2009,KelseyGavit,0,NO_QUERY,0.04807678,0.11701287
my mum made me tea but she hid it behind a book and i didnt see it and now its cold,Sun May 31 15:10:20 PDT 2009,beingnobody,0,NO_QUERY,0.05402427,0.107126735
listening to armagoddamnmotherfuckingeddon from marilyn mansons new album quotthe high end of lowquot get it now,Mon Jun 15 23:58:33 PDT 2009,LukeHodgerson,2,NO_QUERY,0.0845709,0.18539141
great its friday,Fri May 22 01:50:56 PDT 2009,hollycoki,2,NO_QUERY,0.03467443,0.13325648
ooooh did they theyre awesome,Sun May 31 03:44:56 PDT 2009,honningmelon,2,NO_QUERY,0.044591866,0.19335198
its raning really bad,Fri May 29 12:49:33 PDT 2009,thedonkeyspot,0,NO_QUERY,0.06793461,0.13254659
just got in from a long lunch and doggie walk around a lake so nice to just be with special people and your pets,Thu May 14 08:08:42 PDT 2009,CcCatastrophe,2,NO_QUERY,0.048275582,0.14440653
she didnt make the challenge,Fri May 29 10:06:38 PDT 2009,posttheist,0,NO_QUERY,0.05440876,0.10824591
made my day as always,Mon Jun 01 02:44:20 PDT 2009,kylahortaleza,2,NO_QUERY,0.070779726,0.3631661
i miss him soooo much not gonna see him for months,Fri May 29 17:26:51 PDT 2009,Taelahf,0,NO_QUERY,0.052910816,0.120854236
sweet new episode of cagcast thnx cheapy,Mon Apr 06 22:53:23 PDT 2009,prasannathani,2,NO_QUERY,0.027273685,0.10334636
is upset that nadal is out of the french open,Sun May 31 12:43:36 PDT 2009,Cristi_v,0,NO_QUERY,0.056504898,0.15151249
you now have os to choose from check your email,Mon May 11 22:08:27 PDT 2009,donnied4me,2,NO_QUERY,0.065633446,0.15069509
happy birtheday to your dad,Thu May 14 04:47:46 PDT 2009,Riki_Merav,2,NO_QUERY,0.044290945,0.12774251
the video of you singing mercy on me during cr was amazing,Sun May 31 00:06:12 PDT 2009,jonaslovato,2,NO_QUERY,0.06735248,0.18901949
funny night with lais love her more,Sat May 30 22:31:37 PDT 2009,courtney_bloch,2,NO_QUERY,0.06634803,0.21180937
supertack fr lnken evernoted,Thu May 14 04:57:42 PDT 2009,skathi,2,NO_QUERY,0.08855959,0.32341123
no today is just a shitty day and no sun,Sun Jun 07 15:56:32 PDT 2009,stimi,0,NO_QUERY,0.07728793,0.16133982
hey rove can you mention me on the show just please say dylan johnston says hi from twitter thanks if you do,Sun May 31 04:12:30 PDT 2009,Poifora,2,NO_QUERY,0.058170944,0.10844733
watching walle,Wed Jun 03 08:59:58 PDT 2009,lelypsc,2,NO_QUERY,0.06721566,0.16399972
heartbroken pt got money and went back to goodwill and it was gone,Tue Jun 02 13:51:36 PDT 2009,shelbyrude,0,NO_QUERY,0.09881641,0.20608407
finally tweeting using tweetdeck,Mon Jun 15 01:24:58 PDT 2009,voguechic,2,NO_QUERY,0.07392951,0.10873443
working the wheather is terribly humid and i have a headache i had to turn off the lights,Fri May 22 06:06:01 PDT 2009,margotlorena,0,NO_QUERY,0.07598718,0.11790496
yay its my bday tomorroww d wooo so excited,Sun May 17 04:16:14 PDT 2009,shezbabee,2,NO_QUERY,0.038136184,0.17316389
whens the next time the tigers play i lost my schedule,Mon Jun 15 21:16:13 PDT 2009,Every1LuvzAngie,0,NO_QUERY,0.06300047,0.1318017
watching slaughtered im scared,Sat Apr 18 22:31:10 PDT 2009,Jalin_Gordon,0,NO_QUERY,0.09612935,0.2230755
cant wait to see you rockness should be amazing,Sat May 02 10:03:08 PDT 2009,AlanG123,2,NO_QUERY,0.042549655,0.106809944
woot,Sun May 10 01:12:09 PDT 2009,merakicore,2,NO_QUERY,0.05721704,0.3801463
eating icecream,Sun Jun 07 07:17:40 PDT 2009,sweetmetalhead,2,NO_QUERY,0.07881703,0.18185303
thats so crappy,Sat Jun 20 09:09:22 PDT 2009,czufelt,0,NO_QUERY,0.063880146,0.15835355
home sick cant teach today,Sat May 30 07:09:47 PDT 2009,NVandal,0,NO_QUERY,0.0593301,0.10096236
i cant wait until our little shopping trip,Sun May 31 16:26:02 PDT 2009,meaganjulie,2,NO_QUERY,0.048482567,0.17905825
my chocolate is frozen,Mon Jun 01 23:39:01 PDT 2009,vietdoll,0,NO_QUERY,0.07872368,0.47594672
hi lor the point is to talk or share weird or interesting things it could be about you or others also to stay in contact with friends,Sat May 30 07:01:08 PDT 2009,IBSacres,2,NO_QUERY,0.06556866,0.17831548
sunny sundays are the best,Sun May 31 10:27:50 PDT 2009,TracyAnne123,2,NO_QUERY,0.045204554,0.16725929
back from the moose game yay shhh damn the red wings lost,Tue Jun 02 20:52:44 PDT 2009,vanillajayne,0,NO_QUERY,0.094925225,0.2404271
so are you your art is phenomenal as well it is an honor that you wanted me to do your precious emily,Tue Jun 16 06:18:33 PDT 2009,callmaggie,2,NO_QUERY,0.059551094,0.19777389
really crappy week i dont wanna say goodbye,Fri Jun 19 17:22:29 PDT 2009,delanarae,0,NO_QUERY,0.049365945,0.17669511
get followers a day using once you add everyone you are on the train or pay vip,Mon Jun 15 14:14:57 PDT 2009,tweeteradder18,2,NO_QUERY,0.043460153,0.10570659
gooood morning,Mon Apr 20 05:14:16 PDT 2009,chaoticdream,2,NO_QUERY,0.04643251,0.19505794
i cant figure out how to get to the chat,Sat Jun 06 11:22:13 PDT 2009,DisneyLover0,0,NO_QUERY,0.060591698,0.1052102
two thumbs up stifle,Mon Jun 01 05:30:17 PDT 2009,Frank_Lambert,2,NO_QUERY,0.09814813,0.32265553
had so much fun with my band its so cool,Mon Jun 01 08:02:42 PDT 2009,A_wiEberS,2,NO_QUERY,0.03178052,0.15173185
going to a graduation makes me sad idk why lol and it feels like just a couple of months ago,Sat Jun 06 17:35:24 PDT 2009,Aztecbeast,0,NO_QUERY,0.06279436,0.13417943
achoooo bless you xo,Sat May 02 00:30:47 PDT 2009,xxlindi,2,NO_QUERY,0.056527134,0.21367729
oooooo nice reminder about the farmers market amazing local produce here i come,Sat May 02 08:23:20 PDT 2009,MoCheeks,2,NO_QUERY,0.03250963,0.17540222
ugh not i i wish i did,Fri May 01 23:51:23 PDT 2009,QueenOfKnights,0,NO_QUERY,0.0986483,0.10763588
done with sunday school had a lot of fun,Sun May 03 09:11:54 PDT 2009,kristinlynna,2,NO_QUERY,0.051270258,0.25475
gnight,Sun May 31 14:47:18 PDT 2009,marvlove,2,NO_QUERY,0.07767607,0.455468
is completely in love with her australian princejacob,Sat May 16 19:39:01 PDT 2009,lovestosing09,2,NO_QUERY,0.06251405,0.22336788
going to breezy for diannas birthday celebrations,Fri May 29 18:21:50 PDT 2009,chelsdwyer,2,NO_QUERY,0.040861607,0.15186296
achievement grabbing on banjo amp kazooie nuts and bolts so far so good,Mon Jun 15 14:06:50 PDT 2009,DavidMee94,2,NO_QUERY,0.03743723,0.12624204
miles later and i finally got to my destination i love oceanside,Fri May 01 23:00:35 PDT 2009,jjuarez1982,2,NO_QUERY,0.05046238,0.20137395
i really have to take some meds to sleep i am so fuckin tired,Wed Jun 03 01:11:03 PDT 2009,eliseisnottaken,0,NO_QUERY,0.080501676,0.1442138
aww all time lows concert is today so depresssed in hr and a half starts at pm cryin,Fri Jun 05 18:09:14 PDT 2009,MAGGIECHICKEN,0,NO_QUERY,0.095027894,0.21977068
thanks chris that means a lot,Mon Jun 15 18:42:04 PDT 2009,hersheysweet,2,NO_QUERY,0.039746884,0.1737436
working on the new logo and watchin tv on the new quot,Sun May 17 18:44:30 PDT 2009,rob_45degrees,2,NO_QUERY,0.059172984,0.16618076
is bugged to death,Wed Jun 03 03:53:26 PDT 2009,ArchithV,0,NO_QUERY,0.08822754,0.13601921
back at homes hmm i rly am going to miss my boo for days like wtf,Fri May 29 12:39:22 PDT 2009,Qstarrr,0,NO_QUERY,0.05073515,0.18951023
ive lost so much already and just when i become happy again i lose a whole lot more my family is being torn apart,Thu Jun 25 03:05:29 PDT 2009,koala94,0,NO_QUERY,0.09297314,0.208279
ouch im sorry buddy,Fri May 22 08:35:05 PDT 2009,caseydukes,0,NO_QUERY,0.03729352,0.112640716
pmsl thats so funny youre such a nut,Sat May 30 03:31:48 PDT 2009,CateP36,2,NO_QUERY,0.07404768,0.21008646
get followers a day using once you add everyone you are on the train or pay vip,Mon Jun 15 15:38:35 PDT 2009,tweeteradder13,2,NO_QUERY,0.043460153,0.10570659
mmm dairy queen,Sat May 30 18:34:33 PDT 2009,Chelsea_Reilly1,2,NO_QUERY,0.09432739,0.34430414
today ive got some sad news about people i like,Mon Jun 22 12:10:20 PDT 2009,Jnalima,0,NO_QUERY,0.07540873,0.17154577
heard it was ur bdayso happy birthday billy,Mon Jun 15 09:50:11 PDT 2009,TreylinRae,2,NO_QUERY,0.045241926,0.15568197
ouch,Sat May 30 22:12:57 PDT 2009,toxicxfemme,0,NO_QUERY,0.037419863,0.1605902
omg thats awesome goood luck u can meet caaute calgary boys buying themselves clothes and tell them all about me lol,Mon Jun 15 09:48:18 PDT 2009,nairyd,2,NO_QUERY,0.060604118,0.16612335
no orange phone since swapping to the iphone,Mon May 18 07:10:35 PDT 2009,lucykjohnstone,0,NO_QUERY,0.088279806,0.3399378
its so sad to see just an empty square where you once were,Mon Jun 01 17:08:05 PDT 2009,candita,0,NO_QUERY,0.040339824,0.10860331
at home watching tv,Sun May 31 06:09:34 PDT 2009,marisa_14,2,NO_QUERY,0.08124914,0.17563002
i am so excited for next tuesday,Sun Jun 07 16:58:41 PDT 2009,jessicajonassss,2,NO_QUERY,0.040953584,0.12023646
have an awesome time today of ur party sorry i cant make it,Sat Jun 20 17:23:32 PDT 2009,VaLentin7,0,NO_QUERY,0.09919743,0.19526452
im so sorry for your loss xoxo,Thu Jun 25 10:21:56 PDT 2009,McShellyShell,0,NO_QUERY,0.06662957,0.17492904
win some jijikiki jewellery here,Sun May 03 04:53:15 PDT 2009,paranoia_suxx,2,NO_QUERY,0.062423866,0.14293978
the sing store wont work,Fri May 29 14:53:37 PDT 2009,DanCoughlan,0,NO_QUERY,0.0730293,0.11738736
check out my personal art sitefairy tale creatures and more thnx,Sat Jun 06 22:29:11 PDT 2009,BiffyBeebe,2,NO_QUERY,0.06554427,0.12553321
says nobody is here,Thu Jun 04 09:47:04 PDT 2009,rifkyindra,0,NO_QUERY,0.07198893,0.24422705
watching bride wars,Sun May 31 17:22:07 PDT 2009,lizziiee,2,NO_QUERY,0.032907024,0.1268657
going to write a new blog,Sun May 31 03:16:40 PDT 2009,purpulish03,2,NO_QUERY,0.082746655,0.12412752
might not be showin at all,Sat Apr 18 15:03:35 PDT 2009,DMcDade7,0,NO_QUERY,0.09565411,0.5203208
yeah phone was dead,Sun Jun 07 11:46:54 PDT 2009,ericadiaz,0,NO_QUERY,0.061319176,0.1267429
hi miss lady gaga im one of your fan here in the philippines more powers and keep rocking our world,Sat Jun 06 00:59:46 PDT 2009,iamdarwin,2,NO_QUERY,0.05162289,0.18818282
cha for tea with the family,Sun May 31 16:45:54 PDT 2009,huehefnerjk,2,NO_QUERY,0.056200616,0.124039
hi ate anica,Mon May 18 07:22:09 PDT 2009,KG_05_21,2,NO_QUERY,0.054167163,0.17829439
doesnt feel better about things and whats some me time with loud music but cant have it,Thu May 14 01:05:19 PDT 2009,kirstystill,0,NO_QUERY,0.093727484,0.2556106
cant wait for the lakers game also the mtv movie awards and the hills finale xoxoxoxo,Sat May 30 21:55:43 PDT 2009,fa_jen2004,2,NO_QUERY,0.055610094,0.22150454
aww im sorry i voted for u yesterday i dropped your guitar pic u sent me it fell down my balconey i cant find it,Sat May 02 00:30:57 PDT 2009,love2live10101,0,NO_QUERY,0.055801086,0.10194273
just read ur tweet about marie digby i like her music too especially quotstupid for youquot,Tue Jun 16 07:37:14 PDT 2009,kat_ap,2,NO_QUERY,0.055902053,0.23525721
netprophet people please take a break from speaking about springleapcom and focus on the conference sheesh,Thu May 14 00:51:37 PDT 2009,EranEyal,2,NO_QUERY,0.061766125,0.19899428
about to watch hangover should be funny,Sat Jun 06 18:37:51 PDT 2009,RenatoDFelix,2,NO_QUERY,0.0796708,0.14730382
njoying vanilla coffee and being happy again,Mon Apr 20 00:32:46 PDT 2009,Lily_Heartcore,2,NO_QUERY,0.07929542,0.16818535
i love ugly betty ajajajaja the original serie was quotbetty la feaquot from colombiait was awesome gampg miley,Tue May 26 22:45:09 PDT 2009,marufumega,2,NO_QUERY,0.09470694,0.3287383
have a good luck guys that cd going to be awsome,Sun Jun 07 04:04:35 PDT 2009,McSapirFly,2,NO_QUERY,0.043070458,0.16651061
we stopped by your shop on saturday so fun amp great coffee thumbs way up from omaha,Mon May 18 07:20:10 PDT 2009,stephmontes,2,NO_QUERY,0.030582396,0.13557865
ooooooo that sounds sneaky,Sun Jun 07 13:25:30 PDT 2009,mattdavey2,2,NO_QUERY,0.07641623,0.40512735
lol silly,Sun May 03 23:17:34 PDT 2009,MDot412,2,NO_QUERY,0.06425628,0.3093875
today is a good day,Sat May 30 12:12:53 PDT 2009,erroneous,2,NO_QUERY,0.036329076,0.120649874
i am lost please help me find a good home,Tue Jun 02 13:50:13 PDT 2009,lost_dog,0,NO_QUERY,0.06377038,0.17487693
just watching labyrinth love bowie,Mon Jun 01 10:56:31 PDT 2009,KittyBoo81,2,NO_QUERY,0.05530934,0.1491316
im trying to figure out how to post music but i cant figure it out,Sun Jun 07 12:31:19 PDT 2009,whisperer87,0,NO_QUERY,0.059135403,0.114337906
loves the princess bride,Sat May 16 21:19:58 PDT 2009,Rbelfior,2,NO_QUERY,0.045547258,0.1424288
bummed that i missed the wedding with the gang down the shore,Sun May 31 19:35:18 PDT 2009,holdentheworld,0,NO_QUERY,0.077338085,0.26559123
all soree,Tue Jun 16 10:40:54 PDT 2009,zoeysummer,0,NO_QUERY,0.086907126,0.40886533
so exhausted from the long day but still up doing laundry and then i have to pack i miss him already this is gonna be a long days,Fri Jun 05 21:06:13 PDT 2009,memexoxo,0,NO_QUERY,0.09547303,0.16128507
i just joined twitter,Mon Jun 15 00:10:25 PDT 2009,jzzldzzl,2,NO_QUERY,0.03651322,0.16183054
sad that cory isnt going to the movie greg tricked me haha jk,Sun May 31 08:51:03 PDT 2009,aschneider89,0,NO_QUERY,0.08590994,0.18173102
oh my lastfm has been knocked offline,Sun May 31 15:16:43 PDT 2009,onyxtic,0,NO_QUERY,0.077873036,0.14348708
aww todays my cousins th grade graduation amp me amp broder are going to miss it,Wed Jun 17 06:45:52 PDT 2009,melissaheyy,0,NO_QUERY,0.07956658,0.21883991
had my phone stolen hope to have the number replaced asap pretty upset about it now,Fri Jun 19 10:45:41 PDT 2009,namallanka,0,NO_QUERY,0.051045973,0.14864635
i had planned to do college work today but ive done none,Sun May 03 09:15:22 PDT 2009,dannisaywhat,0,NO_QUERY,0.06138348,0.17408986
at the mooviesmall with eddie and bryannn,Mon Jun 01 17:19:51 PDT 2009,kitcathy,2,NO_QUERY,0.050893143,0.16715549
unfortunately not,Fri Jun 19 01:14:32 PDT 2009,cjbeatz,0,NO_QUERY,0.09452483,0.28223044
lolololthe age thing starts to get into your mind it happens good morning jessie have a nice coffee ull be fine,Tue Jun 16 06:18:44 PDT 2009,Ales_Alessandra,2,NO_QUERY,0.07388947,0.16745624
cant sleep knowing his baby is stuck where he is,Sun May 17 00:35:10 PDT 2009,JoshieLuke,0,NO_QUERY,0.07179582,0.15775222
ps they are some happy poems to,Sun Jun 07 00:53:38 PDT 2009,chrace21,2,NO_QUERY,0.049576342,0.263379
just printed my mom an amazon gift card for happy mothers day talk about last minute,Sun May 10 03:12:48 PDT 2009,jamesbankso,2,NO_QUERY,0.03804957,0.11849405
re doing my room daneil craig is the feature for this month followed by zac efron then the jonas bros good month,Mon Jun 01 05:28:12 PDT 2009,teagi_weegi,2,NO_QUERY,0.023324955,0.11770269
oh im so sorrymy kitty is there right now being checkedlosing lots of weight over last wks not good,Fri May 29 14:43:26 PDT 2009,dnajd,0,NO_QUERY,0.09809106,0.13598058
you should also come to and check out some wizard rock,Sat May 30 17:18:18 PDT 2009,Starlysh,2,NO_QUERY,0.0722928,0.1158542
church expecting great things wow god is good then disneyland with my mom its her birthday today,Sun Apr 19 08:55:08 PDT 2009,LaurenMagnani,2,NO_QUERY,0.035871517,0.11867474
is going out to buy pad thai ingredients,Mon Jun 01 18:46:28 PDT 2009,urieldavid,2,NO_QUERY,0.08580505,0.12878855
uhoh indeed well enjoy,Fri Jun 05 19:58:59 PDT 2009,TizBanana,2,NO_QUERY,0.055986807,0.15768167
blahhh its so crappy outside,Tue Jun 16 13:58:18 PDT 2009,melissax5,0,NO_QUERY,0.06959565,0.20026813
a sobering thoughtlets turn the trend around,Sun Apr 19 10:05:24 PDT 2009,jamesjdd,2,NO_QUERY,0.07261631,0.34089494
ha take it up with he won he even found the page on the site with the list someone should tell that site,Tue Jun 16 04:37:59 PDT 2009,anthonyshort,2,NO_QUERY,0.0911879,0.21706277
on youtube trying to find some good videos to see,Thu May 28 21:04:17 PDT 2009,andrearngl,2,NO_QUERY,0.042883627,0.10961133
manchester the city of dreams,Wed Jun 03 07:15:27 PDT 2009,towen5,2,NO_QUERY,0.06970202,0.391047
mmmmm big ears unite,Fri May 22 05:00:25 PDT 2009,vancakes,2,NO_QUERY,0.04884269,0.24774146
you have short hair now i love short hair,Sun Jun 07 08:20:38 PDT 2009,karriflatla,2,NO_QUERY,0.05575348,0.17095728
here it is raining,Thu May 28 20:47:37 PDT 2009,gullevek,0,NO_QUERY,0.098632716,0.18223318
i really dont want to go to the gym today,Fri Jun 19 04:41:47 PDT 2009,Margotdarling,0,NO_QUERY,0.05037547,0.13521983
now im going to cook something to my family i really love cooking and baking they calm me down and after cooking or baking im happy,Sat Jun 06 04:59:07 PDT 2009,demieduerre,2,NO_QUERY,0.03722043,0.18339656
yep its free xboxe,Mon Jun 01 11:08:44 PDT 2009,gabry89,2,NO_QUERY,0.054681942,0.16331698
